name,domain,linkedin_url,industry,type,size,followers,founded_year,hq_city,hq_state,hq_country,website
FFT Produktionssysteme,fft.de,https://www.linkedin.com/company/fft-germany,Industrial Automation,Privately Held,1001-5000,17400,1974,Fulda,Hessen,Germany,https://www.fft.de
Weinig Group,weinig.com,https://www.linkedin.com/company/weinig-ag,Machinery Manufacturing,Public Company,1001-5000,17372,-,Tauberbischofsheim,-,Germany,https://www.weinig.com
Hoshizaki America,hoshizakiamerica.com,https://www.linkedin.com/company/hoshizaki-america,Industrial Machinery Manufacturing,Privately Held,501-1000,17263,1981,Peachtree City,Georgia,United States,https://www.hoshizakiamerica.com
Vossloh Rail Services,vossloh.com,https://www.linkedin.com/company/vosslohrailservices,Machinery Manufacturing,Public Company,501-1000,17141,1947,Hamburg,Hh,Germany,https://www.vossloh.com/en
E Tech Group,etechgroup.com,https://www.linkedin.com/company/etechgroup,Automation Machinery Manufacturing,Privately Held,501-1000,17182,-,West Chester,Ohio,United States,https://www.etechgroup.com
Lmt Tools,lmt-tools.com,https://www.linkedin.com/company/lmttools,Industrial Machinery Manufacturing,Privately Held,1001-5000,16941,1908,Lahr,-,Germany,https://www.lmt-tools.com
A-SAFE GROUP,hubs.ly,https://www.linkedin.com/company/a-safe,Industrial Machinery Manufacturing,Privately Held,501-1000,16917,-,Elland,-,United Kingdom,https://eu1.hubs.ly/h0tsktk0
Grenzebach Group,grenzebach.com,https://www.linkedin.com/company/grenzebach-group,Industrial Machinery Manufacturing,Privately Held,1001-5000,16864,1960,Asbach-bäumenheim,-,Germany,https://www.grenzebach.com
Dwyer Instruments,dwyer-inst.com,https://www.linkedin.com/company/dwyer-instruments,Automation Machinery Manufacturing,Privately Held,501-1000,16680,1931,Michigan City,Indiana,United States,https://www.dwyer-inst.com
British Engineering Services Group,besgroup.com,https://www.linkedin.com/company/bes-group,Industrial Machinery Manufacturing,Privately Held,1001-5000,16563,-,Warrington,Cheshire,United Kingdom,https://www.besgroup.com
Coroplast Group,coroplast-group.com,https://www.linkedin.com/company/coroplast-fritz-m%c3%bcller-gmbh-&-co--kg,Automation Machinery Manufacturing,Privately Held,5001-10000,16546,1928,Wuppertal,-,Germany,https://www.coroplast-group.com/de
BS&B Safety Systems,bsbsystems.com,https://www.linkedin.com/company/bs&b-safety-systems,Industrial Machinery Manufacturing,Privately Held,501-1000,16517,-,Tulsa,Oklahoma,United States,https://www.bsbsystems.com
Handtmann Processing,handtmann.com,https://www.linkedin.com/company/handtmannmf,Machinery Manufacturing,Partnership,501-1000,16515,1954,Biberach,Baden-Wurttemberg,Germany,https://www.global.processing.handtmann.com
Manroland Sheetfed,manrolandsheetfed.com,https://www.linkedin.com/company/manroland,Industrial Machinery Manufacturing,Privately Held,1001-5000,16496,1871,Offenbach,-,Germany,https://www.manrolandsheetfed.com
Krause Automation,thyssenkrupp-automation-engineering.com,https://www.linkedin.com/company/krause-automation,Automation Machinery Manufacturing,Public Company,501-1000,16435,1950,Munich,-,Germany,https://krause-automation.com
Cook Compression,cookcompression.com,https://www.linkedin.com/company/cook-compression,Machinery Manufacturing,Public Company,501-1000,16443,1888,The Woodlands,Texas,United States,https://www.cookcompression.com
Hobart GmbH,hobart.de,https://www.linkedin.com/company/hobart-gmbh,Machinery Manufacturing,Self-Owned,1001-5000,16307,1930,Offenburg,Baden-Wurttemberg,Germany,https://www.hobart.de
Puffer-Sweiven,puffer.com,https://www.linkedin.com/company/puffer-sweiven,Automation Machinery Manufacturing,Privately Held,501-1000,16176,1945,Stafford,Texas,United States,https://www.puffer.com
Ebro Armaturen,ebro-armaturen.com,https://www.linkedin.com/company/ebro-armaturen,Industrial Machinery Manufacturing,Privately Held,1001-5000,16059,1972,Hagen,-,Germany,https://www.ebro-armaturen.com
Eisenmann Inc.,eisenmann.com,https://www.linkedin.com/company/eisenmann-inc,Industrial Machinery Manufacturing,Privately Held,501-1000,16049,-,Greenville,South Carolina,United States,https://www.eisenmann.com
Brock Solutions,brocksolutions.com,https://www.linkedin.com/company/brock-solutions,Automation Machinery Manufacturing,Privately Held,501-1000,16037,1992,Kitchener,Ontario,Canada,https://www.brocksolutions.com
Messer Cutting Systems,messer-cutting.com,https://www.linkedin.com/company/messer-cutting-systems,Machinery Manufacturing,Privately Held,501-1000,15829,1898,Menomonee Falls,Wisconsin,United States,https://www.messer-cutting.com
Gebhardt Intralogistics Group,gebhardt-group.com,https://www.linkedin.com/company/gebhardt-group,Automation Machinery Manufacturing,Public Company,1001-5000,15681,1952,Sinsheim,-,Germany,https://gebhardt-group.com
weisstechnik,weiss-technik.com,https://www.linkedin.com/company/weisstechnik-international,Industrial Machinery Manufacturing,Privately Held,1001-5000,15671,-,Reiskirchen,-,Germany,https://www.weiss-technik.com
Boldrocchi Group,boldrocchigroup.com,https://www.linkedin.com/company/boldrocchi,Industrial Machinery Manufacturing,Privately Held,501-1000,15599,1909,Biassono,Manitoba,Canada,https://www.boldrocchigroup.com
Andritz Nonwoven And Textile,andritz.com,https://www.linkedin.com/company/andritz-nonwoven-and-textile,Machinery Manufacturing,Public Company,10001+,15490,-,Krefeld,-,Germany,https://www.andritz.com/nonwoven-textile-en
Brammer Group,rubix-group.com,https://www.linkedin.com/company/brammer-group,Industrial Machinery Manufacturing,Privately Held,1001-5000,15245,1920,Knutsford,Cheshire,United Kingdom,https://www.rubix-group.com
"Aerotech, Inc.",aerotech.com,https://www.linkedin.com/company/aerotech-inc-,Automation Machinery Manufacturing,Privately Held,501-1000,15129,1970,Pittsburgh,Pennsylvania,United States,https://www.aerotech.com
DeZURIK,dezurik.com,https://www.linkedin.com/company/dezurik,Industrial Machinery Manufacturing,Privately Held,501-1000,14813,1928,Sartell,Minnesota,United States,https://www.dezurik.com
Reflex Winkelmann,reflex-winkelmann.com,https://www.linkedin.com/company/reflex-winkelmann-gmbh,Machinery Manufacturing,Public Company,1001-5000,14717,1972,Ahlen,-,Germany,https://www.reflex-winkelmann.com
Tigercat Industries,tigercat.com,https://www.linkedin.com/company/tigercat-tci,Machinery Manufacturing,Privately Held,501-1000,14702,-,Brantford,Ontario,Canada,https://www.tigercat.com
Stahl Cranesystems Gmbh,cmco.com,https://www.linkedin.com/company/stahl-cranesystems,Machinery Manufacturing,Public Company,501-1000,14702,1876,Kunzelsau,Baden-Wurttemberg,Germany,https://www.cmco.com/en-de/our-brands/stahlcranes
Hako,hako.com,https://www.linkedin.com/company/hakogmbh,Machinery Manufacturing,Public Company,1001-5000,14637,1948,Bad Oldesloe,Schleswig-Holstein,Germany,https://www.hako.com
XNRGY Climate Systems,xnrgy.com,https://www.linkedin.com/company/xnrgy-climate-systems,Industrial Machinery Manufacturing,Privately Held,501-1000,14624,2019,Mesa,Arizona,United States,https://xnrgy.com
Nationwide Platforms,nationwideplatforms.co.uk,https://www.linkedin.com/company/nationwide-platforms,Machinery Manufacturing,Public Company,1001-5000,14491,-,Lutterworth,Leicestershire,United Kingdom,https://www.nationwideplatforms.co.uk
Wilson Tool International,wilsontool.com,https://www.linkedin.com/company/wilson-tool-international,Machinery Manufacturing,Privately Held,501-1000,14468,1966,White Bear Lake,Minnesota,United States,https://www.wilsontool.com
Robbins,robbinstbm.com,https://www.linkedin.com/company/the-robbins-company,Machinery Manufacturing,Privately Held,501-1000,14438,1952,Solon,Ohio,United States,https://www.robbinstbm.com
Skf Lubrication,jsgindustrial.com,https://www.linkedin.com/company/skf-lubrication,Industrial Machinery Manufacturing,Public Company,1001-5000,14272,1907,Berlin,-,Germany,https://www.skf.com/us/products/lubrication-management
Ktr Systems Gmbh,ktr.com,https://www.linkedin.com/company/ktr-group-worldwide,Industrial Machinery Manufacturing,Privately Held,1001-5000,14178,1959,Rheine,-,Germany,https://www.ktr.com
Hobart Filler Metals,hobartbrothers.com,https://www.linkedin.com/company/hobartfillermetals,Industrial Machinery Manufacturing,Public Company,501-1000,14061,-,Troy,Ohio,United States,https://www.hobartbrothers.com
Heavy Metal Equipment & Rentals,heavymetalequipment.ca,https://www.linkedin.com/company/heavy-metal-equipment-&-rentals,Machinery Manufacturing,Public Company,501-1000,13997,2009,Camrose,Alberta,Canada,https://www.heavymetalequipment.ca
Dillinger,dillinger.de,https://www.linkedin.com/company/dillinger-h-tte,Fabricated Metal Products,Public Company,5001-10000,13972,1685,-,-,Germany,https://www.dillinger.de/impressum
FAULHABER Drive Systems,faulhaber.com,https://www.linkedin.com/company/faulhaber-drive-systems,Engines and Power Transmission Equipment Manufacturing,Privately Held,1001-5000,13927,1947,Schönaich,-,Germany,https://www.faulhaber.com
Nash,nashpumps.com,https://www.linkedin.com/company/nashpumps,Machinery Manufacturing,Public Company,501-1000,13917,1905,Charleroi,Pennsylvania,United States,https://www.nashpumps.com
"R.A Jones, a Coesia company",rajones.com,https://www.linkedin.com/company/ra-jones,Machinery Manufacturing,Privately Held,501-1000,14012,1905,Covington,Kentucky,United States,https://www.rajones.com
LHY,lhy.com,https://www.linkedin.com/company/lhy-powertrain,Machinery Manufacturing,Privately Held,1001-5000,13702,1904,Aschaffenburg,-,Germany,https://www.lhy.com
Brooks Instrument,brooksinstrument.com,https://www.linkedin.com/company/brooks-instrument,Automation Machinery Manufacturing,Public Company,501-1000,13625,-,Hatfield,Pennsylvania,United States,https://www.brooksinstrument.com
Witzenmann Group,witzenmann.com,https://www.linkedin.com/company/witzenmann-gmbh,Fabricated Metal Products,Privately Held,1001-5000,13538,-,Pforzheim,Baden-Wurttemberg,Germany,https://www.witzenmann.com
Blanchard Machinery,blanchardmachinery.com,https://www.linkedin.com/company/blanchard-machinery,Machinery Manufacturing,Privately Held,501-1000,13554,1982,West Columbia,South Carolina,United States,https://www.blanchardmachinery.com
Viastore Group,viastore.com,https://www.linkedin.com/company/viastoregroup,Industrial Machinery Manufacturing,Privately Held,501-1000,13329,-,Stuttgart,-,Germany,https://www.viastore.com
USNR,usnr.com,https://www.linkedin.com/company/usnr,Machinery Manufacturing,Privately Held,501-1000,13187,-,Woodland,Washington,United States,https://www.usnr.com
Merrill Steel,merrillsteel.com,https://www.linkedin.com/company/merrill-iron-&-steel-inc-,Fabricated Metal Products,Privately Held,501-1000,13145,1962,Schofield,Wisconsin,United States,https://www.merrillsteel.com
Bw Integrated Systems,bwintegratedsystems.com,https://www.linkedin.com/company/bwintegratedsystems,Machinery Manufacturing,Privately Held,501-1000,13139,-,Romeoville,Illinois,United States,https://www.bwintegratedsystems.com
Global Power Components,globalpowercomponents.com,https://www.linkedin.com/company/globalpowercomponents,Industrial Machinery Manufacturing,Privately Held,501-1000,13132,1996,Milwaukee,Wisconsin,United States,https://www.globalpowercomponents.com
SAGE Group,gotosage.com,https://www.linkedin.com/company/sage-group-of-companies,Industrial Automation,Privately Held,501-1000,13072,-,Adelaide,-,Australia,https://www.gotosage.com
WENZEL Group GmbH & Co. KG,wenzel-group.com,https://www.linkedin.com/company/wenzel-group,Machinery Manufacturing,Public Company,501-1000,13057,1968,Wiesthal,-,Germany,https://www.wenzel-group.com
Hayley Group Limited,hayley-group.co.uk,https://www.linkedin.com/company/hayley-group,Industrial Machinery Manufacturing,Privately Held,1001-5000,13031,1976,Halesowen,-,United Kingdom,https://www.hayley-group.co.uk
SW - Schwäbische Werkzeugmaschinen,sw-machines.com,https://www.linkedin.com/company/swmachines,Machinery Manufacturing,Privately Held,1001-5000,13015,1995,Schramberg,Waldmossingen,Germany,https://sw-machines.com/impressum
HAIMER USA,haimer.com,https://www.linkedin.com/company/haimer-usa,Machinery Manufacturing,Privately Held,501-1000,12942,-,Villa Park,Illinois,United States,https://www.haimer.com/us
BUNDY REFRIGERATION,bundyrefrigeration.com,https://www.linkedin.com/company/bundy-refrigeration,Machinery Manufacturing,Privately Held,1001-5000,12933,-,Glasgow,-,United Kingdom,https://www.bundyrefrigeration.com
Buhler Industries Inc,buhlerindustries.com,https://www.linkedin.com/company/buhler-industries-inc-,Machinery Manufacturing,Public Company,501-1000,12929,1932,Winnipeg,Manitoba,Canada,https://www.buhlerindustries.com
Freo Group Pty Ltd,freogroup.com.au,https://www.linkedin.com/company/freo-group-limited,Machinery Manufacturing,Privately Held,1001-5000,12902,1974,Hope Valley,-,Australia,https://www.freogroup.com.au
Gonzalez,gonzalez-group.com,https://www.linkedin.com/company/gonzalez-group,Automation Machinery Manufacturing,Privately Held,501-1000,12755,1975,Pontiac,Michigan,United States,https://www.gonzalez-group.com
Twin Disc,twindisc.com,https://www.linkedin.com/company/twin-disc,Machinery Manufacturing,Public Company,501-1000,12728,1918,Milwaukee,Wisconsin,United States,https://www.twindisc.com
Kme,kme.com,https://www.linkedin.com/company/kme,Fabricated Metal Products,Privately Held,1001-5000,12668,1873,Osnabrück,-,Germany,https://www.kme.com
Boge Compressors Ltd Uk,boge.com,https://www.linkedin.com/company/boge-compressors,Machinery Manufacturing,Privately Held,501-1000,12623,1907,Huddersfield,West Yorkshire,United Kingdom,https://www.boge.com/en-uk
Nidec Minster Corporation,minster.com,https://www.linkedin.com/company/nidec-minster,Machinery Manufacturing,Public Company,501-1000,12594,1896,Minster,Ohio,United States,https://www.minster.com
PASLIN,paslin.com,https://www.linkedin.com/company/the-paslin-company,Automation Machinery Manufacturing,Privately Held,501-1000,12500,1937,Warren,Michigan,United States,https://www.paslin.com
"Kinze Manufacturing, Inc.",kinze.com,https://www.linkedin.com/company/kinze-manufacturing-inc,Machinery Manufacturing,Privately Held,501-1000,12485,1965,Williamsburg,Iowa,United States,https://www.kinze.com
Erhardt Leimer Gmbh,erhardt-leimer.com,https://www.linkedin.com/company/erhardt-leimer-gmbh,Automation Machinery Manufacturing,Privately Held,1001-5000,12411,-,Stadtbergen,-,Germany,https://www.erhardt-leimer.com
Siemens Electrical Products Gb&i,linkedin.com,https://www.linkedin.com/company/electrical-products-ep-it-s-sentron-we-re-sirius,Electric Power Transmission; Control; and Distribution,Public Company,10001+,12398,2020,Manchester,England,United Kingdom,https://www.linkedin.com/groups/13301102
Wec Group Ltd,wec-group.com,https://www.linkedin.com/company/wec-group-ltd,Industrial Machinery Manufacturing,Privately Held,1001-5000,12356,1979,Darwen,Lancashire,United Kingdom,https://www.wec-group.com
Harting Technologiegruppe,harting.com,https://www.linkedin.com/company/harting-deutschland,Automation Machinery Manufacturing,Public Company,5001-10000,12308,-,Espelkamp,-,Germany,https://www.harting.com/de-de
Finlay,terexfinlay.com,https://www.linkedin.com/company/terex-finlay,Machinery Manufacturing,Public Company,501-1000,12237,1958,Omagh,Northern Ireland,United Kingdom,https://www.terexfinlay.com
HANSA-FLEX AG,hansa-flex.com,https://www.linkedin.com/company/hansa-flex-ag,Industrial Machinery Manufacturing,Public Company,5001-10000,12099,1962,Bremen,-,Germany,https://www.hansa-flex.com
GMH Gruppe,gmh-gruppe.de,https://www.linkedin.com/company/gmh-gruppe,Fabricated Metal Products,Privately Held,5001-10000,12089,1997,Georgsmarienhutte,Niedersachsen,Germany,https://www.gmh-gruppe.de
G&s Engineering Services,g-s.com.au,https://www.linkedin.com/company/g&s-engineering,Industrial Machinery Manufacturing,Privately Held,501-1000,11997,1995,Mackay,-,Australia,https://www.g-s.com.au
Luxfer Gas Cylinders,luxfercylinders.com,https://www.linkedin.com/company/luxfer,Industrial Machinery Manufacturing,Public Company,501-1000,11984,1897,Riverside,California,United States,https://www.luxfercylinders.com
Salford Group,salfordgroup.com,https://www.linkedin.com/company/salford-farm-machinery,Machinery Manufacturing,Privately Held,501-1000,11983,-,Salford,Ontario,Canada,https://www.salfordgroup.com
Pbst,pbst.eu,https://www.linkedin.com/company/pbst,Industrial Machinery Manufacturing,Self-Owned,501-1000,11908,-,Augsburg,Bayern,Germany,https://www.pbst.eu
Stemmann-Technik Gmbh - A Wabtec Company,stemmann.com,https://www.linkedin.com/company/stemmann-technik-gmbh,Machinery Manufacturing,Public Company,501-1000,11874,1912,Schuttorf,Niedersachsen,Germany,https://www.stemmann.com
"Maverick Technologies, A Rockwell Automation Company",mavtechglobal.com,https://www.linkedin.com/company/maverick-technologies,Industrial Automation,Privately Held,501-1000,11825,1999,Columbia,Illinois,United States,https://www.mavtechglobal.com
Wiha Werkzeuge,wiha.com,https://www.linkedin.com/company/wiha-werkzeuge,Industrial Machinery Manufacturing,Privately Held,501-1000,11718,-,-,-,Germany,https://www.wiha.com
Schenck,schenck-rotec.com,https://www.linkedin.com/company/schenck-rotec-gmbh,Machinery Manufacturing,Public Company,1001-5000,11685,-,Germany,Hessen,Germany,https://www.schenck-rotec.com/en-de
PAR Systems,par.com,https://www.linkedin.com/company/par-systems,Automation Machinery Manufacturing,Privately Held,501-1000,11654,1961,Shoreview,Minnesota,United States,https://www.par.com
Waelzholz Group,waelzholz.com,https://www.linkedin.com/company/waelzholz,Fabricated Metal Products,Public Company,1001-5000,11604,1829,Hagen,-,Germany,https://www.waelzholz.com
Rubix UKII,rubix.com,https://www.linkedin.com/company/rubix-ukii,Industrial Machinery Manufacturing,Privately Held,1001-5000,11616,-,Wolverhampton,England,United Kingdom,https://uk.rubix.com
Achenbach Buschhütten GmbH & Co. KG,achenbach.de,https://www.linkedin.com/company/achenbach-buschhuetten,Machinery Manufacturing,Partnership,501-1000,11584,1452,Kreuztal,Nordrhein-Westfalen,Germany,https://www.achenbach.de
Vag-Group,vag-group.com,https://www.linkedin.com/company/vag-group,Industrial Machinery Manufacturing,Privately Held,1001-5000,11475,1872,Mannheim,-,Germany,https://www.vag-group.com
Altex Industries Inc,altexinc.com,https://www.linkedin.com/company/altex-industries-inc,Industrial Machinery Manufacturing,Privately Held,501-1000,11474,2001,Edmonton,Alberta,Canada,https://altexinc.com
Harris Products Group,harrisproductsgroup.com,https://www.linkedin.com/company/harris_products_group,Machinery Manufacturing,Public Company,501-1000,11381,1904,Mason,Ohio,United States,https://www.harrisproductsgroup.com
Denso Robotics Europe,densorobotics-europe.com,https://www.linkedin.com/company/denso-robotics-europe,Automation Machinery Manufacturing,Public Company,10001+,11379,1949,Morfelden-Walldorf,Hessen,Germany,https://www.densorobotics-europe.com
Heye International Gmbh,heye-international.com,https://www.linkedin.com/company/heye-international-gmbh,Machinery Manufacturing,Privately Held,501-1000,11335,2003,Obernkirchen,-,Germany,https://www.heye-international.com
tk accelis Processing Europe,thyssenkrupp-materials-processing-europe.com,https://www.linkedin.com/company/thyssenkrupp-materials-processing,Fabricated Metal Products,Public Company,501-1000,11246,-,Krefeld,Nordrhein-Westfalen,Germany,https://www.thyssenkrupp-materials-processing-europe.com
tk accelis Processing Europe,-,https://www.linkedin.com/company/tkaccelis-processing-europe,Fabricated Metal Products,Public Company,501-1000,11231,-,Krefeld,Nordrhein-Westfalen,Germany,https://www.thyssenkrupp-materials-processing-europe.com
Rdo Equipment Australia,rdoequipment.com.au,https://www.linkedin.com/company/rdo-equipment-australia,Machinery Manufacturing,Privately Held,501-1000,11216,1968,Richlands,-,Australia,https://www.rdoequipment.com.au
Bsw Group,thebswgroup.co.uk,https://www.linkedin.com/company/thebswgroup,Industrial Machinery Manufacturing,Privately Held,1001-5000,11194,1848,Dunfermline,Fife,United Kingdom,https://www.thebswgroup.co.uk
"U.S. Tsubaki Power Transmission, LLC",ustsubaki.com,https://www.linkedin.com/company/u.s.-tsubaki-inc.,Automation Machinery Manufacturing,Public Company,501-1000,11181,1971,Wheeling,Illinois,United States,https://www.ustsubaki.com
"Dobbs Equipment, LLC",dobbsequipment.com,https://www.linkedin.com/company/dobbs-equipment-llc,Machinery Manufacturing,Privately Held,501-1000,11180,2017,Riverview,Florida,United States,https://dobbsequipment.com
Link-Belt Cranes,linkbelt.com,https://www.linkedin.com/company/linkbeltcranes,Machinery Manufacturing,Privately Held,501-1000,10888,-,Lexington,Kentucky,United States,https://www.linkbelt.com
HEUFT SYSTEMTECHNIK GMBH,heuft.com,https://www.linkedin.com/company/heuft,Industrial Machinery Manufacturing,Privately Held,1001-5000,10840,-,-,-,United Kingdom,https://heuft.com
Ernest Doe & Sons Ltd,ernestdoe.com,https://www.linkedin.com/company/ernest-doe-&-sons-ltd,Machinery Manufacturing,Privately Held,501-1000,10808,1898,Ulting,Maldon Essex,United Kingdom,https://www.ernestdoe.com
Mec Aerial Work Platforms,mecawp.com,https://www.linkedin.com/company/mecawp,Machinery Manufacturing,Privately Held,501-1000,10798,1976,Kerman,California,United States,https://www.mecawp.com
Kaup Gmbh & Co. Kg,kaup.de,https://www.linkedin.com/company/kaup-gmbh-&-co-kg,Machinery Manufacturing,Privately Held,501-1000,10792,1962,Aschaffenburg,-,Germany,https://www.kaup.de
Crane Pumps & Systems,cranepumps.com,https://www.linkedin.com/company/crane-pumps-&-systemss,Machinery Manufacturing,Public Company,501-1000,10732,1946,Piqua,Ohio,United States,https://www.cranepumps.com
Sesotec,sesotec.com,https://www.linkedin.com/company/sesotec-gmbh,Machinery Manufacturing,Public Company,501-1000,10706,1976,Schonberg,Bayern,Germany,https://www.sesotec.com
Herbert Kannegiesser GmbH,kannegiesser.com,https://www.linkedin.com/company/kannegiesser,Machinery Manufacturing,Privately Held,1001-5000,10693,1948,Vlotho,Nw,Germany,https://www.kannegiesser.com
Zeppelin Power Systems GmbH,zeppelin-powersystems.com,https://www.linkedin.com/company/zeppelin-power-systems,Machinery Manufacturing,Public Company,1001-5000,10688,-,Hamburg,Hamburg,Germany,https://www.zeppelin-powersystems.com
Louisiana Cat,louisianacat.com,https://www.linkedin.com/company/louisiana-machinery,Machinery Manufacturing,Privately Held,501-1000,10681,1928,Reserve,Louisiana,United States,https://www.louisianacat.com
OTTO FUCHS KG,otto-fuchs.com,https://www.linkedin.com/company/ottofuchskg,Fabricated Metal Products,Partnership,10001+,10700,1910,Meinerzhagen,Nordrhein-Westfalen,Germany,https://www.otto-fuchs.com
Proleit,proleit.com,https://www.linkedin.com/company/proleit,Automation Machinery Manufacturing,Public Company,501-1000,10612,1986,Herzogenaurach,-,Germany,https://www.proleit.com
Heinrich Georg GmbH,georg.com,https://www.linkedin.com/company/heinrich-georg-gmbh,Industrial Machinery Manufacturing,Privately Held,501-1000,10573,1948,Kreuztal,-,Germany,https://www.georg.com
WALDNER Unternehmensgruppe,waldner.de,https://www.linkedin.com/company/waldner,Industrial Machinery Manufacturing,Public Company,1001-5000,10490,1908,Wangen Im Allgau,Baden-Wurttemberg,Germany,https://www.waldner.de/de/pflichtangaben
Schindler Deutschland,schindler.de,https://www.linkedin.com/company/schindler-de,Industrial Machinery Manufacturing,Public Company,1001-5000,10464,1906,Berlin,-,Germany,https://www.schindler.de
R&E Automated,reautomated.com,https://www.linkedin.com/company/r-e-automated,Automation Machinery Manufacturing,Privately Held,501-1000,10461,1999,Bruce Township,Michigan,United States,https://www.reautomated.com
Plc Programming,plc-courses.com,https://www.linkedin.com/company/plcprogramming,Automation Machinery Manufacturing,Self-Employed,10001+,10460,2017,Munchen,-,Germany,https://www.plc-courses.com
Vulkan Group,vulkan.com,https://www.linkedin.com/company/vulkangroup,Machinery Manufacturing,Privately Held,1001-5000,10428,1889,Herne,Nordrhein-Westfalen,Germany,https://www.vulkan.com
Rheinzink,rheinzink.com,https://www.linkedin.com/company/rheinzink,Fabricated Metal Products,Privately Held,501-1000,10419,1966,Datteln,-,Germany,https://www.rheinzink.com
Lorne Stewart Group,lornestewartgroup.com,https://www.linkedin.com/company/lorne-stewart-plc,Industrial Machinery Manufacturing,Privately Held,501-1000,10404,-,Greenford,-,United Kingdom,https://www.lornestewartgroup.com
BEKO TECHNOLOGIES,beko-technologies.com,https://www.linkedin.com/company/beko-technologies-gmbh,Industrial Machinery Manufacturing,Privately Held,501-1000,10341,1982,Neuss,Nrw,Germany,https://www.beko-technologies.com
Electrocraft,electrocraft.com,https://www.linkedin.com/company/electrocraft,Automation Machinery Manufacturing,Privately Held,501-1000,10321,-,Stratham,New Hampshire,United States,https://www.electrocraft.com
Flow International,flowcorp.com,https://www.linkedin.com/company/flow-international,Machinery Manufacturing,Privately Held,501-1000,10234,1976,Kent,Washington,United States,https://www.flowcorp.com
WesTech Engineering,westechwater.com,https://www.linkedin.com/company/westech-engineering,Industrial Machinery Manufacturing,Privately Held,501-1000,10219,1973,Salt Lake City,Utah,United States,https://www.westechwater.com
Garaventa Lift,garaventalift.com,https://www.linkedin.com/company/garaventa-lift,Industrial Machinery Manufacturing,Privately Held,501-1000,10176,1928,Surrey,British Columbia,Canada,https://www.garaventalift.com
Linde Material Handling Deutschland,linde-mh.de,https://www.linkedin.com/company/linde-material-handling-deutschland,Machinery Manufacturing,Privately Held,10001+,10146,1904,Aschaffenburg,Bayern,Germany,https://www.linde-mh.de
AL-KO Vehicle Technology Group,alko-tech.com,https://www.linkedin.com/company/al-ko-vehicle-technology,Industrial Machinery Manufacturing,Privately Held,1001-5000,10127,1931,Kötz,-,Germany,https://www.alko-tech.com
High Steel Structures LLC,highsteel.com,https://www.linkedin.com/company/high-steel-structures-inc.,Fabricated Metal Products,Privately Held,501-1000,10104,1931,Lancaster,Pennsylvania,United States,https://www.highsteel.com
Hoist Magazine,hoistmagazine.com,https://www.linkedin.com/company/hoist-magazine,Industrial Automation,Public Company,1001-5000,10062,-,London,-,United Kingdom,https://www.hoistmagazine.com
AKG Group,akg-group.com,https://www.linkedin.com/company/akg-thermotechnik-international-gmbh,Machinery Manufacturing,Privately Held,1001-5000,10040,1919,Hofgeismar,-,Germany,https://www.akg-group.com
STULZ USA,stulz-usa.com,https://www.linkedin.com/company/stulz-usa,Industrial Machinery Manufacturing,Privately Held,501-1000,10036,-,Frederick,Maryland,United States,https://www.stulz-usa.com
Invio Automation,invioautomation.com,https://www.linkedin.com/company/invioautomation,Automation Machinery Manufacturing,Privately Held,501-1000,9992,1974,Lansing,Michigan,United States,https://www.invioautomation.com
"Wärtsilä North America, Inc",wartsila.com,https://www.linkedin.com/company/w%c3%a4rtsil%c3%a4-north-america-inc.,Industrial Machinery Manufacturing,Public Company,501-1000,9946,1979,Houston,Texas,United States,https://www.wartsila.com/usa
Handsonmetrology,handsonmetrology.com,https://www.linkedin.com/company/handsonmetrology,Industrial Machinery Manufacturing,Public Company,501-1000,9896,-,Braunschweig,-,Germany,https://handsonmetrology.com
Tyco Integrated Fire & Security Uk & Ireland,tycoifs.co.uk,https://www.linkedin.com/company/tyco-integrated-fire-&-security-uk-&-ireland,Industrial Machinery Manufacturing,Public Company,1001-5000,9876,-,Manchester,-,United Kingdom,https://www.tycoifs.co.uk
Rollon Americas,rollon.com,https://www.linkedin.com/company/rollon-corp,Industrial Machinery Manufacturing,Public Company,501-1000,9869,1975,Norton Shores,Michigan,United States,https://www.rollon.com
ABUS Kransysteme GmbH,abus-kransysteme.de,https://www.linkedin.com/company/abus-kransysteme-gmbh,Industrial Machinery Manufacturing,Public Company,1001-5000,9820,1965,Gummersbach (lantenbach),-,Germany,https://www.abus-kransysteme.de
"Innovative Refrigeration Systems, Inc.",r717.net,https://www.linkedin.com/company/innovative-refrigeration-systems-inc.,Industrial Machinery Manufacturing,Privately Held,501-1000,9773,1993,Lyndhurst,Virginia,United States,https://www.r717.net
Hans Hundegger AG,hundegger.com,https://www.linkedin.com/company/hans-hundegger-ag,Machinery Manufacturing,Public Company,501-1000,9771,1978,Hawangen,-,Germany,https://hundegger.com
Nuaire,nuaire.co.uk,https://www.linkedin.com/company/nuaire-group,Industrial Machinery Manufacturing,Public Company,501-1000,9750,1966,Caerphilly,-,United Kingdom,https://www.nuaire.co.uk
Kelly Tractor Co.,kellytractor.com,https://www.linkedin.com/company/kellytractorco,Machinery Manufacturing,Privately Held,501-1000,9626,1933,Miami,Florida,United States,https://www.kellytractor.com
HEIDENHAIN,heidenhain.com,https://www.linkedin.com/company/heidenhain,Industrial Machinery Manufacturing,Privately Held,1001-5000,9617,1889,Traunreut,Bavaria,Germany,https://www.heidenhain.com
Ferrostaal Gmbh,ferrostaal.com,https://www.linkedin.com/company/ferrostaal-ag,Machinery Manufacturing,Privately Held,1001-5000,9532,1920,Essen,-,Germany,https://www.ferrostaal.com
GWS Tool Group,gwstoolgroup.com,https://www.linkedin.com/company/gwstoolgroup,Machinery Manufacturing,Public Company,501-1000,9547,-,Tavares,Florida,United States,https://www.gwstoolgroup.com
Hawthorne Cat,hawthornecat.com,https://www.linkedin.com/company/hawthorne-cat,Machinery Manufacturing,Privately Held,501-1000,9483,1956,San Diego,California,United States,https://www.hawthornecat.com
Dürr,durr.com,https://www.linkedin.com/company/durr-ag,Machinery Manufacturing,Public Company,10001+,9463,-,Bietigheim,Baden-Wurttemberg,Germany,https://www.durr.com
Saacke Gmbh,saacke.com,https://www.linkedin.com/company/saacke-gmbh,Machinery Manufacturing,Public Company,1001-5000,9450,1931,Bremen,-,Germany,https://www.saacke.com
Zeppelin Systems Gmbh,zeppelin-systems.com,https://www.linkedin.com/company/zeppelin-systems-gmbh,Industrial Machinery Manufacturing,Public Company,1001-5000,9400,1950,Friedrichshafen,-,Germany,https://www.zeppelin-systems.com
Motion Asia Pacific,motionasiapac.com,https://www.linkedin.com/company/motion-asiapac,Industrial Machinery Manufacturing,Privately Held,1001-5000,9399,-,Chullora,Nsw,Australia,https://www.motionasiapac.com
Revcor,revcor.com,https://www.linkedin.com/company/revcor,Industrial Machinery Manufacturing,Privately Held,501-1000,9393,1946,Carpentersville,Illinois,United States,https://www.revcor.com
AIRSYS USA,airsysnorthamerica.com,https://www.linkedin.com/company/airsys-north-america,Machinery Manufacturing,Privately Held,501-1000,9345,2016,Greer,South Carolina,United States,https://www.airsysnorthamerica.com
Hf Group,hf-mixinggroup.com,https://www.linkedin.com/company/hf_group,Machinery Manufacturing,Public Company,1001-5000,9327,1848,Hamburg,-,Germany,https://www.hf-group.com
ADDMAN,addmangroup.com,https://www.linkedin.com/company/addman3d,Industrial Machinery Manufacturing,Privately Held,501-1000,9227,2020,Fort Myers,Florida,United States,https://www.addmangroup.com
Sew-Eurodrive Germany,sew-eurodrive.de,https://www.linkedin.com/company/sew-eurodrive-germany,Automation Machinery Manufacturing,Public Company,10001+,9186,1931,Bruchsal,-,Germany,https://www.sew-eurodrive.de
Mott Corporation,mottcorp.com,https://www.linkedin.com/company/mott-corporation,Industrial Machinery Manufacturing,Privately Held,501-1000,9173,1959,Plainville,Connecticut,United States,https://www.mottcorp.com
Butler Machinery,butlermachinery.com,https://www.linkedin.com/company/butler-machinery,Machinery Manufacturing,Privately Held,501-1000,9107,1955,Fargo,North Dakota,United States,https://www.butlermachinery.com
Mac Valves Inc,macvalves.com,https://www.linkedin.com/company/mac-valves-inc.,Automation Machinery Manufacturing,Privately Held,501-1000,9106,1948,Wixom,Michigan,United States,https://www.macvalves.com
Paul Mueller Company,paulmueller.com,https://www.linkedin.com/company/paulmuellercompany,Industrial Machinery Manufacturing,Public Company,501-1000,8995,1940,Springfield,Missouri,United States,https://www.paulmueller.com
Iwk Verpackungstechnik Gmbh,iwk.de,https://www.linkedin.com/company/iwk-verpackungstechnik-gmbh,Machinery Manufacturing,Privately Held,501-1000,8972,-,Stutensee,-,Germany,https://www.iwk.de
Lauda,lauda.de,https://www.linkedin.com/company/lauda,Machinery Manufacturing,Privately Held,501-1000,8963,1956,Lauda-Konigshofen,-,Germany,https://www.lauda.de
Zahoransky,zahoransky.com,https://www.linkedin.com/company/zahoransky-group,Machinery Manufacturing,Privately Held,501-1000,8961,1902,Todtnau,-,Germany,https://www.zahoransky.com
Bourgault Industries Ltd.,bourgault.com,https://www.linkedin.com/company/bourgault-industries-ltd.,Machinery Manufacturing,Privately Held,501-1000,8821,-,St. Brieux,Saskatchewan,Canada,https://www.bourgault.com
Zoeller Company,zoeller.com,https://www.linkedin.com/company/zoeller-company,Machinery Manufacturing,Privately Held,501-1000,8819,1939,Louisville,Kentucky,United States,https://www.zoeller.com
Bbs Automation Life Sciences,kahleautomation.com,https://www.linkedin.com/company/bbs-automation-life-sciences,Automation Machinery Manufacturing,Public Company,1001-5000,8812,-,Garching,-,Germany,https://www.bbsautomation.com
Doggett - John Deere,doggettequipment.com,https://www.linkedin.com/company/doggett-john-deere,Machinery Manufacturing,Privately Held,501-1000,8803,2005,Houston,Texas,United States,https://www.doggettequipment.com
American Equipment,aesusa.com,https://www.linkedin.com/company/american-equipment-holdings,Industrial Machinery Manufacturing,Privately Held,501-1000,8773,1969,South Salt Lake,Utah,United States,https://aesusa.com
Fulton,fulton.com,https://www.linkedin.com/company/fulton,Industrial Machinery Manufacturing,Privately Held,501-1000,8722,1949,Pulaski,New York,United States,https://www.fulton.com
Haver & Boecker Machinery Division,haverboecker.com,https://www.linkedin.com/company/haver-boecker-machinery-division,Machinery Manufacturing,Privately Held,1001-5000,8663,1887,Oelde,Nordrhein-Westfalen,Germany,https://www.haverboecker.com/en
Wheeler Machinery Co.,wheelercat.com,https://www.linkedin.com/company/wheelercat,Machinery Manufacturing,Privately Held,501-1000,8592,1951,Salt Lake City,Utah,United States,https://wheelercat.com/power
Emuge-Franken,emuge-franken.com,https://www.linkedin.com/company/emuge-franken,Industrial Machinery Manufacturing,Privately Held,1001-5000,8583,1920,Lauf An Der Pegnitz,Bayern,Germany,https://www.emuge-franken.com
Troax,troax.com,https://www.linkedin.com/company/troax-emea-americas,Industrial Machinery Manufacturing,Public Company,501-1000,8541,1955,Swindon,-,United Kingdom,https://www.troax.com
Rosenberg Ventilatoren GmbH,rosenberg-gmbh.com,https://www.linkedin.com/company/rosenberg-ventilatoren-gmbh,Machinery Manufacturing,Privately Held,1001-5000,8470,1981,Kunzelsau-Gaisbach,Baden-Wurttemberg,Germany,https://www.rosenberg-gmbh.com
Dmv,dmv-tubes.com,https://www.linkedin.com/company/dmvtubes,Fabricated Metal Products,Public Company,1001-5000,8370,2024,Mülheim An Der Ruhr,-,Germany,https://www.dmv-tubes.com
Oswar Group,oswargroup.com,https://www.linkedin.com/company/oswargroup,Industrial Machinery Manufacturing,Privately Held,10001+,8345,1845,Oxford,-,United Kingdom,https://www.oswargroup.com
Masa Group,masa-group.com,https://www.linkedin.com/company/masagroup,Industrial Machinery Manufacturing,Privately Held,501-1000,8335,1905,Andernach,-,Germany,https://www.masa-group.com
"Macallister Machinery - Novi, Mi",michigancat.com,https://www.linkedin.com/company/michigan-cat,Machinery Manufacturing,Privately Held,501-1000,8312,1944,Novi,Michigan,United States,https://www.michigancat.com
Clyde Bergemann Power Group,cbpg.com,https://www.linkedin.com/company/clyde-bergemann,Industrial Machinery Manufacturing,Privately Held,1001-5000,8297,1924,Wesel,-,Germany,https://www.cbpg.com
Fathom Digital Manufacturing,fathommfg.com,https://www.linkedin.com/company/fathommfg,Industrial Machinery Manufacturing,Privately Held,501-1000,8301,1984,Hartland,Wisconsin,United States,https://www.fathommfg.com
OASE,-,https://www.linkedin.com/company/oase,Machinery Manufacturing,Privately Held,501-1000,8261,-,Hörstel,North Rhine-Westphalia,Germany,https://www.oase.com
Waukesha Bearings Corporation,waukbearing.com,https://www.linkedin.com/company/waukesha-bearings-corporation,Machinery Manufacturing,Public Company,501-1000,8261,-,Pewaukee,Wisconsin,United States,https://www.waukbearing.com
KRONE GROUP,krone-group.com,https://www.linkedin.com/company/kronegroup,Machinery Manufacturing,Public Company,10001+,8261,1906,Spelle,-,Germany,https://www.krone-group.com
KNOLL Maschinenbau,knoll-mb.de,https://www.linkedin.com/company/knoll-maschinenbau,Machinery Manufacturing,Privately Held,501-1000,8259,1970,Bad Saulgau,Baden-Wurttemberg,Germany,https://www.knoll-mb.de
Oase,oase.com,https://www.linkedin.com/company/oase-professional,Machinery Manufacturing,Privately Held,501-1000,8240,-,Hörstel,-,Germany,https://www.oase.com
Sauer Compressors,sauercompressors.com,https://www.linkedin.com/company/sauer-compressors,Industrial Machinery Manufacturing,Privately Held,1001-5000,8238,1884,Kiel,-,Germany,https://www.sauercompressors.com
HÖRMANN Gruppe,hoermann-gruppe.com,https://www.linkedin.com/company/hoermann-gruppe,Machinery Manufacturing,Privately Held,1001-5000,8221,1955,Kirchseeon,-,Germany,https://www.hoermann-gruppe.com
Acs Group,acscorporate.com,https://www.linkedin.com/company/acs-group_2,Machinery Manufacturing,Privately Held,501-1000,8204,1916,New Berlin,Wisconsin,United States,https://www.acscorporate.com
Motion Australia,motionaus.com,https://www.linkedin.com/company/motionaustralia,Industrial Machinery Manufacturing,Privately Held,1001-5000,8190,-,Chullora,-,Australia,https://motionaus.com
Brady Services,bradyservices.com,https://www.linkedin.com/company/brady-services,Industrial Machinery Manufacturing,Privately Held,501-1000,8193,1962,Greensboro,North Carolina,United States,https://www.bradyservices.com
Thermoid,thermoid.com,https://www.linkedin.com/company/thermoid,Automation Machinery Manufacturing,Privately Held,501-1000,8134,1883,Bellefontaine,Ohio,United States,https://www.thermoid.com
Raypak,raypak.com,https://www.linkedin.com/company/officialraypak,Machinery Manufacturing,Privately Held,501-1000,8115,1947,Oxnard,-,United States,https://www.raypak.com
SPIROL,spirol.com,https://www.linkedin.com/company/spirol,Industrial Machinery Manufacturing,Privately Held,501-1000,8096,1948,Danielson,Connecticut,United States,https://www.spirol.com
Masipack Usa,masipack.com,https://www.linkedin.com/company/masipack-usa,Machinery Manufacturing,Privately Held,501-1000,8070,1987,Orlando,Florida,United States,https://www.masipack.com
Baldwin Technology,baldwintech.com,https://www.linkedin.com/company/baldwin-technology-company-inc-,Machinery Manufacturing,Privately Held,501-1000,8040,-,St. Louis,Missouri,United States,https://www.baldwintech.com
Optotech,optotech.net,https://www.linkedin.com/company/optotech-optikmaschinen-gmbh,Machinery Manufacturing,Self-Owned,501-1000,8040,1985,Wettenberg,-,Germany,https://www.optotech.net/en
Adaptalift Group,adaptalift.com.au,https://www.linkedin.com/company/adaptalift-group,Machinery Manufacturing,Privately Held,501-1000,7889,-,Melbourne,Vic,Australia,https://www.adaptalift.com.au
Lechler Group,lechler.com,https://www.linkedin.com/company/lechlergroup,Machinery Manufacturing,Privately Held,501-1000,7711,1879,Metzingen,-,Germany,https://www.lechler.com/de-en
Stoll By Karl Mayer,stoll.com,https://www.linkedin.com/company/stoll-by-karl-mayer,Machinery Manufacturing,Privately Held,501-1000,7638,1873,72770 Reutlingen-betzingen,-,Germany,https://www.stoll.com
Mahr,mahr.com,https://www.linkedin.com/company/mahr,Industrial Machinery Manufacturing,Public Company,1001-5000,7627,1861,Göttingen,-,Germany,https://www.mahr.com
Spe Industrial Partner Network,single-pair-ethernet.com,https://www.linkedin.com/company/single-pair-ethernet,Automation Machinery Manufacturing,Nonprofit,10001+,7626,2019,Rahden,Nordrhein-Westfalen,Germany,https://www.single-pair-ethernet.com/en
Crane 1 Services,crane1.com,https://www.linkedin.com/company/crane-1-services-inc,Machinery Manufacturing,Privately Held,501-1000,7564,2007,West Chester,Ohio,United States,https://www.crane1.com
Foerster Group,foerstergroup.com,https://www.linkedin.com/company/foerster-group,Machinery Manufacturing,Privately Held,501-1000,7563,1948,Reutlingen,Baden-Wurttemberg,Germany,https://www.foerstergroup.com
Mi-Jack Products,mi-jack.com,https://www.linkedin.com/company/mi-jack,Machinery Manufacturing,Privately Held,501-1000,7559,1955,Hazel Crest,Illinois,United States,https://www.mi-jack.com
"Integrity Tool & Mold, Inc",teamintegrity.com,https://www.linkedin.com/company/integrity-tool-&-mold-inc-,Machinery Manufacturing,Privately Held,501-1000,7534,2000,Oldcastle,Ontario,Canada,https://teamintegrity.com
Vactor Manufacturing,vactor.com,https://www.linkedin.com/company/vactor-manufacturing,Machinery Manufacturing,Public Company,501-1000,7499,1911,Streator,Illinois,United States,https://www.vactor.com
Clear Edge Filtration,clear-edge.com,https://www.linkedin.com/company/clear-edge-filtration,Industrial Machinery Manufacturing,Privately Held,501-1000,7478,1829,Minneapolis,Minnesota,United States,https://www.clear-edge.com
Geda Gmbh,geda.de,https://www.linkedin.com/company/geda-gmbh,Machinery Manufacturing,Public Company,501-1000,7462,1929,Asbach-bäumenheim,-,Germany,https://www.geda.de
ALD Vacuum Technologies GmbH,ald-vt.com,https://www.linkedin.com/company/ald-vacuum-technologies-gmbh,Machinery Manufacturing,Public Company,501-1000,7424,1994,Hanau,He,Germany,https://www.ald-vt.com
"Yinlun TDI, LLC",yinluntdi.com,https://www.linkedin.com/company/yinluntdi,Industrial Machinery Manufacturing,Public Company,501-1000,7406,-,Houston,Texas,United States,https://www.yinluntdi.com
Concentric AB,concentricab.com,https://www.linkedin.com/company/concentric-ab,Machinery Manufacturing,Public Company,1001-5000,7393,-,Redditch,-,United Kingdom,https://www.concentricab.com
Sunbelt Supply,sunbeltsupply.com,https://www.linkedin.com/company/sunbeltsupply,Industrial Automation,Privately Held,501-1000,7377,1978,Pasadena,Texas,United States,https://sunbeltsupply.com
Baumüller Nürnberg Gmbh,baumueller.com,https://www.linkedin.com/company/baumueller-nuernberg-gmbh,Automation Machinery Manufacturing,Privately Held,1001-5000,7357,1930,Nurnberg,Bayern,Germany,https://www.baumueller.com/en
Liftow Limited,liftow.com,https://www.linkedin.com/company/liftow-limited,Automation Machinery Manufacturing,Privately Held,501-1000,7324,1960,Mississauga,Ontario,Canada,https://www.liftow.com
Hitachi Industrial Equipment Systems Europe Gmbh,hitachicoding.com,https://www.linkedin.com/company/hitachi-industrial,Automation Machinery Manufacturing,Public Company,501-1000,7307,2002,Dusseldorf,Nordrhein-Westfalen,Germany,https://www.hitachi-industrial.eu
Geospace Technologies,geospace.com,https://www.linkedin.com/company/geospace-technologies,Industrial Machinery Manufacturing,Public Company,501-1000,7288,-,Houston,Texas,United States,https://www.geospace.com
"Lisega, Inc. Usa",lisega.com,https://www.linkedin.com/company/lisega-inc.-usa,Machinery Manufacturing,Privately Held,501-1000,7263,1964,Kodak,Tennessee,United States,https://www.lisega.com
Whirlwind Steel Buildings and Components,whirlwindsteel.com,https://www.linkedin.com/company/whirlwind-steel-buildings-inc,Fabricated Metal Products,Privately Held,501-1000,7255,1955,Houston,Texas,United States,https://www.whirlwindsteel.com
Azo Gmbh Co. Kg,azo.com,https://www.linkedin.com/company/azo-gmbh-co-kg,Industrial Automation,Self-Owned,1001-5000,7231,1949,Osterburken,-,Germany,https://www.azo.com
Star Cutter Company,starcutter.com,https://www.linkedin.com/company/star-cutter-company,Machinery Manufacturing,Privately Held,501-1000,7213,1927,Farmington Hills,Michigan,United States,https://www.starcutter.com
Senior Flexonics,seniorflexonicsusa.com,https://www.linkedin.com/company/senior-flexonics,Industrial Machinery Manufacturing,Public Company,501-1000,7147,-,Bartlett,Illinois,United States,https://www.seniorflexonicsusa.com
HEGLA GmbH & Co. KG,hegla.de,https://www.linkedin.com/company/hegla-gmbh-&-co-kg,Machinery Manufacturing,Self-Employed,501-1000,7122,1976,Beverungen,-,Germany,https://www.hegla.de
XCMG America Inc.,xcmg-usa.com,https://www.linkedin.com/company/xcmg-america-inc,Machinery Manufacturing,Public Company,501-1000,7107,-,Lawrenceville,Georgia,United States,https://xcmg-usa.com/products/excavators
Vogelsang GmbH & Co. KG,vogelsang.info,https://www.linkedin.com/company/vogelsang-gmbh-&-co.-kg,Machinery Manufacturing,Privately Held,1001-5000,7091,1929,-,-,Germany,https://www.vogelsang.info
DURAG GROUP,durag.com,https://www.linkedin.com/company/durag-group,Industrial Machinery Manufacturing,Privately Held,501-1000,7060,1948,Hamburg,-,Germany,https://www.durag.com
VOLLMER WERKE Maschinenfabrik GmbH,vollmer-group.com,https://www.linkedin.com/company/vollmerwerke,Machinery Manufacturing,Public Company,501-1000,7052,1909,-,-,Germany,https://www.vollmer-group.com
Spaleck Gmbh & Co. Kg,spaleck.de,https://www.linkedin.com/company/spaleck-gmbh-co-kg,Machinery Manufacturing,Public Company,501-1000,7024,1869,Bocholt,-,Germany,https://www.spaleck.de
Boll & Kirch Filterbau GmbH / BOLLFILTER,bollfilter.com,https://www.linkedin.com/company/boll-kirch-filterbau-gmbh,Machinery Manufacturing,Privately Held,501-1000,7022,1950,Kerpen,Nordrhein-Westfalen,Germany,https://www.bollfilter.com
"Fives Machining Systems, Inc. - Cincinnati",fivesgroup.com,https://www.linkedin.com/company/fivesmsi,Machinery Manufacturing,Privately Held,501-1000,6949,-,Hebron,Kentucky,United States,https://metal-cutting-composites.fivesgroup.com
Aqseptence Group,aqseptence.com,https://www.linkedin.com/company/aqseptence-group,Machinery Manufacturing,Privately Held,1001-5000,6914,-,Aarbergen,Hessen,Germany,https://www.aqseptence.com
M&R Printing Equipment,mrprint.com,https://www.linkedin.com/company/mrcompanies,Machinery Manufacturing,Privately Held,501-1000,6995,1985,Roselle,Illinois,United States,https://www.mrprint.com
Rena Technologies Gmbh,rena.com,https://www.linkedin.com/company/rena-technologies,Machinery Manufacturing,Public Company,1001-5000,6891,1993,Gütenbach,-,Germany,https://www.rena.com
Cross Company,crossco.com,https://www.linkedin.com/company/cross-company,Industrial Machinery Manufacturing,Privately Held,501-1000,6887,1954,Greensboro,North Carolina,United States,https://www.crossco.com
Cleco Production Tools,clecotools.com,https://www.linkedin.com/company/clecotools,Industrial Machinery Manufacturing,Privately Held,501-1000,6884,1894,Lexington,South Carolina,United States,https://www.clecotools.com
Aluminium Norf GmbH - Alunorf,alunorf.de,https://www.linkedin.com/company/aluminium-norf-gmbh-alunorf,Fabricated Metal Products,Public Company,1001-5000,6874,1965,Neuss,Nordrhein-Westfalen,Germany,https://www.alunorf.de/startseite
Mobile Climate Control,mcc-hvac.com,https://www.linkedin.com/company/mobile-climate-control,Industrial Machinery Manufacturing,Privately Held,501-1000,6866,1975,Vaughan,Ontario,Canada,https://www.mcc-hvac.com
Pneumatic Scale Angelus Bw Filling & Closing,psangelus.com,https://www.linkedin.com/company/pneumatic-scale,Machinery Manufacturing,Privately Held,501-1000,6831,1895,Stow,Ohio,United States,https://psangelus.com
Koenig & Bauer Digital & Webfed,koenig-bauer.com,https://www.linkedin.com/company/koenig-bauer-digital-webfed,Machinery Manufacturing,Public Company,5001-10000,6820,1817,Wurzburg,Bavaria,Germany,https://www.koenig-bauer.com
Motion – Canada,motioncanada.com,https://www.linkedin.com/company/motion-canada,Automation Machinery Manufacturing,-,501-1000,6812,-,Burnaby,British Columbia,Canada,https://www.motioncanada.com
Arrow Machine And Fabrication Group,arrowmfggroup.com,https://www.linkedin.com/company/arrow-manufacturing-and-fabrication-group,Machinery Manufacturing,Public Company,501-1000,6789,-,Guelph,Ontario,Canada,https://arrowmfggroup.com
Douglas Machine Inc,douglas-machine.com,https://www.linkedin.com/company/douglas-machine,Industrial Machinery Manufacturing,Partnership,501-1000,6788,1964,Alexandria,Minnesota,United States,https://www.douglas-machine.com
Kerr Pumps,kerrpumps.com,https://www.linkedin.com/company/kerr-pumps,Machinery Manufacturing,Privately Held,501-1000,6753,1946,Sulphur,Oklahoma,United States,https://www.kerrpumps.com
Tesla Automation GmbH,teslaautomation.de,https://www.linkedin.com/company/tesla-automation-gmbh,Machinery Manufacturing,Public Company,1001-5000,6749,-,Prum,Rheinland-Pfalz,Germany,https://teslaautomation.de
Peddinghaus Corporation,peddinghaus.com,https://www.linkedin.com/company/peddinghaus-corporation,Machinery Manufacturing,Privately Held,501-1000,6748,1903,Bradley,Illinois,United States,https://www.peddinghaus.com
Vecoplan Ag,vecoplan.com,https://www.linkedin.com/company/vecoplan-ag,Machinery Manufacturing,Public Company,501-1000,6746,1969,Bad Marienberg,-,Germany,https://www.vecoplan.com
Ruhlamat Group,ruhlamat.com.cn,https://www.linkedin.com/company/ruhlamat,Automation Machinery Manufacturing,Self-Owned,1001-5000,6743,-,Munich,California,Germany,https://www.ruhlamat.com.cn
PTSolutions,pts-tools.com,https://www.linkedin.com/company/ptsolutionsus,Automation Machinery Manufacturing,Public Company,501-1000,6730,1951,Novi,Michigan,United States,https://www.pts-tools.com
Euchner Gmbh Co. Kg,euchner.com,https://www.linkedin.com/company/euchner-gmbh-co-kg,Machinery Manufacturing,Privately Held,501-1000,6725,-,Leinfelden-Echterdingen,-,Germany,https://www.euchner.com
Tooling Tech Group,toolingtechgroup.com,https://www.linkedin.com/company/tooling-tech-group,Automation Machinery Manufacturing,Privately Held,501-1000,6687,1982,Fort Loramie,Ohio,United States,https://www.toolingtechgroup.com
Pytes Us & Canada,pytesusa.com,https://www.linkedin.com/company/pytes-usa,Electric Power Transmission; Control; and Distribution,Privately Held,501-1000,6683,2004,Ontario,California,United States,https://www.pytesusa.com
ProLift,prolifttoyota.com,https://www.linkedin.com/company/prolift-toyota,Machinery Manufacturing,Privately Held,501-1000,6677,1978,Louisville,Kentucky,United States,https://www.prolifttoyota.com
Smalley,smalley.com,https://www.linkedin.com/company/smalley-steel-ring-co,Industrial Machinery Manufacturing,Privately Held,501-1000,6677,1918,Lake Zurich,Illinois,United States,https://www.smalley.com
Crane Merchandising Systems,cranems.com,https://www.linkedin.com/company/cranemerchandising,Machinery Manufacturing,Public Company,501-1000,6667,-,Williston,South Carolina,United States,https://www.cranems.com
Pellerin Milnor Corporation,milnor.com,https://www.linkedin.com/company/pellerin-milnor-corporation,Machinery Manufacturing,Privately Held,501-1000,6634,1947,Kenner,Louisiana,United States,https://www.milnor.com
Rittal-Csm,rittal-csmcareers.co.uk,https://www.linkedin.com/company/ritta-csm,Industrial Machinery Manufacturing,Privately Held,501-1000,6631,-,Plymouth,England,United Kingdom,https://rittal-csmcareers.co.uk
Baxi Commercial,baxi.co.uk,https://www.linkedin.com/company/baxi-commercial-uk,Industrial Machinery Manufacturing,Privately Held,1001-5000,6625,-,Warwick,-,United Kingdom,https://www.baxi.co.uk/commercial
elumatec,elumatec.com,https://www.linkedin.com/company/elumatec-ag,Machinery Manufacturing,Self-Owned,501-1000,6624,1928,Muhlacker,Baden-Wurttemberg,Germany,https://www.elumatec.com
Camco Engineering,camcoeng.com.au,https://www.linkedin.com/company/camco-eng,Industrial Machinery Manufacturing,Privately Held,501-1000,6525,1994,Canning Vale,Western Australia,Australia,https://www.camcoeng.com.au
Petersen Inc.,peterseninc.com,https://www.linkedin.com/company/peterseninc,Machinery Manufacturing,Privately Held,501-1000,6501,1961,Ogden,Utah,United States,https://www.peterseninc.com
Erwin Junker Maschinenfabrik Gmbh,junker-group.de,https://www.linkedin.com/company/erwin-junker-maschinenfabrik-gmbh,Machinery Manufacturing,Public Company,1001-5000,6501,1962,Nordrach,-,Germany,https://www.junker-group.de
Maysteel Industries Llc,maysteel.com,https://www.linkedin.com/company/maysteel-llc,Fabricated Metal Products,Privately Held,501-1000,6477,1936,Allenton,Wisconsin,United States,https://www.maysteel.com
WAFIOS Aktiengesellschaft,wafios.de,https://www.linkedin.com/company/wafios-aktiengesellschaft,Machinery Manufacturing,Public Company,501-1000,6461,1893,Reutlingen,Baden-Wurttemberg,Germany,https://www.wafios.de
Rösler,rosler.com,https://www.linkedin.com/company/rosler-oberflaechentechnik,Machinery Manufacturing,Privately Held,1001-5000,6449,-,Untermerzbach,-,Germany,https://www.rosler.com/de/pflichtangaben
Urschel,urschel.com,https://www.linkedin.com/company/urschel,Machinery Manufacturing,Privately Held,501-1000,6437,1910,Chesterton,Indiana,United States,https://www.urschel.com
Scag Power Equipment,scag.com,https://www.linkedin.com/company/scag-power-equipment,Machinery Manufacturing,Privately Held,501-1000,6401,1983,Mayville,Wisconsin,United States,https://www.scag.com
Sunnen Products Company,sunnen.com,https://www.linkedin.com/company/sunnen-products-company,Machinery Manufacturing,Privately Held,501-1000,6393,1924,St. Louis,Missouri,United States,https://www.sunnen.com
AAF International (American Air Filter) Europe & Dinair,aafeurope.com,https://www.linkedin.com/company/aaf-europe,Industrial Machinery Manufacturing,Privately Held,501-1000,6370,1968,Heppenheim,Hessen,Germany,https://www.aafeurope.com
Mosca GmbH,mosca.com,https://www.linkedin.com/company/mosca-gmbh,Industrial Machinery Manufacturing,Privately Held,501-1000,6363,1966,Waldbrunn,-,Germany,https://www.mosca.com
Southern States Toyotalift,sstlift.com,https://www.linkedin.com/company/southern-states-toyotalift,Machinery Manufacturing,Privately Held,501-1000,6363,1952,Tampa,Florida,United States,https://www.sstlift.com
MAHA SE & Co. KG,maha.de,https://www.linkedin.com/company/maha-se,Machinery Manufacturing,Partnership,1001-5000,6362,1969,Haldenwang,Bavaria,Germany,https://www.maha.de/en
Jbt Marel Cutting,marel.com,https://www.linkedin.com/company/jbtmarelcutting,Machinery Manufacturing,Public Company,10001+,6362,1973,Oberlahr,-,Germany,https://jbtmarel.com
Itt Bornemann,bornemann.com,https://www.linkedin.com/company/itt-bornemann-usa-inc-,Machinery Manufacturing,Public Company,1001-5000,6357,1853,Obernkirchen,Lower Saxony,Germany,https://www.bornemann.com
RUD Ketten,rud.com,https://www.linkedin.com/company/rud-ketten-rieger-&-dietz-gmbh-u-co-kg,Machinery Manufacturing,Privately Held,1001-5000,6333,1875,Aalen,Baden-Wurttemberg,Germany,https://www.rud.com
Questas Group,questas.com.au,https://www.linkedin.com/company/questas-group,Industrial Machinery Manufacturing,Privately Held,501-1000,6316,-,Norwest,New South Wales,Australia,https://www.questas.com.au
Simonswerk Group,simonswerk.com,https://www.linkedin.com/company/simonswerk-gmbh,Fabricated Metal Products,Public Company,501-1000,6313,-,Rheda-wiedenbrück,-,Germany,https://www.simonswerk.com
Helmut Fischer Global,helmut-fischer.com,https://www.linkedin.com/company/helmut-fischer-global,Machinery Manufacturing,Privately Held,501-1000,6300,1953,Sindelfingen,Baden-Wurttemberg,Germany,https://www.helmut-fischer.com
Winkelmann Group,winkelmann-group.com,https://www.linkedin.com/company/winkelmann-group,Fabricated Metal Products,Privately Held,1001-5000,6239,-,Ahlen,-,Germany,https://www.winkelmann-group.com
SCHMID Group,schmid-group.com,https://www.linkedin.com/company/schmid-group,Industrial Machinery Manufacturing,Public Company,501-1000,6216,1864,Freudenstadt,Baden-Wurttemberg,Germany,https://schmid-group.com
IMA Schelling Group,imaschelling.com,https://www.linkedin.com/company/ima-schelling-group,Machinery Manufacturing,Public Company,1001-5000,6214,-,Lubbecke,Nordrhein-Westfalen,Germany,https://www.imaschelling.com
Otto Bihler Maschinenfabrik Gmbh & Co. Kg,bihler.de,https://www.linkedin.com/company/otto-bihler-maschinenfabrik-gmbh-&-co.-kg,Machinery Manufacturing,Privately Held,501-1000,6169,1953,Halblech,-,Germany,https://www.bihler.de
Kampf Gmbh,kampf.de,https://www.linkedin.com/company/kampf-gmbh,Machinery Manufacturing,Public Company,501-1000,6152,1920,Wiehl,-,Germany,https://www.kampf.de
KASTO Maschinenbau GmbH & Co. KG,kasto.com,https://www.linkedin.com/company/kasto,Machinery Manufacturing,Privately Held,501-1000,6134,1844,Achern,-,Germany,https://www.kasto.com
FFG Europe & Americas,ffg-ea.com,https://www.linkedin.com/company/ffg-fairfriendgroup,Machinery Manufacturing,Self-Owned,1001-5000,6126,1798,Eislingen,-,Germany,https://www.ffg-ea.com
Kettenwulf,kettenwulf.com,https://www.linkedin.com/company/kettenwulf,Industrial Machinery Manufacturing,Privately Held,501-1000,6126,1925,Eslohe-kückelheim,-,Germany,https://www.kettenwulf.com
Alpma Alpenland Maschinenbau Gmbh,alpma.com,https://www.linkedin.com/company/alpma-maschinenbau-gmbh,Machinery Manufacturing,Privately Held,501-1000,6118,1947,Rott Am Inn,-,Germany,https://www.alpma.com
Bilfinger Energy Transition,bilfinger.com,https://www.linkedin.com/company/bilfinger-energy-transition,Industrial Machinery Manufacturing,Public Company,501-1000,6088,-,Oberhausen,-,Germany,https://www.bilfinger.com/en/markets/energy
"Metalcraft of Mayville, Inc.",mtlcraft.com,https://www.linkedin.com/company/metalcraft-of-mayville,Industrial Machinery Manufacturing,Privately Held,501-1000,6074,1974,Mayville,Wisconsin,United States,https://www.mtlcraft.com
Ifor Williams Trailers Ltd,iwt.co.uk,https://www.linkedin.com/company/ifor-williams-trailers-ltd,Industrial Machinery Manufacturing,Privately Held,501-1000,6064,1958,-,-,United Kingdom,https://www.iwt.co.uk
"Ford, Bacon & Davis, Llc",fbd.com,https://www.linkedin.com/company/ford-bacon-&-davis,Industrial Machinery Manufacturing,Privately Held,501-1000,6043,-,Baton Rouge,Louisiana,United States,https://www.fbd.com
Basx,basx.com,https://www.linkedin.com/company/basx-solutions-llc,Machinery Manufacturing,Privately Held,501-1000,5962,2013,Redmond,Oregon,United States,https://www.basx.com
iwis,iwis.com,https://www.linkedin.com/company/iwis,Industrial Machinery Manufacturing,Privately Held,1001-5000,5944,-,Munchen,Bayern,Germany,https://www.iwis.com
"Ryan Fireprotection, Inc.",ryanfp.com,https://www.linkedin.com/company/ryan-fire-protection,Industrial Machinery Manufacturing,Privately Held,501-1000,5904,1989,Noblesville,Indiana,United States,https://www.ryanfp.com
Crenlo Engineered Cabs,engineeredcabs.com,https://www.linkedin.com/company/crenlo-llc,Industrial Machinery Manufacturing,Privately Held,501-1000,5845,1951,Rochester,Minnesota,United States,https://www.engineeredcabs.com
Kmf Group Ltd,kmf.co.uk,https://www.linkedin.com/company/kmf-precision-sheet-metal-ltd,Industrial Machinery Manufacturing,Privately Held,501-1000,5822,1971,Newcastle Under Lyme,-,United Kingdom,https://www.kmf.co.uk
BST GmbH,bst.group,https://www.linkedin.com/company/bst-eltromat-international-gmbh,Machinery Manufacturing,Public Company,501-1000,5819,1979,Bielefeld,Nordrhein-Westfalen,Germany,https://www.bst.group
Dunkermotoren,dunkermotoren.com,https://www.linkedin.com/company/dunkermotoren-usa-inc,Industrial Automation,Public Company,1001-5000,5814,1950,Bonndorf,-,Germany,https://www.dunkermotoren.com
Oskar Frech Gmbh Co. Kg,frechgroup.com,https://www.linkedin.com/company/oskar-frech-gmbh-co-kg,Industrial Machinery Manufacturing,Privately Held,501-1000,5805,1949,Schorndorf,-,Germany,https://www.frechgroup.com
Flexco Australia,flexco.com.au,https://www.linkedin.com/company/flexco-aust-,Agriculture; Construction; Mining Machinery Manufacturing,Privately Held,501-1000,5781,1907,Norwest,-,Australia,https://www.flexco.com.au
"ClimateMaster, Inc.",climatemaster.com,https://www.linkedin.com/company/climatemaster-inc-,Machinery Manufacturing,Privately Held,501-1000,5779,-,Oklahoma City,Oklahoma,United States,https://www.climatemaster.com
Claudius Peters,claudiuspeters.com,https://www.linkedin.com/company/claudius-peters,Industrial Machinery Manufacturing,Privately Held,501-1000,5834,1906,Buxtehude,Ni,Germany,https://www.claudiuspeters.com
Excelitas Noblelight,noblelight.com,https://www.linkedin.com/company/excelitas-noblelight,Machinery Manufacturing,Privately Held,501-1000,5766,1992,Kleinostheim,Bavaria,Germany,https://www.noblelight.com
Star SU LLC,star-su.com,https://www.linkedin.com/company/star-su-llc,Machinery Manufacturing,Privately Held,501-1000,5752,2002,Hoffman Estates,Illinois,United States,https://www.star-su.com
Engel Dach,engelglobal.com,https://www.linkedin.com/company/engel-dach,Machinery Manufacturing,Privately Held,5001-10000,5738,1945,Nürnberg,-,Germany,https://www.engelglobal.com/de/de.html
AL-KO Gardentech,al-ko.com,https://www.linkedin.com/company/al-ko-gardentech,Machinery Manufacturing,Privately Held,501-1000,5727,1931,Kotz,Bayern,Germany,https://al-ko.com
Lns North America,lns-northamerica.com,https://www.linkedin.com/company/lns-northamerica,Machinery Manufacturing,Privately Held,501-1000,5707,1973,Cincinnati,Ohio,United States,https://www.lns-northamerica.com
Caterpillar Energy Solutions GmbH,caterpillar-energy-solutions.com,https://www.linkedin.com/company/caterpillar-energy-solutions-gmbh,Machinery Manufacturing,Public Company,1001-5000,5644,-,Mannheim,-,Germany,https://caterpillar-energy-solutions.com
Blickle Group,blickle.com,https://www.linkedin.com/company/blickle-group,Industrial Machinery Manufacturing,Public Company,1001-5000,5642,1953,Rosenfeld,Baden-Wurttemberg,Germany,https://www.blickle.com
Harvey Performance Company,harveyperformance.com,https://www.linkedin.com/company/harveyperformance,Industrial Machinery Manufacturing,Privately Held,501-1000,5642,2017,Rowley,Massachusetts,United States,https://www.harveyperformance.com
Habasit America,habasitamerica.com,https://www.linkedin.com/company/habasit-america,Automation Machinery Manufacturing,Privately Held,501-1000,5635,1967,Suwanee,Georgia,United States,https://www.habasitamerica.com
Tii Group,tii-group.com,https://www.linkedin.com/company/tii-group,Machinery Manufacturing,Public Company,501-1000,5597,-,Heilbronn,-,Germany,https://www.tii-group.com
Robatherm,robatherm.com,https://www.linkedin.com/company/robatherm,Machinery Manufacturing,Privately Held,501-1000,5591,-,Jettingen-scheppach,-,Germany,https://www.robatherm.com
Tünkers Maschinenbau Gmbh,tuenkers.de,https://www.linkedin.com/company/tuenkers,Industrial Automation,Public Company,1001-5000,5579,1962,Ratingen,Nordrhein-Westfalen,Germany,https://www.tuenkers.de
Vermeer Australia,vermeeraustralia.com.au,https://www.linkedin.com/company/vermeer-australia,Machinery Manufacturing,Privately Held,501-1000,5548,1989,Richlands,-,Australia,https://www.vermeeraustralia.com.au
Diamond-Drives By Timken,diamonddrives.com,https://www.linkedin.com/company/diamond-drives-by-timken,Industrial Machinery Manufacturing,Public Company,501-1000,5464,-,Fulton,Illinois,United States,https://www.diamonddrives.com
Arnold Machinery Company,arnoldmachinery.com,https://www.linkedin.com/company/arnold-machinery-company,Machinery Manufacturing,Privately Held,501-1000,5435,1929,Salt Lake City,Utah,United States,https://www.arnoldmachinery.com
Radwell International-United Kingdom,radwell.eu,https://www.linkedin.com/company/radwell-international-uk,Automation Machinery Manufacturing,Privately Held,1001-5000,5425,1979,Newcastle-under-lyme,-,United Kingdom,https://www.radwell.eu/uk
Mayr Antriebstechnik,mayr.com,https://www.linkedin.com/company/mayrantriebstechnik,Industrial Machinery Manufacturing,Privately Held,1001-5000,5361,1897,Mauerstetten,-,Germany,https://www.mayr.com
Deublin Company,deublin.com,https://www.linkedin.com/company/deublin-company,Industrial Machinery Manufacturing,Privately Held,501-1000,5320,1945,Waukegan,Illinois,United States,https://www.deublin.com
BOWE GROUP,bowe.com,https://www.linkedin.com/company/bowe-group,Automation Machinery Manufacturing,Privately Held,501-1000,5318,1945,Augsburg,Bayern,Germany,https://www.bowe.com
Blickle Dach,blickle.de,https://www.linkedin.com/company/blickle-dach,Industrial Machinery Manufacturing,Privately Held,1001-5000,5289,1953,Rosenfeld,Baden-Wurttemberg,Germany,https://www.blickle.de
Wood-Mizer Llc,woodmizer.com,https://www.linkedin.com/company/wood-mizer-products,Machinery Manufacturing,Privately Held,501-1000,5287,1982,Indianapolis,Indiana,United States,https://woodmizer.com/us
Bauer Kompressoren Group,bauer-kompressoren.de,https://www.linkedin.com/company/bauerkompressorengroup,Industrial Machinery Manufacturing,Privately Held,1001-5000,5243,1946,Munich,-,Germany,https://www.bauer-kompressoren.de/en
SurfacePrep,surfaceprep.com,https://www.linkedin.com/company/surfaceprep,Industrial Machinery Manufacturing,Privately Held,501-1000,5240,1956,Byron Center,Michigan,United States,https://www.surfaceprep.com
Baumann Automation,baumann-automation.com,https://www.linkedin.com/company/baumann-gmbh,Industrial Automation,Privately Held,501-1000,5233,1984,Amberg,Bavaria,Germany,https://baumann-automation.com
"DeSHAZO, LLC",deshazo.com,https://www.linkedin.com/company/deshazo-llc,Machinery Manufacturing,Privately Held,501-1000,5226,1972,Bessemer,Alabama,United States,https://www.deshazo.com
Yamato Scale Europe,yamatoscale.de,https://www.linkedin.com/company/yamato-scale-gmbh,Machinery Manufacturing,Privately Held,1001-5000,5211,1922,Willich,Nrw,Germany,https://www.yamatoscale.de/home.html
Gesipa,gesipa.com,https://www.linkedin.com/company/gesipa,Industrial Machinery Manufacturing,Public Company,501-1000,5181,1955,Mörfelden-walldorf,-,Germany,https://www.gesipa.com
Alvance British Aluminium,alvancebritishaluminium.com,https://www.linkedin.com/company/alvance-aluminium-group,Industrial Machinery Manufacturing,Privately Held,501-1000,5153,2020,Fort William Lochaber,-,United Kingdom,https://alvancebritishaluminium.com
STAHLWILLE Eduard Wille GmbH,stahlwille.com,https://www.linkedin.com/company/stahlwilletoolexperts,Industrial Machinery Manufacturing,Privately Held,501-1000,5146,-,Wuppertal,North Rhine-Westphalia,Germany,https://www.stahlwille.com
Kjellberg Finsterwalde,kjellberg.de,https://www.linkedin.com/company/kjellberg-finsterwalde,Machinery Manufacturing,Public Company,501-1000,4987,1922,Finsterwalde,Brandenburg,Germany,https://www.kjellberg.de/de/impressum.html
Manchester Tank and Equipment,mantank.com,https://www.linkedin.com/company/manchester-tank-and-equipment,Machinery Manufacturing,Privately Held,501-1000,4982,1946,Franklin,Tennessee,United States,https://www.mantank.com
Pva Tepla Ag,pvatepla.com,https://www.linkedin.com/company/pva-tepla-ag,Machinery Manufacturing,Public Company,1001-5000,4944,-,Wettenberg,-,Germany,https://www.pvatepla.com
Rotor Clip,rotorclip.com,https://www.linkedin.com/company/rotor-clip,Industrial Machinery Manufacturing,Privately Held,501-1000,4952,1957,Somerset,New Jersey,United States,https://www.rotorclip.com
Hikoki Power Tools Europe,hikoki-powertools.eu,https://www.linkedin.com/company/hikoki-europe,Industrial Machinery Manufacturing,Self-Owned,5001-10000,4886,-,Nurtingen,-,Germany,https://hikoki-powertools.eu/en
Huawei Fusionsolar Deutschland,huawei.com,https://www.linkedin.com/company/huawei-fusionsolar-deutschland,Industrial Machinery Manufacturing,Public Company,10001+,4883,1987,Dusseldorf,North Rhine-Westphalia,Germany,https://solar.huawei.com/de
Moog In The Uk,moog.co.uk,https://www.linkedin.com/company/moog-in-the-uk,Industrial Machinery Manufacturing,Public Company,1001-5000,4867,1951,Tewkesbury,-,United Kingdom,https://www.moog.co.uk
Teejet Technologies,teejet.com,https://www.linkedin.com/company/teejet-technologies,Machinery Manufacturing,Privately Held,501-1000,4862,1937,Glendale Heights,Illinois,United States,https://www.teejet.com
Vision Systems Design,vision-systems.com,https://www.linkedin.com/company/vision-systems-design,Automation Machinery Manufacturing,Privately Held,501-1000,4859,-,Nashua,New Hampshire,United States,https://www.vision-systems.com
GEOTEK LLC,geotek.com,https://www.linkedin.com/company/geotek_2,Industrial Machinery Manufacturing,Privately Held,501-1000,4850,1990,Stewartville,Minnesota,United States,https://www.geotek.com
Jfy International,jfy-international.com,https://www.linkedin.com/company/jfy-international,Machinery Manufacturing,Privately Held,501-1000,4841,1989,Stuttgart,Baden-Wurttemberg,Germany,https://www.jfy-international.com
TOX® Germany,tox.com,https://www.linkedin.com/company/tox-germany,Machinery Manufacturing,Privately Held,1001-5000,4798,1978,Weingarten,-,Germany,https://www.tox.com
Felsomat Gmbh & Co. Kg,felsomat.de,https://www.linkedin.com/company/felsomat-gmbh-co-kg,Machinery Manufacturing,Partnership,501-1000,4784,1981,Königsbach-stein,-,Germany,https://www.felsomat.de
Nem Balcke-Dürr Gmbh,nem-energy.com,https://www.linkedin.com/company/balcke-duerr,Machinery Manufacturing,Self-Owned,501-1000,4777,-,Dusseldorf,Nordrhein-Westfalen,Germany,https://nem-energy.com
Dockweiler Ag,dockweiler.com,https://www.linkedin.com/company/dockweiler,Fabricated Metal Products,Public Company,501-1000,4767,1955,Neustadt-glewe,-,Germany,https://www.dockweiler.com
New York Blower Company,nyb.com,https://www.linkedin.com/company/new-york-blower-company,Industrial Machinery Manufacturing,Privately Held,501-1000,4750,1889,Willowbrook,Illinois,United States,https://www.nyb.com
Driventic,driventic.com,https://www.linkedin.com/company/driventic,Machinery Manufacturing,Public Company,1001-5000,4731,2025,Heidenheim An Der Brenz,Baden-Wurttemberg,Germany,https://driventic.com
Iwaki America Inc.,iwakiamerica.com,https://www.linkedin.com/company/iwaki-america,Industrial Machinery Manufacturing,Public Company,501-1000,4750,1974,Holliston,Massachusetts,United States,https://iwakiamerica.com
Goss International,gossinternational.com,https://www.linkedin.com/company/goss-international,Machinery Manufacturing,Privately Held,501-1000,4725,1850,Durham,New Hampshire,United States,https://www.gossinternational.com
F.Ee Gmbh,fee.de,https://www.linkedin.com/company/f-ee-gmbh,Automation Machinery Manufacturing,Self-Owned,1001-5000,4718,1982,Neunburg Vorm Wald,-,Germany,https://www.fee.de
Ringfeder Power Transmission,ringfeder.com,https://www.linkedin.com/company/ringfeder-power-transmission,Machinery Manufacturing,Public Company,501-1000,4704,1922,Groß-umstadt,-,Germany,https://www.ringfeder.com
Vetter Forks,forks.com,https://www.linkedin.com/company/vetter-industrie-gmbh,Machinery Manufacturing,Public Company,501-1000,4695,1889,57299,-,Germany,https://www.forks.com
Yamaha Robotics Emea,yamaha-motor-robotics.de,https://www.linkedin.com/company/yamaha-robotics-emea,Automation Machinery Manufacturing,Privately Held,1001-5000,4694,2011,Neuss,Nrw,Germany,https://yamaha-motor-robotics.de
FloWorks,gofloworks.com,https://www.linkedin.com/company/floworks-international,Automation Machinery Manufacturing,Privately Held,501-1000,4690,1974,Houston,Texas,United States,https://www.gofloworks.com
Weiler,weilerproducts.com,https://www.linkedin.com/company/weiler,Machinery Manufacturing,Privately Held,501-1000,4672,2000,Knoxville,Iowa,United States,https://www.weilerproducts.com
Desma Elastomertechnik,desma.biz,https://www.linkedin.com/company/kloecknerdesma,Machinery Manufacturing,Self-Owned,501-1000,4627,1965,Fridingen,-,Germany,https://www.desma.biz
Al-Ko Airtech,alko-airtech.com,https://www.linkedin.com/company/alkoairtech,Industrial Machinery Manufacturing,Public Company,501-1000,4577,1975,Jettingen-Scheppach,-,Germany,https://alko-airtech.com
Matthews Engineering,matthews-engineering.com,https://www.linkedin.com/company/matthews-engineering,Machinery Manufacturing,Public Company,1001-5000,4571,-,Vreden,-,Germany,https://matthews-engineering.com
Australian Beef Sustainability Framework,sustainableaustralianbeef.com.au,https://www.linkedin.com/company/australian-beef-sustainability-framework,Agriculture; Construction; Mining Machinery Manufacturing,Partnership,10001+,4569,2017,Australia,-,Australia,https://www.sustainableaustralianbeef.com.au
Am Solutions - 3d Post Processing Technology,solutions-for-am.com,https://www.linkedin.com/company/am-solutions-3d-post-processing-technology,Machinery Manufacturing,Privately Held,1001-5000,4568,2019,Untermerzbach,-,Germany,https://www.solutions-for-am.com/en/mandatory-information
