company_linkedin_url,company_name,domain,country,size_band,employee_count,headcount_basis,why_removed,client_imts_verdict
https://www.linkedin.com/company/ald-vacuum-technologies-inc.,ALD Vacuum Technologies GmbH,ald-vt.de,US,11-50,29,size_band,size band under 201,Yes
https://www.linkedin.com/company/alfing-corporation,ALFING CORPORATION,alfing-corp.com,US,11-50,25,size_band,size band under 201,Yes
https://www.linkedin.com/company/marvel-manufacturing,Amada Machinery America,amadamca.com,US,51-200,47,size_band,size band under 201,Yes
https://www.linkedin.com/company/behringersawsusa,"Behringer Saws, Inc.",behringersaws.com,US,11-50,34,size_band,size band under 201,Yes
https://www.linkedin.com/company/%e5%8c%97%e4%ba%ac%e6%b2%83%e5%b0%94%e5%be%b7%e9%87%91%e5%88%9a%e7%9f%b3%e5%b7%a5%e5%85%b7%e8%82%a1%e4%bb%bd%e6%9c%89%e9%99%90%e5%85%ac%e5%8f%b8,"Beijing Worldia Diamond Tools Co.,Ltd.",worldiatools.com,CN,-,20,employee_count,employee count <=200 (no size band),Yes
https://www.linkedin.com/company/big-daishowa-americas,BIG DAISHOWA,bigdaishowa.com,US,11-50,54,size_band,size band under 201,Yes
https://www.linkedin.com/company/bissell-commercial,Bissell Commercial,bissellcommercial.com,US,51-200,14,size_band,size band under 201,Yes
https://www.linkedin.com/company/alicona-imaging-gmbh,Bruker Alicona,alicona.com,AT,-,121,employee_count,employee count <=200 (no size band),Yes
https://www.linkedin.com/company/ceia-usa,CEIA USA Induction Heating Systems,induction.ceia-usa.com,US,51-200,101,size_band,size band under 201,Yes
https://www.linkedin.com/company/cms-north-america,CMS / DMS,cmsna.com,US,51-200,52,size_band,size band under 201,Yes
-,DN Solutions America,dn-solutions.us,-,-,-,-,no headcount data,Yes
-,ETXE-TAR USA Corporation,etxe-tar.com,-,-,-,-,no headcount data,Yes
https://www.linkedin.com/company/farsoonamericas,Farsoon Technologies,farsoon-gl.com,US,11-50,11,size_band,size band under 201,Yes
https://www.linkedin.com/company/fischer-technology-inc,"Fischer Technology, Inc.",fischer-technology.com,US,11-50,44,size_band,size band under 201,Yes
https://www.linkedin.com/company/fuji-machine-america-corp,Fuji Machine America Corporation,fujimachine.com,US,51-200,18,size_band,size band under 201,Yes
https://www.linkedin.com/company/hainbuch-america-corporation,HAINBUCH America Corporation,hainbuchamerica.com,US,11-50,30,size_band,size band under 201,Yes
https://www.linkedin.com/company/hirata-corporation-of-america,Hirata Corporation of America,hirata.com,US,51-200,104,size_band,size band under 201,Yes
https://www.linkedin.com/company/hiwin-corporation,HIWIN Corporation,hiwin.us,US,51-200,300,size_band,size band under 201,Yes
https://www.linkedin.com/company/hanel-storage-systems,Hänel Storage Systems,hanel.us,US,11-50,63,size_band,size band under 201,Yes
https://www.linkedin.com/company/jakarobotics,Jaka Americas LLC,jaka.com,CN,-,129,employee_count,employee count <=200 (no size band),Yes
-,"JEOL USA, INC",jeoladditive.com,-,-,-,-,no headcount data,Yes
-,JYOTI CNC AUTOMATION LTD.,jyoti.co.in,-,-,-,-,no headcount data,Yes
https://www.linkedin.com/company/kanefusa-europe-b-v,Kanefusa USA Inc.,kanefusa.net,NL,-,11,employee_count,employee count <=200 (no size band),Yes
https://www.linkedin.com/company/knollamericainc,KNOLL America,knollamerica.com,US,11-50,22,size_band,size band under 201,Yes
https://www.linkedin.com/company/leica-microsystems-inc.,"Leica Microsystems, Inc.",leica-microsystems.com,US,1-10,12,size_band,size band under 201,Yes
https://www.linkedin.com/company/lube-usa,LUBE USA,lubeusa.com,US,11-50,12,size_band,size band under 201,Yes
https://www.linkedin.com/company/lutzeinc,LUTZE Inc.,lutze.com,US,51-200,68,size_band,size band under 201,Yes
https://www.linkedin.com/company/marubeni-citizen-cincom-inc,"Marubeni Citizen-Cincom, Inc.",marucit.com,US,51-200,84,size_band,size band under 201,Yes
-,"Mitsubishi Electric US, Inc., Industrial Automation",us.mitsubishielectric.com,-,-,-,-,no headcount data,Yes
https://www.linkedin.com/company/nachirobotics,Nachi Robotics,nachirobotics.com,US,51-200,93,size_band,size band under 201,Yes
https://www.linkedin.com/company/nidec-machine-tool-america-llc,"NIDEC MACHINE TOOL AMERICA, LLC.",nidec-machinetoolamerica.com,US,11-50,19,size_band,size band under 201,Yes
https://www.linkedin.com/company/niigata-machinery-usa-co-inc,"Niigata, Inc.",niigatausa.com,US,1-10,1,size_band,size band under 201,Yes
https://www.linkedin.com/company/noritake-abrasives,"Noritake U.S.A., Inc.",noritake-abrasives.com,US,1-10,2,size_band,size band under 201,Yes
https://www.linkedin.com/company/saint-gobain-abrasivos-adhesivos-colombia,Norton / Saint-Gobain Abrasives,nortonabrasives.com,CO,-,53,employee_count,employee count <=200 (no size band),Yes
https://www.linkedin.com/company/nsk-america-corp-en-espa%c3%b1ol,NSK America Corporation,nskamericacorp.com,US,11-50,1,size_band,size band under 201,Yes
https://www.linkedin.com/company/okamotocorp,Okamoto Corporation,okamotocorp.com,US,11-50,146,size_band,size band under 201,Yes
-,Optical Gaging Products (OGP),ogp.com,-,-,-,-,no headcount data,Yes
https://www.linkedin.com/company/orientalmotor,ORIENTAL MOTOR U.S.A. CORP.,orientalmotor.com,US,51-200,119,size_band,size band under 201,Yes
-,Orion Machinery,orionmachineryna.com,-,-,-,-,no headcount data,Yes
https://www.linkedin.com/company/pascal-engineering-inc,Pascal Engineering Inc.,pascalenginc.com,US,1-10,16,size_band,size band under 201,Yes
https://www.linkedin.com/company/porite-taiwan-co-ltd,Porite Corporation,porite.com,TW,-,53,employee_count,employee count <=200 (no size band),Yes
https://www.linkedin.com/company/punch-industry-usa-inc,PUNCH INDUSTRY USA INC.,punch-us.com,US,1-10,12,size_band,size band under 201,Yes
https://www.linkedin.com/company/rix-us,RIX North America,rix-us.com,US,11-50,12,size_band,size band under 201,Yes
https://www.linkedin.com/company/rollomaticinc,Rollomatic Inc.,rollomaticusa.com,US,11-50,31,size_band,size band under 201,Yes
https://www.linkedin.com/company/rose-plastic-usa-l.l.l.p,"rose plastic USA, LLLP",rose-plastic.us,US,51-200,3,size_band,size band under 201,Yes
https://www.linkedin.com/company/samchully-workholding-inc-,"Samchully Workholding, Inc.",samchullyworkholding.com,US,11-50,18,size_band,size band under 201,Yes
-,Sandvik,digitalmanufacturing.sandvik,-,-,-,-,no headcount data,Yes
https://www.linkedin.com/company/schenck-usa-corp,Schenck USA CORP.,schenck-usa.com,US,51-200,120,size_band,size band under 201,Yes
https://www.linkedin.com/company/senfeng-usa,Senfeng Laser USA Inc.,senfenglaserusa.com,US,11-50,18,size_band,size band under 201,Yes
https://www.linkedin.com/company/shigiyausa,Shigiya (USA) Ltd.,shigiya.com,US,1-10,-,size_band,size band under 201,Yes
https://www.linkedin.com/company/smecmachinetoolskorea,SMEC America Corp.,esmec.com,KR,-,33,employee_count,employee count <=200 (no size band),Yes
https://www.linkedin.com/company/snk-america-inc-,SNK America Inc.,snkamerica.com,US,51-200,64,size_band,size band under 201,Yes
https://www.linkedin.com/company/sodick-inc.,"Sodick, Inc.",sodick.com,US,51-200,125,size_band,size band under 201,Yes
https://www.linkedin.com/company/spinner-north-america,"SPINNER North America, LLC",spinnercnc.com,US,51-200,16,size_band,size band under 201,Yes
https://www.linkedin.com/company/star-cnc-machine-tool-corp,Star CNC Machine Tool Corp.,starcnc.com,US,51-200,40,size_band,size band under 201,Yes
-,"SYNTEC TECHNOLOGY CO., LTD.",syntecclub.com.tw,-,-,-,-,no headcount data,Yes
-,"TBI MOTION INTELLIGENCE CO., LTD.",tbimotion.com.tw,-,-,-,-,no headcount data,Yes
https://www.linkedin.com/company/tiangong-international-company-limited,Tiangong Precision Tools (Hong Kong) Company,tggj.cn,HK,-,10,employee_count,employee count <=200 (no size band),Yes
https://www.linkedin.com/company/southwestern-industries-inc.,TRAK Machine Tools,trakmt.com,US,51-200,135,size_band,size band under 201,Yes
https://www.linkedin.com/company/tsugami-america,Tsugami America,tsugamiamerica.com,US,51-200,68,size_band,size band under 201,Yes
https://www.linkedin.com/company/vargus,Vargus USA,vargus.com,IL,-,183,employee_count,employee count <=200 (no size band),Yes
https://www.linkedin.com/company/wafios-machinery-corporation,WAFIOS Machinery Corporation,wafios.us,US,-,35,employee_count,employee count <=200 (no size band),Yes
https://www.linkedin.com/company/waldmann-lighting,Waldmann Lighting,waldmannlighting.com,US,11-50,29,size_band,size band under 201,Yes
https://www.linkedin.com/company/weidmuller-north-america,Weidmuller,weidmuller.com,US,51-200,167,size_band,size band under 201,Yes
-,WEILER North America Corporation,weilerusa.com,-,-,-,-,no headcount data,Yes
https://www.linkedin.com/company/wenzel-america-ltd,"WENZEL America, Ltd.",wenzelamerica.com,US,11-50,31,size_band,size band under 201,Yes
https://www.linkedin.com/company/werth-inc.,"Werth, Inc.",werthinc.com,US,11-50,15,size_band,size band under 201,Yes
https://www.linkedin.com/company/zcc-usa-inc,"ZCC - USA, Inc.",zccusa.com,US,11-50,12,size_band,size band under 201,Yes
https://www.linkedin.com/company/zccamerica,ZCC America,zccamerica.com,US,11-50,7,size_band,size band under 201,Yes
