domain,company_name,company_linkedin,website,employees,employee_range,year_founded,company_type,industry,hq_city,hq_region,hq_country,description,campaign,config_slug,sourcing_reasoning
vuventurepartners.com,VU Venture Partners,https://www.linkedin.com/company/vu-venture-partners,https://www.vuventurepartners.com,276,201-500,2018,Privately Held,Venture Capital and Private Equity Principals,San Francisco,California,United States,"VU Venture Partners is a multi-stage venture capital fund focusing on Consumer, Enterprise, FinTech, Frontier, Healthcare, and PropTech",NewCo Countdown — Sponsor Side,newco-countdown-sponsor-side,"Matched Blitz industry filter 'Venture Capital and Private Equity(-Principals)' + keyword match on healthcare/medical device/medtech (specialties: venture capital, private equity, angel investing, consumer, enterprise, fintech, blockchain, healthcare, frontier tech, real estate tech), US HQ, 11-1000 employee range as a proxy for the segment's operating-partner-bearing PE firm size. This confirms the firm is a healthcare/medtech-focused investor — it does NOT verify the specific triggers the campaign requires: a stated carve-out/divestiture strategy, deal sizes $200M-$2B EV, or a current/recently-announced medtech separation in the portfolio. Those need per-firm verification against 8-K filings, the firm's own portfolio/news page, MedTech Dive, MassDevice, or the Lawrence Evans weekly M&A digest, per the campaign brief's own source list."
oneequity.com,One Equity Partners,https://www.linkedin.com/company/one-equity-partners,https://www.oneequity.com,111,11-50,2001,Partnership,Venture Capital and Private Equity Principals,New York,New York,United States,"One Equity Partners is a middle market private equity firm with approximately $10 billion in assets under management focused on transformative combinations within the industrial, healthcare and technology sectors in North America and Europe. The firm seeks to build market-leading companies by identifying and executing transformative business combinations. OEP is a trusted partner with a differentiated investment process, a broad and senior team, and an established track record generating long-te",NewCo Countdown — Sponsor Side,newco-countdown-sponsor-side,"Matched Blitz industry filter 'Venture Capital and Private Equity(-Principals)' + keyword match on healthcare/medical device/medtech (specialties: -), US HQ, 11-1000 employee range as a proxy for the segment's operating-partner-bearing PE firm size. This confirms the firm is a healthcare/medtech-focused investor — it does NOT verify the specific triggers the campaign requires: a stated carve-out/divestiture strategy, deal sizes $200M-$2B EV, or a current/recently-announced medtech separation in the portfolio. Those need per-firm verification against 8-K filings, the firm's own portfolio/news page, MedTech Dive, MassDevice, or the Lawrence Evans weekly M&A digest, per the campaign brief's own source list."
versantventures.com,Versant Ventures,https://www.linkedin.com/company/versant-ventures,https://www.versantventures.com,76,11-50,1999,Partnership,Venture Capital and Private Equity Principals,San Francisco,California,United States,"Versant Ventures is a leading healthcare investment firm committed to helping exceptional entrepreneurs build the next generation of great companies. The firm’s emphasis is on biotechnology companies that are discovering and developing novel therapeutics. With $2.4 billion under management and offices in the U.S., Canada and Europe, Versant has built a team with deep investment, operating and clinical expertise that enables a hands-on approach to company building. Since the firm’s founding in 19",NewCo Countdown — Sponsor Side,newco-countdown-sponsor-side,"Matched Blitz industry filter 'Venture Capital and Private Equity(-Principals)' + keyword match on healthcare/medical device/medtech (specialties: biopharmaceuticals, medical devices, life science opportunities, venture capital, company creation), US HQ, 11-1000 employee range as a proxy for the segment's operating-partner-bearing PE firm size. This confirms the firm is a healthcare/medtech-focused investor — it does NOT verify the specific triggers the campaign requires: a stated carve-out/divestiture strategy, deal sizes $200M-$2B EV, or a current/recently-announced medtech separation in the portfolio. Those need per-firm verification against 8-K filings, the firm's own portfolio/news page, MedTech Dive, MassDevice, or the Lawrence Evans weekly M&A digest, per the campaign brief's own source list."
saigroup.ai,SAIGroup,https://www.linkedin.com/company/sai-group-investments,https://saigroup.ai,36,11-50,2017,Privately Held,Venture Capital and Private Equity Principals,Palo Alto,California,United States,"SAIGroup is a private investment company focused on acquiring and growing enterprise AI companies. The SAIGroup portfolio includes SymphonyAI, ConcertAI, and RhythmX AI.",NewCo Countdown — Sponsor Side,newco-countdown-sponsor-side,"Matched Blitz industry filter 'Venture Capital and Private Equity(-Principals)' + keyword match on healthcare/medical device/medtech (specialties: ai, investment, enterprise software, healthcareai, industrialai, retailai, ai in finance, saas, precision healthcare, media ai, enterprise ai, ai saas), US HQ, 11-1000 employee range as a proxy for the segment's operating-partner-bearing PE firm size. This confirms the firm is a healthcare/medtech-focused investor — it does NOT verify the specific triggers the campaign requires: a stated carve-out/divestiture strategy, deal sizes $200M-$2B EV, or a current/recently-announced medtech separation in the portfolio. Those need per-firm verification against 8-K filings, the firm's own portfolio/news page, MedTech Dive, MassDevice, or the Lawrence Evans weekly M&A digest, per the campaign brief's own source list."
amractionfund.com,AMR Action Fund,https://www.linkedin.com/company/amr-action-fund,https://amractionfund.com,25,11-50,2020,Privately Held,Venture Capital and Private Equity Principals,Boston,Massachusetts,United States,"The AMR Action Fund is a groundbreaking VC fund that enables breakthroughs in the development of antibiotics, anti-fungals, and other antimicrobials. We invest in companies developing innovative treatments for priority drug-resistant pathogens and advocate for market reforms and policy solutions to change how society values these lifesaving drugs.",NewCo Countdown — Sponsor Side,newco-countdown-sponsor-side,"Matched Blitz industry filter 'Venture Capital and Private Equity(-Principals)' + keyword match on healthcare/medical device/medtech (specialties: investing, investment, healthcare, biotech, research and development, pharmaceutical, antibiotics, antimicrobial resistance, amr, venture capital, private equity), US HQ, 11-1000 employee range as a proxy for the segment's operating-partner-bearing PE firm size. This confirms the firm is a healthcare/medtech-focused investor — it does NOT verify the specific triggers the campaign requires: a stated carve-out/divestiture strategy, deal sizes $200M-$2B EV, or a current/recently-announced medtech separation in the portfolio. Those need per-firm verification against 8-K filings, the firm's own portfolio/news page, MedTech Dive, MassDevice, or the Lawrence Evans weekly M&A digest, per the campaign brief's own source list."
sopriscapital.com,Sopris Capital,https://www.linkedin.com/company/sopris-capital,https://sopriscapital.com,34,11-50,2002,Privately Held,Venture Capital and Private Equity Principals,Aspen,Colorado,United States,"As a 20-year-old investment firm with a single source of long-term capital, we have the flexibility and agility needed to act quickly and to deploy our knowledge, networks, and expertise in support of our partners and the value creation process.  Our team members hail from leading investment firms including; Welsh Carson Anderson & Stowe, Blackrock, Citi Group, Black Diamond Capital Management, and Macquarie Group.   We have offices in Aspen, Dallas, Denver, and Miami, enabling us to have an on-",NewCo Countdown — Sponsor Side,newco-countdown-sponsor-side,"Matched Blitz industry filter 'Venture Capital and Private Equity(-Principals)' + keyword match on healthcare/medical device/medtech (specialties: venture capital, growth equity infusions, healthcare services, technology enabled b2b services, ai / ml, saas, private equity, real estate, healthcare data), US HQ, 11-1000 employee range as a proxy for the segment's operating-partner-bearing PE firm size. This confirms the firm is a healthcare/medtech-focused investor — it does NOT verify the specific triggers the campaign requires: a stated carve-out/divestiture strategy, deal sizes $200M-$2B EV, or a current/recently-announced medtech separation in the portfolio. Those need per-firm verification against 8-K filings, the firm's own portfolio/news page, MedTech Dive, MassDevice, or the Lawrence Evans weekly M&A digest, per the campaign brief's own source list."
nlvc.com,NLVC,https://www.linkedin.com/company/nlvc,https://www.nlvc.com,86,11-50,2005,Privately Held,Venture Capital and Private Equity Principals,Menlo Park,California,United States,"About NLVC  Founded in 2005, NLVC is a leading venture capital firm specializing in early-stage enterprise technology, healthcare, and consumer technology companies. With $4.5 billion in capital under management, more than 300 investments and over 50 successful exits, NLVC partners with global entrepreneurs in particular seeking global expansion opportunities, and helps build great, sustainable global companies that change society. NLVC is led by experienced entrepreneurs, operators, and investo",NewCo Countdown — Sponsor Side,newco-countdown-sponsor-side,"Matched Blitz industry filter 'Venture Capital and Private Equity(-Principals)' + keyword match on healthcare/medical device/medtech (specialties: entrepreneurship, venture capital, technology, early stage, mobile, ai, advanced manufacturing, enterprise, healthcare, consumer), US HQ, 11-1000 employee range as a proxy for the segment's operating-partner-bearing PE firm size. This confirms the firm is a healthcare/medtech-focused investor — it does NOT verify the specific triggers the campaign requires: a stated carve-out/divestiture strategy, deal sizes $200M-$2B EV, or a current/recently-announced medtech separation in the portfolio. Those need per-firm verification against 8-K filings, the firm's own portfolio/news page, MedTech Dive, MassDevice, or the Lawrence Evans weekly M&A digest, per the campaign brief's own source list."
riversidepartners.com,Riverside Partners,https://www.linkedin.com/company/riverside-partners,https://www.riversidepartners.com,39,11-50,1989,Partnership,Venture Capital and Private Equity Principals,Boston,Massachusetts,United States,"Founded in 1989, Riverside Partners is a Boston-based middle market private equity firm currently investing Riverside Fund VI, L.P. The fund focuses on growth-oriented companies primarily in the healthcare and technology industries. Riverside Partners is particularly experienced at partnering with founders, owners and management teams and it brings substantial domain expertise and operating experience to its portfolio companies.  Riverside typically invests in North American companies with $3-15",NewCo Countdown — Sponsor Side,newco-countdown-sponsor-side,"Matched Blitz industry filter 'Venture Capital and Private Equity(-Principals)' + keyword match on healthcare/medical device/medtech (specialties: healthcare investing, technology investing, hcit), US HQ, 11-1000 employee range as a proxy for the segment's operating-partner-bearing PE firm size. This confirms the firm is a healthcare/medtech-focused investor — it does NOT verify the specific triggers the campaign requires: a stated carve-out/divestiture strategy, deal sizes $200M-$2B EV, or a current/recently-announced medtech separation in the portfolio. Those need per-firm verification against 8-K filings, the firm's own portfolio/news page, MedTech Dive, MassDevice, or the Lawrence Evans weekly M&A digest, per the campaign brief's own source list."
civilizationventures.com,Civilization Ventures,https://www.linkedin.com/company/civilizationventures,https://www.civilizationventures.com,8,11-50,2017,Privately Held,Venture Capital and Private Equity Principals,San Francisco,California,United States,"At CV, we champion visionary founders tackling the most critical challenges in biology and healthcare. With a portfolio worth $9.7B, encompassing 64 companies and 9 successful exits, we provide the capital and resources necessary for innovators to thrive.",NewCo Countdown — Sponsor Side,newco-countdown-sponsor-side,"Matched Blitz industry filter 'Venture Capital and Private Equity(-Principals)' + keyword match on healthcare/medical device/medtech (specialties: -), US HQ, 11-1000 employee range as a proxy for the segment's operating-partner-bearing PE firm size. This confirms the firm is a healthcare/medtech-focused investor — it does NOT verify the specific triggers the campaign requires: a stated carve-out/divestiture strategy, deal sizes $200M-$2B EV, or a current/recently-announced medtech separation in the portfolio. Those need per-firm verification against 8-K filings, the firm's own portfolio/news page, MedTech Dive, MassDevice, or the Lawrence Evans weekly M&A digest, per the campaign brief's own source list."
angelmd.co,AngelMD,https://www.linkedin.com/company/angelmd,https://www.angelmd.co,21,11-50,2013,Privately Held,Venture Capital and Private Equity Principals,Denver,Colorado,United States,"Based in Denver, Colorado, AngelMD is a healthcare-focused investing platform that connects leading healthcare startups from all over the world with investors, physicians, industry executives and private capital to create a more efficient path from investment to exit while de-risking investments in the process, leading to better outcomes.    We welcome all healthcare startups to create a profile on our site. Even if you are not currently looking for funding, create a profile to be connected to i",NewCo Countdown — Sponsor Side,newco-countdown-sponsor-side,"Matched Blitz industry filter 'Venture Capital and Private Equity(-Principals)' + keyword match on healthcare/medical device/medtech (specialties: angel/venture investing, digital health, medical device, medical start-ups, internet, biotechnology, pharmaceutical, medicine), US HQ, 11-1000 employee range as a proxy for the segment's operating-partner-bearing PE firm size. This confirms the firm is a healthcare/medtech-focused investor — it does NOT verify the specific triggers the campaign requires: a stated carve-out/divestiture strategy, deal sizes $200M-$2B EV, or a current/recently-announced medtech separation in the portfolio. Those need per-firm verification against 8-K filings, the firm's own portfolio/news page, MedTech Dive, MassDevice, or the Lawrence Evans weekly M&A digest, per the campaign brief's own source list."
arboretumvc.com,Arboretum Ventures,https://www.linkedin.com/company/arboretum-ventures,https://www.arboretumvc.com,26,11-50,2002,Privately Held,Venture Capital and Private Equity Principals,Ann Arbor,Michigan,United States,"Arboretum Ventures is a venture capital firm specializing in the healthcare sector. Headquartered in Ann Arbor, Arboretum invests throughout the United States, but with a preference for Midwest opportunities. Our team targets capital efficient companies that can meaningfully reduce healthcare costs in our areas of expertise: devices, diagnostics, services, and IT.",NewCo Countdown — Sponsor Side,newco-countdown-sponsor-side,"Matched Blitz industry filter 'Venture Capital and Private Equity(-Principals)' + keyword match on healthcare/medical device/medtech (specialties: -), US HQ, 11-1000 employee range as a proxy for the segment's operating-partner-bearing PE firm size. This confirms the firm is a healthcare/medtech-focused investor — it does NOT verify the specific triggers the campaign requires: a stated carve-out/divestiture strategy, deal sizes $200M-$2B EV, or a current/recently-announced medtech separation in the portfolio. Those need per-firm verification against 8-K filings, the firm's own portfolio/news page, MedTech Dive, MassDevice, or the Lawrence Evans weekly M&A digest, per the campaign brief's own source list."
digitalisventures.com,Digitalis Ventures,https://www.linkedin.com/company/digitalis-ventures,https://www.digitalisventures.com,17,11-50,2016,Privately Held,Venture Capital and Private Equity Principals,New York,New York,United States,"Digitalis Ventures is a venture capital firm that invests in solutions to complex problems in human and animal health. Digitalis partners with entrepreneurs, scientists, and inventors across all stages of venture investing. The firm comprises technical professionals with deep industry experience and networks in diverse areas related to human and animal health. Through domain expertise and a dedication to the entrepreneurial process, Digitalis is deeply committed to helping their portfolio compan",NewCo Countdown — Sponsor Side,newco-countdown-sponsor-side,"Matched Blitz industry filter 'Venture Capital and Private Equity(-Principals)' + keyword match on healthcare/medical device/medtech (specialties: biology as engineering, consumerization of healthcare, data architecture, measurement of living systems, one health, precision health), US HQ, 11-1000 employee range as a proxy for the segment's operating-partner-bearing PE firm size. This confirms the firm is a healthcare/medtech-focused investor — it does NOT verify the specific triggers the campaign requires: a stated carve-out/divestiture strategy, deal sizes $200M-$2B EV, or a current/recently-announced medtech separation in the portfolio. Those need per-firm verification against 8-K filings, the firm's own portfolio/news page, MedTech Dive, MassDevice, or the Lawrence Evans weekly M&A digest, per the campaign brief's own source list."
transformcap.com,Transformation Capital,https://www.linkedin.com/company/transformationcapital,https://www.transformcap.com,28,11-50,2019,Privately Held,Venture Capital and Private Equity Principals,Boston,Massachusetts,United States,"Never in history has there been a better time to change and improve the $3 trillion healthcare system and lead the charge in its disruption. Seismic market drivers are shifting the industry to be completely digitized while we shift to new models of care.  Work with us and you’ll have partners who will help you navigate the never-ending complexities companies face while growing in the healthcare arena. We’ve been there and done it ourselves. We’ve gotten down in the trenches, raised financing, ru",NewCo Countdown — Sponsor Side,newco-countdown-sponsor-side,"Matched Blitz industry filter 'Venture Capital and Private Equity(-Principals)' + keyword match on healthcare/medical device/medtech (specialties: healthcare information technology and services, growth equity investment), US HQ, 11-1000 employee range as a proxy for the segment's operating-partner-bearing PE firm size. This confirms the firm is a healthcare/medtech-focused investor — it does NOT verify the specific triggers the campaign requires: a stated carve-out/divestiture strategy, deal sizes $200M-$2B EV, or a current/recently-announced medtech separation in the portfolio. Those need per-firm verification against 8-K filings, the firm's own portfolio/news page, MedTech Dive, MassDevice, or the Lawrence Evans weekly M&A digest, per the campaign brief's own source list."
pruvencap.com,Pruven Capital,https://www.linkedin.com/company/pruvencapital,https://www.pruvencap.com,11,11-50,2020,Partnership,Venture Capital and Private Equity Principals,Palo Alto,California,United States,"Pruven Capital is an independent venture and growth investing firm set up in partnership with 10 of the leading incumbents in the Insurance and Asset Management spaces, including Prudential Financial (our anchor), TIAA, Lincoln Financial, Willis Towers Watson, Mutual of Omaha, Nippon Life, Generali, Nuveen, and PGIM.  We are a multi-stage investment vehicle, investing from seed through growth with check sizes ranging from $5M - $30M. Our $300M Fund I closed in August 2020 and our $378M Fund II c",NewCo Countdown — Sponsor Side,newco-countdown-sponsor-side,"Matched Blitz industry filter 'Venture Capital and Private Equity(-Principals)' + keyword match on healthcare/medical device/medtech (specialties: -), US HQ, 11-1000 employee range as a proxy for the segment's operating-partner-bearing PE firm size. This confirms the firm is a healthcare/medtech-focused investor — it does NOT verify the specific triggers the campaign requires: a stated carve-out/divestiture strategy, deal sizes $200M-$2B EV, or a current/recently-announced medtech separation in the portfolio. Those need per-firm verification against 8-K filings, the firm's own portfolio/news page, MedTech Dive, MassDevice, or the Lawrence Evans weekly M&A digest, per the campaign brief's own source list."
qimingvcusa.com,Qiming Venture Partners USA,https://www.linkedin.com/company/qiming-venture-partners-usa,https://www.qimingvcusa.com,12,11-50,2017,Privately Held,Venture Capital and Private Equity Principals,Seattle,Washington,United States,"We know how companies can and should be built.  Founded in 2017, Qiming Venture Partners USA is a healthcare venture capital firm and healthcare investor with a combination of deep technical expertise that allows us to identify tomorrow’s innovations early and strong operational experience with a hands-on approach that makes us the investor of choice for early-stage biotech companies.  Our partners often are sought-after to be on company boards because of their proven, hands-on approach to suppo",NewCo Countdown — Sponsor Side,newco-countdown-sponsor-side,"Matched Blitz industry filter 'Venture Capital and Private Equity(-Principals)' + keyword match on healthcare/medical device/medtech (specialties: -), US HQ, 11-1000 employee range as a proxy for the segment's operating-partner-bearing PE firm size. This confirms the firm is a healthcare/medtech-focused investor — it does NOT verify the specific triggers the campaign requires: a stated carve-out/divestiture strategy, deal sizes $200M-$2B EV, or a current/recently-announced medtech separation in the portfolio. Those need per-firm verification against 8-K filings, the firm's own portfolio/news page, MedTech Dive, MassDevice, or the Lawrence Evans weekly M&A digest, per the campaign brief's own source list."
broadviewventures.org,Broadview Ventures Inc,https://www.linkedin.com/company/broadview-ventures-inc,https://broadviewventures.org,14,11-50,2009,Privately Held,Venture Capital and Private Equity Principals,Boston,Massachusetts,United States,Broadview Ventures is a mission-driven investment organization. Its primary investment goal is to improve human health in the areas of cardiovascular disease and stroke. We define success as improving human health by bringing innovative technologies to patients.,NewCo Countdown — Sponsor Side,newco-countdown-sponsor-side,"Matched Blitz industry filter 'Venture Capital and Private Equity(-Principals)' + keyword match on healthcare/medical device/medtech (specialties: -), US HQ, 11-1000 employee range as a proxy for the segment's operating-partner-bearing PE firm size. This confirms the firm is a healthcare/medtech-focused investor — it does NOT verify the specific triggers the campaign requires: a stated carve-out/divestiture strategy, deal sizes $200M-$2B EV, or a current/recently-announced medtech separation in the portfolio. Those need per-firm verification against 8-K filings, the firm's own portfolio/news page, MedTech Dive, MassDevice, or the Lawrence Evans weekly M&A digest, per the campaign brief's own source list."
dfwcapital.com,DFW Capital Partners,https://www.linkedin.com/company/dfw-capital-partners,https://www.dfwcapital.com,35,11-50,-,Partnership,Venture Capital and Private Equity Principals,NYC,New York,United States,"DFW Capital Partners is an established private equity investment firm, focused exclusively on the lower middle-market.    Since 1983, DFW has been investing in and acquiring high growth businesses in the Healthcare, Business  Services, and Industrial Services industries.   DFW partners with talented entrepreneurs, supports strong management teams, and equips them for rapid growth.  Our investments can take many forms, including management buyouts, corporate divestitures, liquidity-driven recapit",NewCo Countdown — Sponsor Side,newco-countdown-sponsor-side,"Matched Blitz industry filter 'Venture Capital and Private Equity(-Principals)' + keyword match on healthcare/medical device/medtech (specialties: -), US HQ, 11-1000 employee range as a proxy for the segment's operating-partner-bearing PE firm size. This confirms the firm is a healthcare/medtech-focused investor — it does NOT verify the specific triggers the campaign requires: a stated carve-out/divestiture strategy, deal sizes $200M-$2B EV, or a current/recently-announced medtech separation in the portfolio. Those need per-firm verification against 8-K filings, the firm's own portfolio/news page, MedTech Dive, MassDevice, or the Lawrence Evans weekly M&A digest, per the campaign brief's own source list."
crossoceanfund.com,Cross Ocean Ventures,https://www.linkedin.com/company/crosss-ocean-ventures,https://breakaway.partners,9,11-50,-,Privately Held,Venture Capital and Private Equity Principals,San Francisco,-,United States,Cross Ocean Ventures is the premier early-stage investor for ambitious high-growth technology companies that got their start in Europe and Israel. - That now plan to launch or expand their footprint in the US market. - And are currently on a feasible growth path to receive US Venture Capital led Series-A funding within the next 12-24 months,NewCo Countdown — Sponsor Side,newco-countdown-sponsor-side,"Matched Blitz industry filter 'Venture Capital and Private Equity(-Principals)' + keyword match on healthcare/medical device/medtech (specialties: angel investing, venture studio, preseed funding, venture capital introductions, retail channel development, medical device investment, angel investor group, multiple exit founder investors, digital health, saas), US HQ, 11-1000 employee range as a proxy for the segment's operating-partner-bearing PE firm size. This confirms the firm is a healthcare/medtech-focused investor — it does NOT verify the specific triggers the campaign requires: a stated carve-out/divestiture strategy, deal sizes $200M-$2B EV, or a current/recently-announced medtech separation in the portfolio. Those need per-firm verification against 8-K filings, the firm's own portfolio/news page, MedTech Dive, MassDevice, or the Lawrence Evans weekly M&A digest, per the campaign brief's own source list."
leavittequity.com,Leavitt Equity Partners,https://www.linkedin.com/company/leavitt-equity-partners,https://leavittequity.com,18,11-50,2014,Privately Held,Venture Capital and Private Equity Principals,Salt Lake City,Utah,United States,"Leavitt Equity Partners (LEP) is a value-add, healthcare focused private equity firm. Founded in 2014 by Michael Leavitt, former United States Secretary of the Department of Health and Human Services, LEP leverages the healthcare intelligence and broad network of its principals to help portfolio companies thrive in a complex and ever-changing healthcare landscape.  LEP manages over $500M+ AUM on behalf of a network of strategic healthcare partners including health systems, insurers, healthcare s",NewCo Countdown — Sponsor Side,newco-countdown-sponsor-side,"Matched Blitz industry filter 'Venture Capital and Private Equity(-Principals)' + keyword match on healthcare/medical device/medtech (specialties: private equity), US HQ, 11-1000 employee range as a proxy for the segment's operating-partner-bearing PE firm size. This confirms the firm is a healthcare/medtech-focused investor — it does NOT verify the specific triggers the campaign requires: a stated carve-out/divestiture strategy, deal sizes $200M-$2B EV, or a current/recently-announced medtech separation in the portfolio. Those need per-firm verification against 8-K filings, the firm's own portfolio/news page, MedTech Dive, MassDevice, or the Lawrence Evans weekly M&A digest, per the campaign brief's own source list."
brookventure.com,Brook Venture Partners,https://www.linkedin.com/company/brook-venture-partners,https://www.brookventure.com,5,11-50,1995,Privately Held,Venture Capital and Private Equity Principals,Wakefield,Massachusetts,United States,"Since 1998, Brook Venture Partners has invested in or acquired controlling interest in over 40 expansion stage companies in the Northeastern and Mid-Atlantic US. We are focused on profitable companies in the Healthcare IT, Tech-Enabled Service, and Marketing Techonology industries.    We provide financing to profitable, expansion stage companies. Investment dollars are targeted to support the accelerated business development and sales growth of portfolio companies – effectively scaling an alre",NewCo Countdown — Sponsor Side,newco-countdown-sponsor-side,"Matched Blitz industry filter 'Venture Capital and Private Equity(-Principals)' + keyword match on healthcare/medical device/medtech (specialties: venture capital, private equity, investment banking, growth capital), US HQ, 11-1000 employee range as a proxy for the segment's operating-partner-bearing PE firm size. This confirms the firm is a healthcare/medtech-focused investor — it does NOT verify the specific triggers the campaign requires: a stated carve-out/divestiture strategy, deal sizes $200M-$2B EV, or a current/recently-announced medtech separation in the portfolio. Those need per-firm verification against 8-K filings, the firm's own portfolio/news page, MedTech Dive, MassDevice, or the Lawrence Evans weekly M&A digest, per the campaign brief's own source list."
hpisinc.com,Hyde Park Alpha,https://www.linkedin.com/company/hydeparkalpha,https://www.hpisinc.com,27,11-50,2015,Privately Held,Venture Capital and Private Equity Principals,New York,New York,United States,"Hyde Park Alpha provides advisory, analytical, and executive services to investment decision-makers, including corporate boards, family offices, and leading investment firms. Since our founding in 2015 in Chicago, we have supported clients across 50+ industries in North America, contributing to over $20 billion in closed equity transactions. Our expertise spans all major asset classes, with a particular focus on private equity, quantitative trading, venture capital, real estate, commodities, cry",NewCo Countdown — Sponsor Side,newco-countdown-sponsor-side,"Matched Blitz industry filter 'Venture Capital and Private Equity(-Principals)' + keyword match on healthcare/medical device/medtech (specialties: -), US HQ, 11-1000 employee range as a proxy for the segment's operating-partner-bearing PE firm size. This confirms the firm is a healthcare/medtech-focused investor — it does NOT verify the specific triggers the campaign requires: a stated carve-out/divestiture strategy, deal sizes $200M-$2B EV, or a current/recently-announced medtech separation in the portfolio. Those need per-firm verification against 8-K filings, the firm's own portfolio/news page, MedTech Dive, MassDevice, or the Lawrence Evans weekly M&A digest, per the campaign brief's own source list."
vacuumgroup.com,Vacuum Group,https://www.linkedin.com/company/vacuum-group,https://vacuumgroup.com,2,51-200,2021,Privately Held,Venture Capital and Private Equity Principals,-,-,United States,"Vacuum Group is the fastest growing innovation hub in CEE with the aim to advance humanity by improving access to capital, justice and healthcare. We think of profit as a fuel to make social impact and our goal is to leverage talent and resources to drive the innovation ecosystem in CEE and beyond. Our portfolio consists of fast growing companies, and our community is constantly expanding.",NewCo Countdown — Sponsor Side,newco-countdown-sponsor-side,"Matched Blitz industry filter 'Venture Capital and Private Equity(-Principals)' + keyword match on healthcare/medical device/medtech (specialties: -), US HQ, 11-1000 employee range as a proxy for the segment's operating-partner-bearing PE firm size. This confirms the firm is a healthcare/medtech-focused investor — it does NOT verify the specific triggers the campaign requires: a stated carve-out/divestiture strategy, deal sizes $200M-$2B EV, or a current/recently-announced medtech separation in the portfolio. Those need per-firm verification against 8-K filings, the firm's own portfolio/news page, MedTech Dive, MassDevice, or the Lawrence Evans weekly M&A digest, per the campaign brief's own source list."
onset.com,ONSET Ventures,https://www.linkedin.com/company/onset-ventures,https://www.onset.com,11,11-50,1984,Partnership,Venture Capital and Private Equity Principals,Menlo Park,California,United States,"ONSET Ventures provides start-up, follow-on, and intellectual capital to early-stage technology ventures, helping transform world-class ideas into valuable businesses. We've backed more than 130 companies since 1984 and manage over $1billion in assets.",NewCo Countdown — Sponsor Side,newco-countdown-sponsor-side,"Matched Blitz industry filter 'Venture Capital and Private Equity(-Principals)' + keyword match on healthcare/medical device/medtech (specialties: early-stage venture capital in the areas of it and medtech.), US HQ, 11-1000 employee range as a proxy for the segment's operating-partner-bearing PE firm size. This confirms the firm is a healthcare/medtech-focused investor — it does NOT verify the specific triggers the campaign requires: a stated carve-out/divestiture strategy, deal sizes $200M-$2B EV, or a current/recently-announced medtech separation in the portfolio. Those need per-firm verification against 8-K filings, the firm's own portfolio/news page, MedTech Dive, MassDevice, or the Lawrence Evans weekly M&A digest, per the campaign brief's own source list."
naplestechnologyventures.com,Naples Technology Ventures,https://www.linkedin.com/company/naples-technology-ventures2,https://naplestechnologyventures.com,11,11-50,-,Privately Held,Venture Capital and Private Equity Principals,Naples,Florida,United States,"Naples Technology Ventures (NTV) invests in early-stage B2B SaaS companies that exhibit strong value-add in their respective markets.  We look for investment opportunities in industries such as Financial Services, Healthcare and Insurance that are ripe for optimization and efficiency. Such industries have been slow to change operationally and are characterized by dated legacy infrastructure and ingrained manual processes. As such, they require new technologies to eliminate operational silos, cre",NewCo Countdown — Sponsor Side,newco-countdown-sponsor-side,"Matched Blitz industry filter 'Venture Capital and Private Equity(-Principals)' + keyword match on healthcare/medical device/medtech (specialties: -), US HQ, 11-1000 employee range as a proxy for the segment's operating-partner-bearing PE firm size. This confirms the firm is a healthcare/medtech-focused investor — it does NOT verify the specific triggers the campaign requires: a stated carve-out/divestiture strategy, deal sizes $200M-$2B EV, or a current/recently-announced medtech separation in the portfolio. Those need per-firm verification against 8-K filings, the firm's own portfolio/news page, MedTech Dive, MassDevice, or the Lawrence Evans weekly M&A digest, per the campaign brief's own source list."
aspirevc.com,"Aspire Ventures, LLC",https://www.linkedin.com/company/aspire_ventures,https://www.aspirevc.com,10,51-200,2014,Privately Held,Venture Capital and Private Equity Principals,Lancaster,Pennsylvania,United States,"Aspire Ventures, an Aspire Universal Company, is a venture capital firm focused on transforming healthcare with breakthrough technologies. Aspire Ventures leverages its capital, intellectual property, domain expertise, and partnerships to help bring innovations to market faster and more cost effectively for the benefit of people worldwide.   Aspire Ventures has developed A2I, an adaptive artificial intelligence platform, to help its portfolio companies offer innovative mobile, cloud, and machine",NewCo Countdown — Sponsor Side,newco-countdown-sponsor-side,"Matched Blitz industry filter 'Venture Capital and Private Equity(-Principals)' + keyword match on healthcare/medical device/medtech (specialties: mobile, machine learning, cloud computing, crm, ai, big data, health care it, internet of things, healthcare technology, impact investing, precision medicine), US HQ, 11-1000 employee range as a proxy for the segment's operating-partner-bearing PE firm size. This confirms the firm is a healthcare/medtech-focused investor — it does NOT verify the specific triggers the campaign requires: a stated carve-out/divestiture strategy, deal sizes $200M-$2B EV, or a current/recently-announced medtech separation in the portfolio. Those need per-firm verification against 8-K filings, the firm's own portfolio/news page, MedTech Dive, MassDevice, or the Lawrence Evans weekly M&A digest, per the campaign brief's own source list."
gruscapital.com,Grus Capital,https://www.linkedin.com/company/gruscapital,https://www.gruscapital.com,-,51-200,2014,Privately Held,Venture Capital and Private Equity Principals,New York,New York,United States,"Grus Capital Group is a Canadian-based private equity investment firm focused on driving growth and innovation in mid-market companies. We specialize in investments across the services, housing, beverage, healthcare, specialized industrials and consumer sectors.  Over the years, the investment team worked together in a variety of capacities, each played a role in transforming Science, EmC&Company from a local, one-plant business to the nation's leading provider of expertise healthcare and linen ",NewCo Countdown — Sponsor Side,newco-countdown-sponsor-side,"Matched Blitz industry filter 'Venture Capital and Private Equity(-Principals)' + keyword match on healthcare/medical device/medtech (specialties: private equity, real estate investment, real estate development, startups, healthcare, it consulting, financing business, beverage), US HQ, 11-1000 employee range as a proxy for the segment's operating-partner-bearing PE firm size. This confirms the firm is a healthcare/medtech-focused investor — it does NOT verify the specific triggers the campaign requires: a stated carve-out/divestiture strategy, deal sizes $200M-$2B EV, or a current/recently-announced medtech separation in the portfolio. Those need per-firm verification against 8-K filings, the firm's own portfolio/news page, MedTech Dive, MassDevice, or the Lawrence Evans weekly M&A digest, per the campaign brief's own source list."
dayblink.com,DayBlink,https://www.linkedin.com/company/dayblink,https://dayblink.com,15,11-50,-,Privately Held,Venture Capital and Private Equity Principals,McLean,Virginia,United States,"DayBlink Venture's long-term economic goal is to wholly own and operate a diversified group of businesses that generate cash and consistently earn above average returns on the capital deployed. Our second choice is to own majority or minority stakes in similar businesses, attained through our external investment fund.    Portfolio companies share the following characteristics:  (1) Business opportunities that we can intimately understand  (2) With favorable long-term prospects (3) Built on a cul",NewCo Countdown — Sponsor Side,newco-countdown-sponsor-side,"Matched Blitz industry filter 'Venture Capital and Private Equity(-Principals)' + keyword match on healthcare/medical device/medtech (specialties: seed stage, early state, growth stage, venture capital, real estate, healthcare, emerging markets, manufacturing, hospitality, travel, artificial intelligence, machine learning, entrepreneurship, investing, portfolio management, technology, blockchain, automation), US HQ, 11-1000 employee range as a proxy for the segment's operating-partner-bearing PE firm size. This confirms the firm is a healthcare/medtech-focused investor — it does NOT verify the specific triggers the campaign requires: a stated carve-out/divestiture strategy, deal sizes $200M-$2B EV, or a current/recently-announced medtech separation in the portfolio. Those need per-firm verification against 8-K filings, the firm's own portfolio/news page, MedTech Dive, MassDevice, or the Lawrence Evans weekly M&A digest, per the campaign brief's own source list."
miraicapital.global,MIRAI Capital Global,https://www.linkedin.com/company/mirai-capital-global,https://miraicapital.global,7,11-50,2023,Partnership,Venture Capital and Private Equity Principals,-,-,United States,Mirai Capital Global (MCG) is an Investment Management firm with an initial corpus of USD 1.5 Billion funded through a strategic partnership with the UAE Royal Family Office (RFO) of H.H. Sheikh Ahmed Bin Faisal Al Qassimi.   The primary Investment focus for MCG will be as “Fund-of-Funds” on Venture Capital and Private Equity entities that are eager to participate in high growth markets of India and UAE. The fund will also lead investments in selective start-ups and operative funds in the US and,NewCo Countdown — Sponsor Side,newco-countdown-sponsor-side,"Matched Blitz industry filter 'Venture Capital and Private Equity(-Principals)' + keyword match on healthcare/medical device/medtech (specialties: -), US HQ, 11-1000 employee range as a proxy for the segment's operating-partner-bearing PE firm size. This confirms the firm is a healthcare/medtech-focused investor — it does NOT verify the specific triggers the campaign requires: a stated carve-out/divestiture strategy, deal sizes $200M-$2B EV, or a current/recently-announced medtech separation in the portfolio. Those need per-firm verification against 8-K filings, the firm's own portfolio/news page, MedTech Dive, MassDevice, or the Lawrence Evans weekly M&A digest, per the campaign brief's own source list."
liquidmetalvc.com,LiquidMetal Ventures,https://www.linkedin.com/company/liquidmetal-ventures-%e8%a7%82%e6%ad%a3%e8%b5%84%e6%9c%ac,https://www.liquidmetalvc.com,9,11-50,2021,Partnership,Venture Capital and Private Equity Principals,Boston,Massachusetts,United States,"LiquidMetal Ventures is a Boston based, early-stage focused venture capital fund focusing on Energy&Sustainability, Biotech&Healthcare and AI&Robotics, with a mission backing bold and imaginative entrepreneurs from Seed to Series A with a wide connection in the Boston start-up communities and global market. The expert team, incubating service, and years of experience make sure entrepreneurs make the best out of their cooperation with the fund. With a tight connection with peer VC funds, LiquidMe",NewCo Countdown — Sponsor Side,newco-countdown-sponsor-side,"Matched Blitz industry filter 'Venture Capital and Private Equity(-Principals)' + keyword match on healthcare/medical device/medtech (specialties: -), US HQ, 11-1000 employee range as a proxy for the segment's operating-partner-bearing PE firm size. This confirms the firm is a healthcare/medtech-focused investor — it does NOT verify the specific triggers the campaign requires: a stated carve-out/divestiture strategy, deal sizes $200M-$2B EV, or a current/recently-announced medtech separation in the portfolio. Those need per-firm verification against 8-K filings, the firm's own portfolio/news page, MedTech Dive, MassDevice, or the Lawrence Evans weekly M&A digest, per the campaign brief's own source list."
arrivatollc.com,Arrivato LLC,https://www.linkedin.com/company/arrivato-llc,https://arrivatollc.com,3,201-500,-,Privately Held,Venture Capital and Private Equity Principals,-,-,United States,"Arrivato LLC is a relationship management entity of our Private Capital & Asset Management activities built through relatable personalities and relational people with institutional intelligence across a family of companies.   We focus our activities on real estate, critical infrastructure assets, power generation, fiber, manufacturers, distributors, healthcare-related companies, professional services businesses, and special situations.",NewCo Countdown — Sponsor Side,newco-countdown-sponsor-side,"Matched Blitz industry filter 'Venture Capital and Private Equity(-Principals)' + keyword match on healthcare/medical device/medtech (specialties: -), US HQ, 11-1000 employee range as a proxy for the segment's operating-partner-bearing PE firm size. This confirms the firm is a healthcare/medtech-focused investor — it does NOT verify the specific triggers the campaign requires: a stated carve-out/divestiture strategy, deal sizes $200M-$2B EV, or a current/recently-announced medtech separation in the portfolio. Those need per-firm verification against 8-K filings, the firm's own portfolio/news page, MedTech Dive, MassDevice, or the Lawrence Evans weekly M&A digest, per the campaign brief's own source list."
theseedpartners.com,The SEED Partners,https://www.linkedin.com/company/the-seed-partners,https://theseedpartners.com,1,11-50,2013,Privately Held,Venture Capital and Private Equity Principals,Minneapolis,Minnesota,United States,"The SEED Partners are a ventures group that incubates and invests in early stage healthcare technologies. Our team of experienced and successful entrepreneurs, operators, and investors have assembled a diverse set of resources which are necessary to optimize development and commercialization of early stage technologies.  Our Minneapolis based office includes a shared laboratory, collaborative work spaces and other turnkey resources.",NewCo Countdown — Sponsor Side,newco-countdown-sponsor-side,"Matched Blitz industry filter 'Venture Capital and Private Equity(-Principals)' + keyword match on healthcare/medical device/medtech (specialties: equity partnerships, reseach and development), US HQ, 11-1000 employee range as a proxy for the segment's operating-partner-bearing PE firm size. This confirms the firm is a healthcare/medtech-focused investor — it does NOT verify the specific triggers the campaign requires: a stated carve-out/divestiture strategy, deal sizes $200M-$2B EV, or a current/recently-announced medtech separation in the portfolio. Those need per-firm verification against 8-K filings, the firm's own portfolio/news page, MedTech Dive, MassDevice, or the Lawrence Evans weekly M&A digest, per the campaign brief's own source list."
breakthewheel.com,Break the Wheel,https://www.linkedin.com/company/break-the-wheel,https://breakthewheel.com,2,11-50,2019,Privately Held,Venture Capital and Private Equity Principals,-,-,United States,"We build & accelerate for profit - mission driven unicorns to help billions worldwide. #education #corruption #climatechange #humanrights, #equalrights #healthcare",NewCo Countdown — Sponsor Side,newco-countdown-sponsor-side,"Matched Blitz industry filter 'Venture Capital and Private Equity(-Principals)' + keyword match on healthcare/medical device/medtech (specialties: -), US HQ, 11-1000 employee range as a proxy for the segment's operating-partner-bearing PE firm size. This confirms the firm is a healthcare/medtech-focused investor — it does NOT verify the specific triggers the campaign requires: a stated carve-out/divestiture strategy, deal sizes $200M-$2B EV, or a current/recently-announced medtech separation in the portfolio. Those need per-firm verification against 8-K filings, the firm's own portfolio/news page, MedTech Dive, MassDevice, or the Lawrence Evans weekly M&A digest, per the campaign brief's own source list."
dchold.com,Diamond Castle Holdings,https://www.linkedin.com/company/diamond-castle-holdings-llc,https://www.dchold.com,5,11-50,2004,Privately Held,Venture Capital and Private Equity Principals,New York,New York,United States,"Diamond Castle is a private equity investment firm founded in 2004 with approximately $2.0 billion of capital raised to date. Our focus is on investments in the energy & power, financial services and healthcare sectors, as well as other diversified industries. We invest in partnership with management teams in a wide variety of transaction structures, including leveraged buyouts, recapitalizations, growth capital and equity-like investments.",NewCo Countdown — Sponsor Side,newco-countdown-sponsor-side,"Matched Blitz industry filter 'Venture Capital and Private Equity(-Principals)' + keyword match on healthcare/medical device/medtech (specialties: -), US HQ, 11-1000 employee range as a proxy for the segment's operating-partner-bearing PE firm size. This confirms the firm is a healthcare/medtech-focused investor — it does NOT verify the specific triggers the campaign requires: a stated carve-out/divestiture strategy, deal sizes $200M-$2B EV, or a current/recently-announced medtech separation in the portfolio. Those need per-firm verification against 8-K filings, the firm's own portfolio/news page, MedTech Dive, MassDevice, or the Lawrence Evans weekly M&A digest, per the campaign brief's own source list."
-,"HEPCO Capital Management, LLC",https://www.linkedin.com/company/hepco-capital-management-llc,-,8,11-50,2016,Privately Held,Venture Capital and Private Equity Principals,-,-,United States,"HEPCO Capital Management, LLC is a private investment firm founded in 2016 by Jonathan and Edward Cohen. Our Company provides capital for growth investments from seed-stage to more mature, controlled investments focusing on software, healthcare, financials, and energy among other sectors. HEPCO, LLC is an experienced builder of businesses and sponsor of public entities, SPACS, MLPs, and REITs with over 40 billion dollars’ worth of investment experience.",NewCo Countdown — Sponsor Side,newco-countdown-sponsor-side,"Matched Blitz industry filter 'Venture Capital and Private Equity(-Principals)' + keyword match on healthcare/medical device/medtech (specialties: -), US HQ, 11-1000 employee range as a proxy for the segment's operating-partner-bearing PE firm size. This confirms the firm is a healthcare/medtech-focused investor — it does NOT verify the specific triggers the campaign requires: a stated carve-out/divestiture strategy, deal sizes $200M-$2B EV, or a current/recently-announced medtech separation in the portfolio. Those need per-firm verification against 8-K filings, the firm's own portfolio/news page, MedTech Dive, MassDevice, or the Lawrence Evans weekly M&A digest, per the campaign brief's own source list."
cloudhealth.co,Cloud Health Euroventures,https://www.linkedin.com/company/cloud-health-euroventures,https://www.cloudhealth.co,10,11-50,-,Privately Held,Venture Capital and Private Equity Principals,-,-,United States,"Cloud Health Euroventures (CHEV) is a venture capital fund dedicated to transforming healthcare through digital innovation. We invest in early-stage digital health startups with a focus on Southeastern European talent and direct access to USA and EU markets.  Our team of seasoned investors, entrepreneurs, and biotech experts has a proven track record of building, scaling, and exiting successful healthcare and life sciences companies. We leverage our deep regional networks, strategic partnerships",NewCo Countdown — Sponsor Side,newco-countdown-sponsor-side,"Matched Blitz industry filter 'Venture Capital and Private Equity(-Principals)' + keyword match on healthcare/medical device/medtech (specialties: -), US HQ, 11-1000 employee range as a proxy for the segment's operating-partner-bearing PE firm size. This confirms the firm is a healthcare/medtech-focused investor — it does NOT verify the specific triggers the campaign requires: a stated carve-out/divestiture strategy, deal sizes $200M-$2B EV, or a current/recently-announced medtech separation in the portfolio. Those need per-firm verification against 8-K filings, the firm's own portfolio/news page, MedTech Dive, MassDevice, or the Lawrence Evans weekly M&A digest, per the campaign brief's own source list."
anchormountain.ca,Anchor Mountain,https://www.linkedin.com/company/anchor-mountain,https://www.anchormountain.ca,6,201-500,2023,Privately Held,Venture Capital and Private Equity Principals,-,-,United States,"Privately held investment and development firm based in Calgary, Alberta.  An integrated platform investing in and operating companies across real estate, healthcare, industrial services, renewables and automotive. We partner with founders. We bring capital, operating expertise and culture to scale legacy enterprises.  People first. Enduring value follows.",NewCo Countdown — Sponsor Side,newco-countdown-sponsor-side,"Matched Blitz industry filter 'Venture Capital and Private Equity(-Principals)' + keyword match on healthcare/medical device/medtech (specialties: -), US HQ, 11-1000 employee range as a proxy for the segment's operating-partner-bearing PE firm size. This confirms the firm is a healthcare/medtech-focused investor — it does NOT verify the specific triggers the campaign requires: a stated carve-out/divestiture strategy, deal sizes $200M-$2B EV, or a current/recently-announced medtech separation in the portfolio. Those need per-firm verification against 8-K filings, the firm's own portfolio/news page, MedTech Dive, MassDevice, or the Lawrence Evans weekly M&A digest, per the campaign brief's own source list."
cathay-capital.com,The Cathay Funds,https://www.linkedin.com/company/cathayfunds,https://www.cathay-capital.com,6,11-50,1992,Partnership,Venture Capital and Private Equity Principals,Stamford,Connecticut,United States,"The Cathay family of funds, managed by New China Capital Management, consists of five funds dedicated to direct investment in China with total invested capital of US$800 million.   Cathay typically originates and acts as either the sole or the lead equity investor, providing growth capital to fast-growing private companies across a wide range of industries, including consumer goods and services, TMT, distribution & logistics, healthcare, and manufacturing. Wherever and whenever needed, Cathay pr",NewCo Countdown — Sponsor Side,newco-countdown-sponsor-side,"Matched Blitz industry filter 'Venture Capital and Private Equity(-Principals)' + keyword match on healthcare/medical device/medtech (specialties: -), US HQ, 11-1000 employee range as a proxy for the segment's operating-partner-bearing PE firm size. This confirms the firm is a healthcare/medtech-focused investor — it does NOT verify the specific triggers the campaign requires: a stated carve-out/divestiture strategy, deal sizes $200M-$2B EV, or a current/recently-announced medtech separation in the portfolio. Those need per-firm verification against 8-K filings, the firm's own portfolio/news page, MedTech Dive, MassDevice, or the Lawrence Evans weekly M&A digest, per the campaign brief's own source list."
-,Kneip Investment Group LLC,https://www.linkedin.com/company/kneip-investment-group,-,24,11-50,2007,Privately Held,Venture Capital and Private Equity Principals,Wausau,Wisconsin,United States,Privately Held Investment Firm.   Primary focus.  Automotive Industry-Healthcare-Technology (new space).,NewCo Countdown — Sponsor Side,newco-countdown-sponsor-side,"Matched Blitz industry filter 'Venture Capital and Private Equity(-Principals)' + keyword match on healthcare/medical device/medtech (specialties: operations management, liability analysis, finance, training, healthcare, investment, p&l analysis, coaching), US HQ, 11-1000 employee range as a proxy for the segment's operating-partner-bearing PE firm size. This confirms the firm is a healthcare/medtech-focused investor — it does NOT verify the specific triggers the campaign requires: a stated carve-out/divestiture strategy, deal sizes $200M-$2B EV, or a current/recently-announced medtech separation in the portfolio. Those need per-firm verification against 8-K filings, the firm's own portfolio/news page, MedTech Dive, MassDevice, or the Lawrence Evans weekly M&A digest, per the campaign brief's own source list."
aspirephysiciansolutions.com,Aspire Physician Solutions,https://www.linkedin.com/company/aspire-physician-solutions,https://aspirephysiciansolutions.com,5,11-50,-,Privately Held,Venture Capital and Private Equity Principals,Dallas,Texas,United States,"Aspire was founded with the sole purpose of partnering and supporting independent physician practices and other physician-centric healthcare companies, that are considering strategic and/or financial transactions with private equity firms, strategic buyers, hospitals, and healthcare systems.  We invest in physician practices and healthcare companies and partner with clinical and management teams to build market-leading care delivery organizations.  Aspire provides merger and acquisition leadersh",NewCo Countdown — Sponsor Side,newco-countdown-sponsor-side,"Matched Blitz industry filter 'Venture Capital and Private Equity(-Principals)' + keyword match on healthcare/medical device/medtech (specialties: -), US HQ, 11-1000 employee range as a proxy for the segment's operating-partner-bearing PE firm size. This confirms the firm is a healthcare/medtech-focused investor — it does NOT verify the specific triggers the campaign requires: a stated carve-out/divestiture strategy, deal sizes $200M-$2B EV, or a current/recently-announced medtech separation in the portfolio. Those need per-firm verification against 8-K filings, the firm's own portfolio/news page, MedTech Dive, MassDevice, or the Lawrence Evans weekly M&A digest, per the campaign brief's own source list."
logoshelixpartners.com,Logos Helix Partners,https://www.linkedin.com/company/logos-helix-partners,https://logoshelixpartners.com,4,11-50,2025,Partnership,Venture Capital and Private Equity Principals,-,-,United States,"We fund entrepreneurs building transformative businesses in MedTech, Biotech, deep tech, AI, and blockchain. Our network brings together physicians, surgeons, finance professionals, engineers, and technology leaders from across the blockchain and AI ecosystems.",NewCo Countdown — Sponsor Side,newco-countdown-sponsor-side,"Matched Blitz industry filter 'Venture Capital and Private Equity(-Principals)' + keyword match on healthcare/medical device/medtech (specialties: venture capital, blockchain, ai, angel investing, med tech, investment, bio tech, deep research), US HQ, 11-1000 employee range as a proxy for the segment's operating-partner-bearing PE firm size. This confirms the firm is a healthcare/medtech-focused investor — it does NOT verify the specific triggers the campaign requires: a stated carve-out/divestiture strategy, deal sizes $200M-$2B EV, or a current/recently-announced medtech separation in the portfolio. Those need per-firm verification against 8-K filings, the firm's own portfolio/news page, MedTech Dive, MassDevice, or the Lawrence Evans weekly M&A digest, per the campaign brief's own source list."
rockoakcapital.net,Rock Oak Capital Partners,https://www.linkedin.com/company/rock-oak-capital-partners,https://rockoakcap.com,4,501-1000,2016,Privately Held,Venture Capital and Private Equity Principals,Machesney Park,Illinois,United States,"Rock Oak Capital is a merchant bank focused on early-stage investment in technology and healthcare. We look to partner with visionaries who are poised for mid-stage growth and stand ready to reinvent markets.  Rock Oak Capital was founded by successful entrepreneurs who have built technology and healthcare companies from the ground up. Today, we’re eager to help smart people do the same. If you’re a startup in tech or healthcare and are looking for capital to grow from concept to commerce, conta",NewCo Countdown — Sponsor Side,newco-countdown-sponsor-side,"Matched Blitz industry filter 'Venture Capital and Private Equity(-Principals)' + keyword match on healthcare/medical device/medtech (specialties: -), US HQ, 11-1000 employee range as a proxy for the segment's operating-partner-bearing PE firm size. This confirms the firm is a healthcare/medtech-focused investor — it does NOT verify the specific triggers the campaign requires: a stated carve-out/divestiture strategy, deal sizes $200M-$2B EV, or a current/recently-announced medtech separation in the portfolio. Those need per-firm verification against 8-K filings, the firm's own portfolio/news page, MedTech Dive, MassDevice, or the Lawrence Evans weekly M&A digest, per the campaign brief's own source list."
marketstreetventure.com,Market Street Venture,https://www.linkedin.com/company/market-street-venture,https://marketstreetventure.com,1,11-50,2011,Privately Held,Venture Capital and Private Equity Principals,Jersey City,New Jersey,United States,"Market Street Venture is a firm that focuses on “deep tech” start-ups in the medical field.  It specializes in robotics, tele-medicine, and innovative bio-tech.  It boasts a high rate of success when seeding start-ups in both North America and Europe; and has worked with successful incubators like Ignite, Highline Beta, Medtech, and StartupYard.",NewCo Countdown — Sponsor Side,newco-countdown-sponsor-side,"Matched Blitz industry filter 'Venture Capital and Private Equity(-Principals)' + keyword match on healthcare/medical device/medtech (specialties: -), US HQ, 11-1000 employee range as a proxy for the segment's operating-partner-bearing PE firm size. This confirms the firm is a healthcare/medtech-focused investor — it does NOT verify the specific triggers the campaign requires: a stated carve-out/divestiture strategy, deal sizes $200M-$2B EV, or a current/recently-announced medtech separation in the portfolio. Those need per-firm verification against 8-K filings, the firm's own portfolio/news page, MedTech Dive, MassDevice, or the Lawrence Evans weekly M&A digest, per the campaign brief's own source list."
furpee.com,Furpee VC,https://www.linkedin.com/company/furpee-vc,https://www.furpee.com/vc,1,11-50,2024,Partnership,Venture Capital and Private Equity Principals,-,-,United States,"Furpee Venture Capital: Pioneering the Future of AI Innovation  Furpee Venture Capital is a forward-thinking investment firm dedicated to driving the next wave of technological advancement by focusing on companies at the forefront of artificial intelligence. Our mission is to support and nurture startups that are leveraging AI to transform industries, solve complex problems, and create innovative solutions that impact the world.  At Furpee, we believe in the transformative power of AI and its po",NewCo Countdown — Sponsor Side,newco-countdown-sponsor-side,"Matched Blitz industry filter 'Venture Capital and Private Equity(-Principals)' + keyword match on healthcare/medical device/medtech (specialties: ai, venture capital), US HQ, 11-1000 employee range as a proxy for the segment's operating-partner-bearing PE firm size. This confirms the firm is a healthcare/medtech-focused investor — it does NOT verify the specific triggers the campaign requires: a stated carve-out/divestiture strategy, deal sizes $200M-$2B EV, or a current/recently-announced medtech separation in the portfolio. Those need per-firm verification against 8-K filings, the firm's own portfolio/news page, MedTech Dive, MassDevice, or the Lawrence Evans weekly M&A digest, per the campaign brief's own source list."
