segment,name,domain,linkedin,classification,description
Bobcat-like (compact construction equipment),JCB North America,jcb.com,https://www.linkedin.com/company/jcb-north-america,manufacturer - REVIEW,"JCB is a family company founded on October 23rd, 1945, and is now one of the world’s largest privately owned manufacturers of construction, agricultural and defense equipment, with 22 factories around"
Bobcat-like (compact construction equipment),Wacker Neuson,wackerneuson.com,https://www.linkedin.com/company/wackerneuson,manufacturer - REVIEW,"In close cooperation with our customers, we offer products and services that surpass their high standards and fulfill their diverse requirements, while enhancing their capabilities. The trust that our"
Bobcat-like (compact construction equipment),"MacAllister Machinery Co., Inc.",macallister.com,https://www.linkedin.com/company/macallister-machinery-co--inc-,dealer/rental - EXCLUDE,"MacAllister Machinery is a family-owned heavy equipment solutions provider offering new & used sales, rentals, parts, service, and technology across Indiana and Michigan with over 45 locations and gro"
Bobcat-like (compact construction equipment),JCB,jcb.com,https://www.linkedin.com/company/jcb,manufacturer - REVIEW,JCB is one of the largest privately owned engineering and manufacturing companies in the UK and the World's third largest manufacturer of construction machinery. With a global presence and manufacturi
Bobcat-like (compact construction equipment),Holt of California,holtca.com,https://www.linkedin.com/company/holt-of-california,manufacturer - REVIEW,"Holt of California is proud to be part of the elite global network of Caterpillar® dealers. With roots dating back to 1904—when Benjamin Holt invented the first track-type tractor in Stockton, CA—we c"
Bobcat-like (compact construction equipment),BOMAG GmbH,bomag.com,https://www.linkedin.com/company/bomag,manufacturer - REVIEW,"BOMAG is the world market leader in the field of Compaction Technology. The company belongs to the FAYAT GROUP since 2005. BOMAG is a manufacture of machines for the compaction of soils, asphalt and s"
Bobcat-like (compact construction equipment),Redhead Equipment,redheadequipment.ca,https://www.linkedin.com/company/redhead-equipment,manufacturer - REVIEW,"Dedicated to the industry since 1948, Redhead Equipment is one of Saskatchewan’s most diverse and trusted heavy equipment providers. We deliver the most dependable brands of agricultural, construction"
Bobcat-like (compact construction equipment),YANMAR America,yanmar.com,https://www.linkedin.com/company/yanmar-america,manufacturer - REVIEW,"YANMAR America Corporation, located in Adairsville, GA, is the regional headquarters of YANMAR Co., Ltd. a global company based in Osaka, Japan. YANMAR Co. Ltd., was established in 1912, and in 1933 b"
Bobcat-like (compact construction equipment),Wacker Neuson Group,wackerneusongroup.com,https://www.linkedin.com/company/wacker-neuson-group,manufacturer - REVIEW,The Wacker Neuson Group is an internationally operating group of companies with over 50 affiliates and 140 sales and service stations. As a leading manufacturer of construction equipment and compact m
Bobcat-like (compact construction equipment),Komatsu Australia,komatsu.com.au,https://www.linkedin.com/company/komatsu-australia,manufacturer - REVIEW,"Komatsu is an industry-leading manufacturer and supplier of equipment, technologies and services for the construction, forklift, mining, industrial and forestry markets. For over a century, Komatsu eq"
Bobcat-like (compact construction equipment),Kubota Tractor Corporation,kubotausa.com,https://www.linkedin.com/company/kubota-tractor-corporation,manufacturer - REVIEW,"At Kubota Tractor Corporation, we engineer solutions that empower those who shape our world. Our innovative equipment is designed with customer input at every stage, ensuring we deliver the quality, r"
Bobcat-like (compact construction equipment),Komatsu North America,komatsu.com,https://www.linkedin.com/company/komatsunorthamerica,manufacturer - REVIEW,"Komatsu develops and supplies technologies, equipment and services for the construction, mining, forklift, industrial and forestry markets. For more than a century, the company has been creating value"
Bobcat-like (compact construction equipment),Ring Power Cat,ringpower.com,https://www.linkedin.com/company/ringpowercat,dealer/rental - EXCLUDE,"Ring Power Corporation, North and Central Florida’s Cat® dealer, is headquartered in St. Augustine, Florida. Ring Power is comprised of eight divisions and has 60+ years of experience servicing and su"
Bobcat-like (compact construction equipment),Carraro Group,carraro.com,https://www.linkedin.com/company/carraro-spa,manufacturer - REVIEW,Carraro (www.carraro.com) is a leading international Group in transmission systems for off-highway vehicles and specialised tractors. The Group’s activities are divided into two Business Areas:   - Tr
Bobcat-like (compact construction equipment),Thompson Tractor Company,thompsontractor.com,https://www.linkedin.com/company/thompsontractor,manufacturer - REVIEW,"Thompson Tractor Company, Inc. specializes in the sales, rental, leasing, service and parts for earthmoving, construction and material-handling equipment, and diesel engines used for electric power ge"
Bobcat-like (compact construction equipment),Linamar Corporation,linamar.com,https://www.linkedin.com/company/linamar,manufacturer - REVIEW,"Linamar Corporation (TSX:LNR) is an advanced manufacturing company where the intersection of leading-edge technology and deep manufacturing expertise is creating solutions that power vehicles, motion,"
Bobcat-like (compact construction equipment),John Deere,deere.com,https://www.linkedin.com/company/john-deere,manufacturer - REVIEW,"It doesn’t matter if you’ve never driven a tractor, mowed a lawn, or operated a dozer. With John Deere’s role in helping produce food, fiber, fuel, and infrastructure, we work for every single person "
Bobcat-like (compact construction equipment),MANITOU Group,manitou-group.com,https://www.linkedin.com/company/manitougroup,manufacturer - REVIEW,"Commitment, reliability, passion. Our 3 core values to help you Set your future in motion."
Bobcat-like (compact construction equipment),Empire Cat,empirecat.com,https://www.linkedin.com/company/empire-southwest,dealer/rental - EXCLUDE,"MORE THAN GREAT MACHINES®  Empire Southwest is a top authorized Caterpillar® dealer for heavy equipment and power generation throughout Arizona, Nevada, and Southeastern California.  In addition, Empi"
Bobcat-like (compact construction equipment),The Toro Company,thetorocompany.com,https://www.linkedin.com/company/the-toro-company,manufacturer - REVIEW,"The Toro Company represents a portfolio of global brands spanning various markets, industries and geographies with over a century of deep knowledge in transforming how jobs get done. We deliver market"
Bobcat-like (compact construction equipment),Carter Machinery,cartermachinery.com,https://www.linkedin.com/company/carter-machinery,"contractor/producer (Astec CUSTOMER, not lookalike) - EXCLUDE","Founded in 1952, Carter Machinery is the authorized Caterpillar dealer serving Virginia, West Virginia, Maryland, Delaware and Washington D.C. through a network of more than 30 locations and 3,000 emp"
Bobcat-like (compact construction equipment),AGCO Corporation,agcocorp.com,https://www.linkedin.com/company/agco-corporation,manufacturer - REVIEW,"AGCO (NYSE: AGCO) is a global leader in the design, manufacture and distribution of agricultural machinery and precision ag technology. AGCO delivers value to farmers and OEM customers through its dif"
Bobcat-like (compact construction equipment),Altec,altec.com,https://www.linkedin.com/company/altec,manufacturer - REVIEW,"Altec is a leading provider of products and services to the electric utility, tree care, telecommunications and lights and signs markets. We help customers dig deeper and reach higher in over 100 coun"
Bobcat-like (compact construction equipment),Caterpillar Inc.,caterpillar.com,https://www.linkedin.com/company/caterpillar-inc,dealer/rental - EXCLUDE,"For 100 years, we’ve been helping customers build a better, more sustainable world. Our innovative products and services, backed by our global dealer network, provide exceptional value that helps cust"
Bobcat-like (compact construction equipment),Wagner Equipment,wagnerequipment.com,https://www.linkedin.com/company/wagner-equipment,dealer/rental - EXCLUDE,"Wagner Equipment Co. is committed to meet your total earthmoving equipment needs. We offer you quality Caterpillar machines and engines, and also carry agriculture equipment, crushing and screening eq"
Bobcat-like (compact construction equipment),KUBOTA Manufacturing of America,kubota-kma.com,https://www.linkedin.com/company/kubota-manufacturing-of-america-corp,manufacturer - REVIEW,"Established in 1988, Kubota Manufacturing of America Corporation (KMA) is headquartered in Gainesville, Georgia, a thriving industrial and agricultural community located on Lake Sidney Lanier and the "
Bobcat-like (compact construction equipment),Finning,finning.com,https://www.linkedin.com/company/finning,manufacturer - REVIEW,"Finning is the world's largest Caterpillar dealer delivering unrivalled service for over 90 years. We sell, rent and provide parts and service for equipment and engines to customers in various industr"
Bobcat-like (compact construction equipment),Gregory Poole Equipment Company,gregorypoole.com,https://www.linkedin.com/company/gregory-poole-equipment-company,dealer/rental - EXCLUDE,"Gregory Poole Equipment Company was founded by James Gregory Poole, Sr., and his uncle, William Lewis Gregory on April 1, 1951. With headquarters in Raleigh, North Carolina, Gregory Poole became the C"
Bobcat-like (compact construction equipment),Arnold Machinery Company,arnoldmachinery.com,https://www.linkedin.com/company/arnold-machinery-company,dealer/rental - EXCLUDE,"Arnold Machinery Company is a leading equipment distributor for the mining, construction, material handling and agricultural implement industries. We sell, service and rent equipment in 21 cities that"
Bobcat-like (compact construction equipment),Magaldi Group,magaldi.com,https://www.linkedin.com/company/magaldi-group,manufacturer - REVIEW,"𝗠𝗮𝗴𝗮𝗹𝗱𝗶 𝗚𝗿𝗼𝘂𝗽 | 𝗗𝗲𝗽𝗲𝗻𝗱𝗮𝗯𝗹𝗲 𝗧𝗲𝗰𝗵𝗻𝗼𝗹𝗼𝗴𝗶𝗲𝘀 𝗦𝗶𝗻𝗰𝗲 𝟭𝟵𝟮𝟵  Headquartered in Italy, Magaldi Group brings nearly a century of experience in engineering, designing, and manufacturing industrial machinery and sy"
Bobcat-like (compact construction equipment),STIHL,stihl.de,https://www.linkedin.com/company/stihl,manufacturer - REVIEW,"STIHL as an employer – THE REASONS WHY WE ARE HERE  STIHL is a leading international mechatronics company with over 19,000 employees worldwide. For almost 100 years, we have stood for quality, innovat"
Bobcat-like (compact construction equipment),Jungheinrich UK Ltd,jungheinrich.co.uk,https://www.linkedin.com/company/jungheinrich-uk-ltd,manufacturer - REVIEW,"At Jungheinrich UK, we are not only a premium manufacturer of forklift trucks — we’re also a leading force in automated material handling transformation.  Established in 1963, we offer the UK’s most c"
Bobcat-like (compact construction equipment),Black & Decker,blackanddecker.com,https://www.linkedin.com/company/black-&-decker,manufacturer - REVIEW,"Since our earliest days as a small Baltimore machine shop, BLACK+DECKER has remained steadfastly focused on customer needs. Learn more about how we've earned our reputation for quality, ingenuity and "
Bobcat-like (compact construction equipment),AMAZONEN-WERKE H. DREYER SE & Co. KG,amazone.net,https://www.linkedin.com/company/amazone-group,manufacturer - REVIEW,"Imprint: http://www.amazone.net/5000.asp  More than seven billion people currently live on Earth. In less than 50 years, it will be 10 billion. The use of Land, water and other resources must therefor"
Bobcat-like (compact construction equipment),Weidemann GmbH,weidemann.de,https://www.linkedin.com/company/weidemann-gmbh,manufacturer - REVIEW,"The internationally distinguished label Weidemann stands for 60 years of experience in developing and series manufacturing of compact Hoftracs, wheel loaders and telehandlers.  Weidemann was the first"
Bobcat-like (compact construction equipment),Camso,camso.co,https://www.linkedin.com/company/camso,manufacturer - REVIEW,"Camso is specialized in off-road tires, wheels, rubber tracks and undercarriage systems serving the material handling, construction, agricultural and powersports industries. Its high-performance produ"
Bobcat-like (compact construction equipment),Wallenius Wilhelmsen Solutions / Keen Transport,keentransport.com,https://www.linkedin.com/company/keen-transport,manufacturer - REVIEW,"Keen Transport is a national provider of heavy-haul logistics and transportation services for the construction, mining, and agriculture equipment markets. We have been discovering and serving the need"
Bobcat-like (compact construction equipment),Weiler,weilerproducts.com,https://www.linkedin.com/company/weiler,"contractor/producer (Astec CUSTOMER, not lookalike) - EXCLUDE","Located in Knoxville, Iowa, Weiler manufactures equipment for the paving market. Weiler equipment is based on proven designs that have a successful track record in the field. We work closely with cont"
Bobcat-like (compact construction equipment),Tractafric Equipment,tractafric-equipment.com,https://www.linkedin.com/company/tractafric-equipment,manufacturer - REVIEW,Vous vous interrogez sur le contenu ? Consultez le site internet de votre entreprise.
Bobcat-like (compact construction equipment),Herc Rentals,hercrentals.com,https://www.linkedin.com/company/hercrentalsinc,dealer/rental - EXCLUDE,"Herc Rentals is a premier, full-service equipment rental company providing customers with the equipment, services, and solutions they need to achieve optimal performance safely, efficiently, and effec"
Bobcat-like (compact construction equipment),Ziegler Caterpillar,zieglercat.com,https://www.linkedin.com/company/ziegler-caterpillar,dealer/rental - EXCLUDE,"Ziegler CAT is one of the largest and most successful Cat® dealers in the U.S., representing the full line of industry-leading Cat equipment, generators, and truck engines in Minnesota and Iowa. We al"
Bobcat-like (compact construction equipment),Papé Group,pape.com,https://www.linkedin.com/company/papegroup,manufacturer - REVIEW,"Keeps You Moving®  As a fourth-generation, family-owned business with more than 160 locations and 4,000 employee members, Papé serves the capital equipment needs of the construction, forestry, agricul"
Bobcat-like (compact construction equipment),CNIM,cnim-groupe.com,https://www.linkedin.com/company/cnim,"contractor/producer (Astec CUSTOMER, not lookalike) - EXCLUDE","Founded in 1856, CNIM is a French equipment manufacturer and industrial contractor operating on a worldwide basis. The Group supplies products and services to major private and public sector organizat"
Bobcat-like (compact construction equipment),MacLean-Fogg,macleanfogg.com,https://www.linkedin.com/company/maclean-fogg,manufacturer - REVIEW,"MacLean-Fogg is a fourth-generation, family-owned American manufacturing company headquartered in Mundelein, Illinois. Founded in 1925, the company designs and manufactures American-made engineered me"
Bobcat-like (compact construction equipment),Best Line Equipment,bestline.com,https://www.linkedin.com/company/best-line-equipment,manufacturer - REVIEW,"Best Line Equipment is an industry-leading equipment rental, sales, service, and parts provider with locations in Pennsylvania and New Jersey. For over 35 years, we’ve built a successful multi-locatio"
Bobcat-like (compact construction equipment),Rotary Corporation,rotarycorp.com,https://www.linkedin.com/company/rotary-corporation,manufacturer - REVIEW,"Rotary Corporation is the world's largest supplier of aftermarket outdoor power equipment parts. Our extensive product line includes lawn mower accessories such as blades, filters, spark plugs, tires,"
Bobcat-like (compact construction equipment),H&E Rentals,he-equipment.com,https://www.linkedin.com/company/hees,dealer/rental - EXCLUDE,"Founded in 1961, H&E is one of the largest equipment rental companies in the nation, providing the higher standard in equipment rentals. With locations across the United States, we’re leveraging our n"
Bobcat-like (compact construction equipment),Peterson Cat,petersoncat.com,https://www.linkedin.com/company/peterson-cat,dealer/rental - EXCLUDE,"Peterson Cat is part of Caterpillar's worldwide dealer network serving 100,000+ square miles of Northern California, Oregon, and southwest Washington. As one of the largest dealers in North America ou"
Bobcat-like (compact construction equipment),Danella Companies,danella.com,https://www.linkedin.com/company/danella-companies,"contractor/producer (Astec CUSTOMER, not lookalike) - EXCLUDE","Danella is a leading construction company, providing infrastructure to the power, communications, water, gas, and rail industries.  UTILITY CONSTRUCTION Danella Construction provides services for the "
Bobcat-like (compact construction equipment),Wajax,wajax.com,https://www.linkedin.com/company/wajax,manufacturer - REVIEW,"Founded in 1858, Wajax (TSX: WJX) is one of Canada’s longest-standing and most diversified industrial products and services providers. The Corporation operates an integrated distribution system provid"
Bobcat-like (compact construction equipment),Zeppelin Group,zeppelin.com,https://www.linkedin.com/company/zeppelingroup,manufacturer - REVIEW,"The Zeppelin Group is a global sales and service provider with extensive industry expertise in the fields of construction, drive and energy. The company’s success is built on its established brands Ze"
Bobcat-like (compact construction equipment),Textron Specialized Vehicles,txtsv.com,https://www.linkedin.com/company/e-z-go,manufacturer - REVIEW,"In 1954, in a one-room machine shop in Augusta, Georgia, the first Textron Specialized Vehicles products were born. Two brothers started with a simple belief that they could build a better golf car, t"
Bobcat-like (compact construction equipment),Titan Machinery,titanmachinery.com,https://www.linkedin.com/company/titan-machinery,manufacturer - REVIEW,"Titan Machinery owns and operates a network of full-service agriculture and construction equipment stores in the United States, Europe and Australia. At our stores, we sell and rent new and used const"
Bobcat-like (compact construction equipment),Milwaukee Tool,milwaukeetool.jobs,https://www.linkedin.com/company/milwaukee-tool,manufacturer - REVIEW,"For over 100 years, Milwaukee Tool has led the industry with innovative solutions that redefine performance, productivity, and safety for the professional trades. Fueled by an unwavering commitment to"
Bobcat-like (compact construction equipment),Liebherr Mining,liebherr.com,https://www.linkedin.com/company/liebherr-mining,manufacturer - REVIEW,"Welcome to Liebherr Mining! We work closely with our customers to provide high-quality, innovative mining solutions that thrive even in the toughest conditions. Our product range includes off-highway "
Bobcat-like (compact construction equipment),Terberg Special Vehicles,terbergspecialvehicles.com,https://www.linkedin.com/company/terberg-special-vehicles,manufacturer - REVIEW,"Terberg Special Vehicles, part of the Royal Terberg Group, designs and manufactures terminal tractors for intensive use in ports, inland terminals, distribution centers, and industrial sites worldwide"
Bobcat-like (compact construction equipment),JLG Industries,jlg.com,https://www.linkedin.com/company/jlg-industries,manufacturer - REVIEW,"Our company started in 1969 when our founder, John L. Grove, set out to resolve growing safety concerns in the construction industry.   Through unparalleled safety, training, productivity and technolo"
Bobcat-like (compact construction equipment),Custom Truck One Source,customtruck.com,https://www.linkedin.com/company/custom-truck-one-source,manufacturer - REVIEW,"Custom Truck One Source is the first true single-source provider of specialized truck and heavy equipment solutions. With sales, rentals, aftermarket parts and service, equipment customization, remanu"
Bobcat-like (compact construction equipment),Barry-Wehmiller,barrywehmiller.com,https://www.linkedin.com/company/barry-wehmiller,manufacturer - REVIEW,"We’re Building A Better World.  We’re more than just a successful capital equipment and engineering solutions firm. We’re an organization fiercely committed to improving the lives of our team member"
Bobcat-like (compact construction equipment),Warn Industries,warn.com,https://www.linkedin.com/company/warn-industries,manufacturer - REVIEW,"Warn Industries has the led the way in durable, innovative, and trusted off-road products since 1948. Our powerful winches, rock-solid bumpers and mounting systems, versatile rigging equipment, and pr"
Bobcat-like (compact construction equipment),Warren CAT,warrencat.com,https://www.linkedin.com/company/warren-cat,dealer/rental - EXCLUDE,Warren CAT: Your Dealership of Choice.  Warren CAT is one of the largest and fastest growing Caterpillar® dealerships in North America proudly serving customers throughout nineteen locations in West T
Bobcat-like (compact construction equipment),Techtronic Industries - TTI,ttigroup.com,https://www.linkedin.com/company/techtronic-industries,manufacturer - REVIEW,"Techtronic Industries Company Limited (“TTI”, or the “Company”), founded in 1985 by German entrepreneur Horst Julius Pudwill, is a world leader in cordless technology. As a pioneer in Power Tools, Out"
Bobcat-like (compact construction equipment),SMS Equipment Inc.,smsequipment.com,https://www.linkedin.com/company/sms-equipment,manufacturer - REVIEW,"SMS Equipment Inc. is the premier equipment solutions provider for the mining, construction, road construction, and forestry industries. Our world-class specialists work across more than 40 locations "
Bobcat-like (compact construction equipment),Carry-On Trailer,carry-ontrailer.com,https://www.linkedin.com/company/carry-on-trailer,manufacturer - REVIEW,"Carry-On has a trailer built for you, no matter the task, trade or pursuit. Life is calling. Carry-On."
Bobcat-like (compact construction equipment),Liebherr Group,liebherr.com,https://www.linkedin.com/company/liebherr,manufacturer - REVIEW,"Established in 1949, the Liebherr Group today is not only one of the biggest construction equipment manufacturers in the world, but also offers high-quality, user-oriented products and services in man"
Bobcat-like (compact construction equipment),Johnston Equipment,johnstonequipment.com,https://www.linkedin.com/company/johnston-equipment,manufacturer - REVIEW,"Johnston Equipment provides more than just material handling solutions—we help optimize your entire operation.  With decades of experience, we’re your trusted and comprehensive partner for moving, man"
Bobcat-like (compact construction equipment),TVH Parts Co.,tvh.com,https://www.linkedin.com/company/tvh-americas,manufacturer - REVIEW,"Founded in 1969, the global TVH Parts Holding group now has 90 branches selling to customers in over 180 countries. Worldwide we offer more than 1,120,000 stocking numbers and more than 49,500,000 par"
Bobcat-like (compact construction equipment),Tracsa Cat,tracsa.com.mx,https://www.linkedin.com/company/tracsacat,dealer/rental - EXCLUDE,"As an authorized Caterpillar dealer in Western and 'Bajio' regions of Mexico, we offer an extensive range of heavy machinery and equipment for construction, agriculture, mining, drilling, aggregate ba"
Bobcat-like (compact construction equipment),Royal Terberg Group,royalterberggroup.com,https://www.linkedin.com/company/terberg,manufacturer - REVIEW,"Royal Terberg Group is active worldwide in the development, production and service of special vehicles and systems for ports, logistics and waste collection. As a family-owned business, we stand by ou"
Bobcat-like (compact construction equipment),Wyoming Machinery Company,wyomingcat.com,https://www.linkedin.com/company/wyoming-machinery-company,dealer/rental - EXCLUDE,Wyoming Machinery Company is the premiere Caterpillar Dealer in Wyoming and we offer the complete line of Caterpillar equipment. In addition to equipment sales we offer an extensive fleet of used mach
Bobcat-like (compact construction equipment),Andamios Atlas,andamiosatlas.com,https://www.linkedin.com/company/andamios-atlas,manufacturer - REVIEW,"Andamios Atlas es la compañía líder en sistemas de andamiaje, apuntalamiento y encofrado de muros y columnas.   Durante 58 años, Andamios Atlas se ha enfocado en desarrollar, diseñar y fabricar sist"
Bobcat-like (compact construction equipment),Corona,coronatools.com,https://www.linkedin.com/company/coronatools,manufacturer - REVIEW,"Since our beginnings in the orange groves of Southern California in 1928, Corona® Tools has been manufacturing quality hand tools for home growers, landscape professionals, farmers, and construction p"
Bobcat-like (compact construction equipment),Toyota Material Handling,toyotaforklift.com,https://www.linkedin.com/company/toyota-material-handling,manufacturer - REVIEW,"Toyota Material Handling offers a full line of material handling products proudly assembled in the United States, including forklifts, reach trucks, order pickers, pallet jacks, container handlers, au"
Bobcat-like (compact construction equipment),Alta Equipment Company,altg.com,https://www.linkedin.com/company/altaequipmentcompany,dealer/rental - EXCLUDE,"Alta Equipment Company is a leading provider of industrial forklifts, heavy construction equipment and warehouse solutions in the Midwest.   Our core commitment is to provide outstanding service that "
Bobcat-like (compact construction equipment),Allied Systems Company,alliedsystems.com,https://www.linkedin.com/company/allied-systems,manufacturer - REVIEW,"Allied Systems Company was founded in 1976 as a fabricator of material handling equipment for the wood products industry. Since that time, Allied has expanded greatly and now owns several different pr"
Bobcat-like (compact construction equipment),CERTEX USA,certex.com,https://www.linkedin.com/company/certex-usa,manufacturer - REVIEW,"For over 50 years, CERTEX USA has been the trusted leader in rigging supplies, lifting products, and safety solutions—delivering unmatched quality and reliability to industries across North America.  "
Bobcat-like (compact construction equipment),Ahern Rentals,ahern.com,https://www.linkedin.com/company/ahern-rentals,dealer/rental - EXCLUDE,"Ahern Rentals is the largest independently owned rental company in the United States and is the 7th largest combined. Ahern is based out of Las Vegas, NV, and is the most experienced (established in 1"
Bobcat-like (compact construction equipment),The Home Depot Rental,compactpowerrents.com,https://www.linkedin.com/company/thehomedepotrental,dealer/rental - EXCLUDE,"The Home Depot® Rental is your one-stop shop for all your jobsite or home improvement needs. Rent tools, trucks and large equipment from our well-stocked rental centers at your nearest The Home Depot®"
Bobcat-like (compact construction equipment),Hunter Engineering Company,hunter.com,https://www.linkedin.com/company/hunter-engineering,manufacturer - REVIEW,"Hunter Engineering Company is a global leader in automotive service equipment, offering state-of-the-art wheel alignment systems, wheel balancers, tire changers, vehicle inspection equipment, brake la"
Bobcat-like (compact construction equipment),Navistar Inc,navistar.com,https://www.linkedin.com/company/navistar-inc,manufacturer - REVIEW,"We were Navistar, but we are getting back to our roots as International. Follow us at International and join us on the road ahead."
Bobcat-like (compact construction equipment),Toromont Cat,toromontcat.com,https://www.linkedin.com/company/toromont-cat,dealer/rental - EXCLUDE,"Toromont Cat est le concessionnaire Caterpillar autorisé au Manitoba, en Ontario, au Québec, au Nouveau-Brunswick, en Nouvelle-Écosse, à l’Île-du-Prince-Édouard, à Terre-Neuve et Labrador et au Nunavu"
Bobcat-like (compact construction equipment),WesTrac Cat,westrac.com.au,https://www.linkedin.com/company/westrac,dealer/rental - EXCLUDE,"As one of the largest authorised Cat equipment dealers in the world, WesTrac provides customers with a wide range of machinery and construction equipment as well as comprehensive whole-of-life managem"
Bobcat-like (compact construction equipment),Husqvarna Group,husqvarnagroup.com,https://www.linkedin.com/company/husqvarnagroup,manufacturer - REVIEW,"Husqvarna Group is a global leading producer of outdoor power products for forest, park and garden care. Sustainability is integrated into our business. Creating a strong company fit for the future de"
Bobcat-like (compact construction equipment),Ingersoll Rand,irco.com,https://www.linkedin.com/company/ingersoll-rand,manufacturer - REVIEW,"Ingersoll Rand Inc. (NYSE:IR), driven by an entrepreneurial spirit and ownership mindset, is dedicated to Making Life Better for our employees, customers, shareholders, and planet. Customers lean on u"
Bobcat-like (compact construction equipment),Hitachi Construction Machinery (Europe) NV (HCME),hitachicm.eu,https://www.linkedin.com/company/hitachi-construction-machinery-europe-nv,manufacturer - REVIEW,"HCME is a subsidiary of Hitachi Construction Machinery Co., Ltd. and was established in 1972 in Oosterhout, The Netherlands. It is responsible for the manufacture, sales and marketing of Hitachi const"
Bobcat-like (compact construction equipment),Ramsey Industries,ramseyindustries.com,https://www.linkedin.com/company/realramseyindustries,manufacturer - REVIEW,"Ramsey Industries is a leading manufacturer of industrial and commercial winches, service cranes and service truck bodies, and planetary gear drives through its three brands – Ramsey Winch®, Auto Cran"
Bobcat-like (compact construction equipment),Linde Material Handling,linde-mh.com,https://www.linkedin.com/company/linde-material-handling,manufacturer - REVIEW,"Linde Material Handling is one of the world's leading manufacturers of forklift trucks and warehouse equipment. In Europe, the company is the market leader with the Linde and Fenwick (France) brands. "
Bobcat-like (compact construction equipment),Haldex,haldex.com,https://www.linkedin.com/company/haldex,manufacturer - REVIEW,"Haldex is a leading manufacturer of reliable and innovative brake systems and air suspension solutions that enhance the safety, dynamics and durability of heavy vehicles.  The product portfolio focuse"
Bobcat-like (compact construction equipment),Flexicon Corporation,flexicon.com,https://www.linkedin.com/company/flexicon-corporation,"contractor/producer (Astec CUSTOMER, not lookalike) - EXCLUDE","Flexicon has been a world leader in the design and manufacture of reliable, high performance bulk handling equipment, custom-engineered and integrated plant-wide systems since 1974.  Our products rang"
Bobcat-like (compact construction equipment),Ditch Witch,ditchwitch.com,https://www.linkedin.com/company/ditch-witch,manufacturer - REVIEW,"Anyone who has ever visited our factory in Perry, Oklahoma, has heard us say it: ""We bleed orange.""​ But what does it mean?  It has something to do with the signature color of our equipment, of cour"
Bobcat-like (compact construction equipment),Cramo Sverige,cramo.se,https://www.linkedin.com/company/cramo-ab,manufacturer - REVIEW,"Cramo was founded in year 1953 and is one of Sweden's largest and Europe's second largest companies in the machinery rental industry and rental-related services. Together, Cramo and Boels Rental opera"
Bobcat-like (compact construction equipment),Hitachi Construction Machinery (UK),hitachicm.co.uk,https://www.linkedin.com/company/hitachi-construction-machinery-uk,manufacturer - REVIEW,"Hitachi Construction Machinery UK (HCMUK) is a wholly owned subsidiary of Hitachi Construction Machinery Europe and is responsible for the supply of mini, medium, large and wheeled excavators; wheel l"
Bobcat-like (compact construction equipment),Fenwick-Linde,fenwick-linde.fr,https://www.linkedin.com/company/fenwick-linde,manufacturer - REVIEW,"Depuis toujours c'est en écoutant nos clients que Fenwick-Linde crée des solutions innovantes et sur mesure pour répondre à leurs exigences. Leader reconnu en France, nous nous appuyons sur une large "
Bobcat-like (compact construction equipment),The COATS Company,coatscompany.com,https://www.linkedin.com/company/coats-company,manufacturer - REVIEW,"Coats is a leading smart repair brand specializing in vehicle maintenance systems, service and data that keep work flowing. ​ ​ We offer a full-shop portfolio of tire changers, wheel balancers and ali"
Bobcat-like (compact construction equipment),FAST Global Solutions. Inc.,fastsolutions.com,https://www.linkedin.com/company/fastglobalsolutions,manufacturer - REVIEW,"At FAST Global Solutions, our purpose is to deliver winning solutions that help our customers, communities and employees thrive. Originally known as Watkins Aircraft Support Products and later WASP In"
Bobcat-like (compact construction equipment),United Rentals,unitedrentals.com,https://www.linkedin.com/company/united-rentals,dealer/rental - EXCLUDE,"United Rentals is the world’s largest equipment rental company, helping customers safely build, maintain and respond across construction, industrial, utilities, infrastructure and emergency response p"
Bobcat-like (compact construction equipment),Tractor & Equipment Company,tec1943.com,https://www.linkedin.com/company/tractor-&-equipment-company,dealer/rental - EXCLUDE,"Tractor & Equipment Company was originally founded in 1943 in Birmingham, Alabama and has since grown to the largest Komatsu dealer in North America. We offer the highest level of support regardless o"
Bobcat-like (compact construction equipment),Jungheinrich AG,jungheinrich.com,https://www.linkedin.com/company/jungheinrich-ag,manufacturer - REVIEW,"Jungheinrich inspires, influences and shapes the world of material handling, and has been for more than 70 years. We don't just want to identify the latest trends or developments. We take a proactive "
Bobcat-like (compact construction equipment),Techtronic Industries EMEA,ttigroup.com,https://www.linkedin.com/company/techtronic-industries-emea-ltd,manufacturer - REVIEW,"Techtronic Industries EMEA is a rapidly expanding global leader in Power Tools, Accessories, Hand Tools, Outdoor Power Equipment, and Floor Care Appliances for DIY enthusiasts, professionals, and indu"
Bobcat-like (compact construction equipment),Manitou across the world,bitly.com,https://www.linkedin.com/company/manitouworld,manufacturer - REVIEW,"Founded over 60 years ago by the Braud family, Manitou now operates worldwide. A world-leader in all-terrain material handling, Manitou designs, manufactures, distributes and services equipment for co"
Astec-like (aggregate / road building),Aggregate Industries UK,aggregate.com,https://www.linkedin.com/company/aggregate-industries-uk,"contractor/producer (Astec CUSTOMER, not lookalike) - EXCLUDE",We are committed to creating a better built environment through sustainable approaches. A member of Holcim.
Astec-like (aggregate / road building),Knife River Corporation,kniferiver.com,https://www.linkedin.com/company/knife-river-corporation,"contractor/producer (Astec CUSTOMER, not lookalike) - EXCLUDE","Knife River is one of the top 10 aggregate, ready-mix and sand and gravel producers in the nation. At peak construction season we employ more than 5,000 individuals who have been widely recognized for"
Astec-like (aggregate / road building),Heidelberg Materials UK,heidelbergmaterials.co.uk,https://www.linkedin.com/company/heidelbergmaterialsuk,"contractor/producer (Astec CUSTOMER, not lookalike) - EXCLUDE","Heidelberg Materials UK (formerly Hanson UK) is a leading supplier of lower carbon heavy building materials to the construction industry. We produce aggregates (crushed rock, sand and gravel), asphalt"
Astec-like (aggregate / road building),CalPortland,calportland.com,https://www.linkedin.com/company/calportland,"contractor/producer (Astec CUSTOMER, not lookalike) - EXCLUDE","Established in 1891, CalPortland is a major building materials and construction solutions provider to the Western United States and Canada.  We  provide solutions to your greatest construction challen"
Astec-like (aggregate / road building),Cemex México,cemexmexico.com,https://www.linkedin.com/company/cemex-m-xico,"contractor/producer (Astec CUSTOMER, not lookalike) - EXCLUDE",120 años construyendo confianza juntos. Somos una empresa líder en materiales y soluciones de construcción sostenibles que tiene como eje central a la innovación y a la sostenibilidad para crear valor
Astec-like (aggregate / road building),Construction Partners,constructionpartners.net,https://www.linkedin.com/company/constructionpartners,"contractor/producer (Astec CUSTOMER, not lookalike) - EXCLUDE","Founded in 2001, Construction Partners (Nasdaq: ROAD) was built on a clear and focused vision: to acquire and partner with locally led infrastructure companies that share a commitment to quality, safe"
Astec-like (aggregate / road building),Allan Myers Inc.,allanmyers.com,https://www.linkedin.com/company/allanmyersinc,"contractor/producer (Astec CUSTOMER, not lookalike) - EXCLUDE",Allan Myers is a leading heavy civil construction company and construction materials provider in the Mid-Atlantic with eight regional offices and 24 asphalt and aggregate plants. With a workforce of m
Astec-like (aggregate / road building),Eurovia France,eurovia.fr,https://www.linkedin.com/company/euroviafrance,"contractor/producer (Astec CUSTOMER, not lookalike) - EXCLUDE","Partenaire des territoires, Eurovia (métiers Route France de VINCI Construction) développe des solutions de mobilité pour améliorer la compétitivité économique et renforcer le lien social, par la conc"
Astec-like (aggregate / road building),Colas France,colas.com,https://www.linkedin.com/company/colas-france,"contractor/producer (Astec CUSTOMER, not lookalike) - EXCLUDE","Le groupe Colas est leader mondial de la construction, de l'entretien et de la maintenance des infrastructures de transport.  Notre mission ? Imaginer, construire et entretenir des infrastructures de "
Astec-like (aggregate / road building),Park Paving Ltd.,parkpaving.com,https://www.linkedin.com/company/park-paving-ltd-,"contractor/producer (Astec CUSTOMER, not lookalike) - EXCLUDE",Park Paving Ltd. is one of Edmonton's largest locally owned and operated road construction contractors specializing in all aspects asphalt and concrete construction.  Our company's services include ne
Astec-like (aggregate / road building),Ramery,ramery.fr,https://www.linkedin.com/company/ramery,"contractor/producer (Astec CUSTOMER, not lookalike) - EXCLUDE","Maîtrisant toutes les étapes liées à la construction routière et à l’aménagement urbain, Ramery Travaux Publics est une référence dans le Nord de la France. Avec près de trente années d’expérience et "
Astec-like (aggregate / road building),Marini - Fayat Group,fayat.com,https://www.linkedin.com/company/marini-fayat-group,manufacturer - REVIEW,"Marini, established in Alfonsine in 1899, is a world leader in the production of asphalt plants. - 3000 asphalt plants sold throughout the world - Production branches in China, India and Turkey - Comm"
Astec-like (aggregate / road building),Heidelberg Materials North America,heidelbergmaterials.us,https://www.linkedin.com/company/heidelbergmaterialsnorthamerica,"contractor/producer (Astec CUSTOMER, not lookalike) - EXCLUDE","For more than a century, we’ve been supplying cement, aggregates, ready mixed concrete, asphalt and other building materials to markets throughout North America. Today, Heidelberg Materials North Amer"
Astec-like (aggregate / road building),Colas USA,colasusa.com,https://www.linkedin.com/company/colasusa,"contractor/producer (Astec CUSTOMER, not lookalike) - EXCLUDE","As a leader in infrastructure construction and maintenance, our goal is to set the pace in our industry and to be a model of excellence by providing safe, innovative, sustainable, and cost-effective s"
Astec-like (aggregate / road building),Wacker Neuson Group,wackerneusongroup.com,https://www.linkedin.com/company/wacker-neuson-group,manufacturer - REVIEW,The Wacker Neuson Group is an internationally operating group of companies with over 50 affiliates and 140 sales and service stations. As a leading manufacturer of construction equipment and compact m
Astec-like (aggregate / road building),Cemex US,cemexusa.com,https://www.linkedin.com/company/cemex-usa,"contractor/producer (Astec CUSTOMER, not lookalike) - EXCLUDE","Cemex is a global industry leader in producing and supplying cement, aggregates, ready-mix concrete, and urbanization solutions.   We’re driving innovation further to solve the world’s building challe"
Astec-like (aggregate / road building),Tarmac,tarmac.com,https://www.linkedin.com/company/-tarmac,"contractor/producer (Astec CUSTOMER, not lookalike) - EXCLUDE","Tarmac, a CRH company, is the UK’s leading sustainable building materials and construction solutions business. Tarmac combines the knowledge and expertise of two of the construction industry’s most ic"
Astec-like (aggregate / road building),JCB,jcb.com,https://www.linkedin.com/company/jcb,manufacturer - REVIEW,JCB is one of the largest privately owned engineering and manufacturing companies in the UK and the World's third largest manufacturer of construction machinery. With a global presence and manufacturi
Astec-like (aggregate / road building),Graniterock,graniterock.com,https://www.linkedin.com/company/graniterock,"contractor/producer (Astec CUSTOMER, not lookalike) - EXCLUDE","Since 1900, Graniterock has provided the California construction industry with quality materials and products for building the perfect infrastructure job, whether that's a major highway, airport runwa"
Astec-like (aggregate / road building),Ahern Rentals,ahern.com,https://www.linkedin.com/company/ahern-rentals,dealer/rental - EXCLUDE,"Ahern Rentals is the largest independently owned rental company in the United States and is the 7th largest combined. Ahern is based out of Las Vegas, NV, and is the most experienced (established in 1"
Astec-like (aggregate / road building),Oldcastle Infrastructure,oldcastleinfrastructure.com,https://www.linkedin.com/company/oldcastle-infrastructure,manufacturer - REVIEW,"Oldcastle Infrastructure future-proofs North America’s infrastructure and transform communities by protecting water, enhancing communications, transporting energy, and strengthening structures. Our cl"
Astec-like (aggregate / road building),AMECO,ameco.com,https://www.linkedin.com/company/ameco,"contractor/producer (Astec CUSTOMER, not lookalike) - EXCLUDE","AMECO is The Site Services® Company, providing everything a construction project or operating facility needs to keep moving, no matter the scale: small, large, or truly epic. With complete Site Servic"
Astec-like (aggregate / road building),TATA PROJECTS LIMITED,-,https://www.linkedin.com/company/lcc-projects-limited,manufacturer - REVIEW,"LCC PROJECTS LIMITED is a construction company based out of TOWER HOUSE LUCY TOWER STREET, LINCOLN, United Kingdom."
Astec-like (aggregate / road building),Gulf Coast,texasmaterialsgroup.com,https://www.linkedin.com/company/gulf-coast,manufacturer - REVIEW,"Gulf Coast, A CRH Company, is an asphalt and heavy civil construction company with offices in Baytown and Beaumont, Texas. Our dedication to high-quality work and all-encompassing focus on safety enab"
Astec-like (aggregate / road building),"EQIOM, A CRH Company",eqiom.com,https://www.linkedin.com/company/eqiom,manufacturer - REVIEW,"EQIOM membre du groupe irlandais CRH, acteur majeur dans les matériaux de construction. Avec plus de 150 sites de production répartis sur une grande part du territoire national, il couvre l’ensemble d"
Astec-like (aggregate / road building),Tractafric Equipment,tractafric-equipment.com,https://www.linkedin.com/company/tractafric-equipment,manufacturer - REVIEW,Vous vous interrogez sur le contenu ? Consultez le site internet de votre entreprise.
Astec-like (aggregate / road building),Martin Marietta,martinmarietta.com,https://www.linkedin.com/company/martinmarietta,"contractor/producer (Astec CUSTOMER, not lookalike) - EXCLUDE","Every member of our ONE Martin Marietta team is driven by our shared values of safety, integrity, excellence, community and stewardship.   Our goal is to build a world-class organization committed to "
Astec-like (aggregate / road building),Tilcon New York Inc.,tilconny.com,https://www.linkedin.com/company/tilcon-new-york-inc-,"contractor/producer (Astec CUSTOMER, not lookalike) - EXCLUDE","Tilcon New York Inc produces construction materials and provides road construction services in New York and New Jersey.  We operate quarries, asphalt plants and material recycling facilities and offer"
Astec-like (aggregate / road building),Breedon Group plc,breedongroup.com,https://www.linkedin.com/company/breedon-group-plc,"contractor/producer (Astec CUSTOMER, not lookalike) - EXCLUDE","We're a leading vertically-integrated international construction materials group in Great Britain, Ireland and the United States.  We supply the construction industry with the essential materials need"
Astec-like (aggregate / road building),Koch Engineered Solutions,kochengineeredsolutions.com,https://www.linkedin.com/company/koch-engineered-solutions,"contractor/producer (Astec CUSTOMER, not lookalike) - EXCLUDE",Koch Engineered Solutions (KES) provides uniquely engineered solutions in construction; mass and heat transfer; combustion and emissions controls; filtration; separation; materials applications; autom
Astec-like (aggregate / road building),Staker Parson Materials & Construction,stakerparson.com,https://www.linkedin.com/company/stakerparson,"contractor/producer (Astec CUSTOMER, not lookalike) - EXCLUDE","Staker Parson Materials & Construction is a leading producer of quality sand, rock, landscape products, ready-mixed concrete, and asphalt serving customers in Utah, Idaho, Nevada, and Arizona.  The co"
Astec-like (aggregate / road building),HolcimUS,holcim.us,https://www.linkedin.com/company/holcimus,manufacturer - REVIEW,"Holcim US is now Amrize, building North America as the partner of choice for professional builders with advanced branded solutions from foundation to rooftop. With over 1,000 sites and a highly effici"
Astec-like (aggregate / road building),Altrad Babcock,altradbabcock.com,https://www.linkedin.com/company/altrad-babcock,manufacturer - REVIEW,"Welcome to the official LinkedIn page of Altrad Babcock! We are a specialist in the delivery of construction, aftermarket and upgrade services to the thermal power, nuclear, oil and gas, petrochemical"
Astec-like (aggregate / road building),Teichert,teichert.com,https://www.linkedin.com/company/teichert,"contractor/producer (Astec CUSTOMER, not lookalike) - EXCLUDE","Founded in 1887, Teichert’s two main operating companies are Teichert Construction and Teichert Materials.    Teichert Construction holds California State Contractor’s License #8, the oldest active li"
Astec-like (aggregate / road building),"Gencor Industries, Inc.",gencor.com,https://www.linkedin.com/company/gencor-industries-inc.,"contractor/producer (Astec CUSTOMER, not lookalike) - EXCLUDE","Gencor Industries, Inc., is the leading manufacturer of asphalt plants, soil remediation plants, combustion systems and screening equipment for the road and highway construction industry. Gencor Indus"
Astec-like (aggregate / road building),Herc Rentals,hercrentals.com,https://www.linkedin.com/company/hercrentalsinc,dealer/rental - EXCLUDE,"Herc Rentals is a premier, full-service equipment rental company providing customers with the equipment, services, and solutions they need to achieve optimal performance safely, efficiently, and effec"
Astec-like (aggregate / road building),Rogers Group Inc.,rogersgroupincint.com,https://www.linkedin.com/company/rogers-group-inc.,"contractor/producer (Astec CUSTOMER, not lookalike) - EXCLUDE","Rogers Group, Inc., headquartered in Nashville, is a privately held aggregates and asphalt highway construction company operating and meeting customer needs in 12 states with over 3,000 employees. RGI"
Astec-like (aggregate / road building),Holcim México,holcim.com.mx,https://www.linkedin.com/company/holcimmexico,manufacturer - REVIEW,Holcim líder mundial en construcción sostenible
Astec-like (aggregate / road building),Amsted Industries,amsted.com,https://www.linkedin.com/company/amsted-industries,manufacturer - REVIEW,"Amsted Industries is a diversified global manufacturer of industrial components serving primarily the railroad, automotive, commercial vehicle, construction and building markets. Combining leading-edg"
Astec-like (aggregate / road building),Tomlinson Group of Companies,tomlinsongroup.com,https://www.linkedin.com/company/tomlinson-group-of-companies,manufacturer - REVIEW,"Starting with a single-axle dump truck in 1952, R.W. Tomlinson Limited has transformed to become a multidisciplinary company with numerous divisions including construction, aggregate, asphalt, concret"
Astec-like (aggregate / road building),"Irving Materials, Inc.",irvmat.com,https://www.linkedin.com/company/imibuilds,"contractor/producer (Astec CUSTOMER, not lookalike) - EXCLUDE","Founded in 1946, imi (Irving Materials, Inc.) is a privately-held building materials supplier, producer, and construction services company with operations in the Midwest and Southern regions of the Un"
Astec-like (aggregate / road building),Brundage-Bone Concrete Pumping,brundagebone.com,https://www.linkedin.com/company/brundage-bone-,"contractor/producer (Astec CUSTOMER, not lookalike) - EXCLUDE","Brundage-Bone Concrete Pumping (BBCP) is the largest concrete pumping and material placement service in the United States. Since our origin in 1983, our strategic growth has made Brundage-Bone the lar"
Astec-like (aggregate / road building),Bouygues Group,bouygues.com,https://www.linkedin.com/company/bouygues,"contractor/producer (Astec CUSTOMER, not lookalike) - EXCLUDE","Founded in 1952 by Francis Bouygues, Bouygues is a diversified services group operating in over 80 countries with 200,000 employees all working to make life better every day. Its business activities i"
Astec-like (aggregate / road building),Winsupply,winsupplyinc.com,https://www.linkedin.com/company/winsupply,"contractor/producer (Astec CUSTOMER, not lookalike) - EXCLUDE","Founded in 1956, Winsupply is a family of companies that includes more than 680 locally owned wholesalers across the United States, along with service companies that provide business support and sourc"
Astec-like (aggregate / road building),Weiler,weilerproducts.com,https://www.linkedin.com/company/weiler,"contractor/producer (Astec CUSTOMER, not lookalike) - EXCLUDE","Located in Knoxville, Iowa, Weiler manufactures equipment for the paving market. Weiler equipment is based on proven designs that have a successful track record in the field. We work closely with cont"
Astec-like (aggregate / road building),NPL Construction Co.,gonpl.com,https://www.linkedin.com/company/npl-construction-co-,"contractor/producer (Astec CUSTOMER, not lookalike) - EXCLUDE","NPL is a nationally recognized leader in energy infrastructure construction, with 50 years of experience. With 5,000+ highly-trained employees working across the United States, NPL offers a full menu "
Astec-like (aggregate / road building),"Sunbelt Rentals, Inc.",sunbeltrentals.com,https://www.linkedin.com/company/sunbelt-rentals,dealer/rental - EXCLUDE,"At Sunbelt Rentals, we provide the tools, equipment, and support our customers need to build and maintain the world around us.  With locations across the U.S. and Canada and a team of passionate exper"
Astec-like (aggregate / road building),Komatsu North America,komatsu.com,https://www.linkedin.com/company/komatsunorthamerica,manufacturer - REVIEW,"Komatsu develops and supplies technologies, equipment and services for the construction, mining, forklift, industrial and forestry markets. For more than a century, the company has been creating value"
Astec-like (aggregate / road building),Atlas Copco Group,atlascopcogroup.com,https://www.linkedin.com/company/atlas-copco-group,manufacturer - REVIEW,"Atlas Copco Group enables technology that transforms the future. We innovate to develop products, services and solutions that are key to our customers’ success. Our four business areas offer compresse"
Astec-like (aggregate / road building),White Cap,whitecap.com,https://www.linkedin.com/company/wearewhitecap,"contractor/producer (Astec CUSTOMER, not lookalike) - EXCLUDE","White Cap and its affiliates serve as a one-stop shop, providing concrete accessories and chemicals, tools and equipment, building materials and fasteners, erosion and waterproofing products, and safe"
Astec-like (aggregate / road building),HVAC,hvacqld.com.au,https://www.linkedin.com/company/hvac,manufacturer - REVIEW,"HVAC is a multi-disciplined engineering construction company, specialising in unique and difficult construction. We save clients time and money through value adding at every stage of the delivery pro"
Astec-like (aggregate / road building),Heijmans,heijmans.nl,https://www.linkedin.com/company/heijmans,manufacturer - REVIEW,"Heijmans is a company with healthy ambition. We want to contribute to creating a healthy living environment. Everyone wants to breathe clean air, live in nice surroundings, enjoy nature, have a good w"
Astec-like (aggregate / road building),Walbec Group,walbecgroup.com,https://www.linkedin.com/company/walbec-group,"contractor/producer (Astec CUSTOMER, not lookalike) - EXCLUDE","Together Payne and Dolan, Northeast Asphalt, Zenith Tech, Parisi, Premier Concrete, and Construction Resources Management produce high-quality construction materials and deliver unparalleled professio"
Astec-like (aggregate / road building),Construplan,construplan.com.mx,https://www.linkedin.com/company/construplan,manufacturer - REVIEW,"Empresa dedicada a brindar soluciones integrales a través de sus 6 divisiones: PAVIMENTOS Y CARRETERAS -Diseño, trazo y construcción de carreteras. Pistas para aeropuertos, pavimentaciones en genera"
Astec-like (aggregate / road building),Cramo Sverige,cramo.se,https://www.linkedin.com/company/cramo-ab,manufacturer - REVIEW,"Cramo was founded in year 1953 and is one of Sweden's largest and Europe's second largest companies in the machinery rental industry and rental-related services. Together, Cramo and Boels Rental opera"
Astec-like (aggregate / road building),Vulcan Materials Company,vulcanmaterials.com,https://www.linkedin.com/company/vulcan-materials-company,"contractor/producer (Astec CUSTOMER, not lookalike) - EXCLUDE","Vulcan Materials Company is the nation’s largest producer of construction aggregates, primarily crushed stone, sand and gravel, and a major producer of other construction materials including asphalt a"
Astec-like (aggregate / road building),FAYAT Group,fayat.com,https://www.linkedin.com/company/fayat,manufacturer - REVIEW,Fondé en 1957 le groupe FAYAT est devenu le premier acteur indépendant français de la construction et de l’industrie. Avec une présence dans 170 pays et grâce à l'implication de plus de 23 000 collabo
Astec-like (aggregate / road building),SealMaster Official,sealmaster.net,https://www.linkedin.com/company/sealmasternet,"contractor/producer (Astec CUSTOMER, not lookalike) - EXCLUDE",Quality-driven contractors rely on SealMaster® as their one-stop source for pavement maintenance and sport surfacing products and equipment. With an enduring commitment to innovation and exceptional s
Astec-like (aggregate / road building),Titan America,titanamerica.com,https://www.linkedin.com/company/titan-america,"contractor/producer (Astec CUSTOMER, not lookalike) - EXCLUDE","Our Purpose: At Titan America, we are passionate about making the world around us a safe, sustainable and enjoyable place to live.  Our mission is to provide innovative construction materials, solutio"
Astec-like (aggregate / road building),Caterpillar Inc.,caterpillar.com,https://www.linkedin.com/company/caterpillar-inc,dealer/rental - EXCLUDE,"For 100 years, we’ve been helping customers build a better, more sustainable world. Our innovative products and services, backed by our global dealer network, provide exceptional value that helps cust"
Astec-like (aggregate / road building),"HRI, INC.",hriinc.com,https://www.linkedin.com/company/hri-inc-,"contractor/producer (Astec CUSTOMER, not lookalike) - EXCLUDE","Since our founding in 1947 as a small, family-owned paving company in State College, Pennsylvania, HRI, Inc. has grown to become a major contractor working throughout the Commonwealth. Today, as a par"
Astec-like (aggregate / road building),Svevia,svevia.se,https://www.linkedin.com/company/svevia,"contractor/producer (Astec CUSTOMER, not lookalike) - EXCLUDE","Svevia is a specialist in building and maintaining roads, bridges, ports and other infrastructure. We pave the way for new city districts, railways, industrial and energy facilities. Svevia is up and "
Astec-like (aggregate / road building),Entreprise CHARIER,charier.fr,https://www.linkedin.com/company/entreprise-charier,manufacturer - REVIEW,"Véritable aménageur du territoire, CHARIER s’est imposé comme un acteur incontournable local. A l’actionnariat 100 % familial, l'Entreprise est née en 1897 du besoin de construire des routes pour reli"
Astec-like (aggregate / road building),Peab Asfalt i Sverige,peabasfalt.se,https://www.linkedin.com/company/peab-asfalt-i-sverige,manufacturer - REVIEW,"Peab Asfalt asfalterar allt från garageuppfarter, vägar, broar till stora infrastrukturprojekt och utför  underhållsbeläggningar, nybyggnadsbeläggningar, fräsning och tankbeläggningar. Inget jobb är f"
Astec-like (aggregate / road building),Chausson Matériaux,chausson.fr,https://www.linkedin.com/company/chausson-materiaux,manufacturer - REVIEW,Première entreprise nationale indépendante de distribution de matériaux de construction.  Chausson Matériaux est une société familiale et indépendante avec un savoir-faire depuis 100 ans où les dirige
Astec-like (aggregate / road building),Alberici Constructors,alberici.com,https://www.linkedin.com/company/alberici,manufacturer - REVIEW,"Alberici is a diversified construction company that partners with leading organizations to build the critical structures that improve lives and strengthen communities.   Since our founding in 1918, Al"
Astec-like (aggregate / road building),Lafarge Canada,lafarge.ca,https://www.linkedin.com/company/lafargecanada,manufacturer - REVIEW,"Lafarge Canada is now Amrize, building North America as the partner of choice for professional builders with advanced branded solutions from foundation to rooftop. Amrize delivers for customers in eve"
Astec-like (aggregate / road building),PTW Energy Services,ptwenergy.com,https://www.linkedin.com/company/ptw-energy,manufacturer - REVIEW,"PTW is a leading industry solutions provider delivering construction, fabrication and maintenance services. Our network extends across more than 40 branches in Canada and the United States.   We have "
Astec-like (aggregate / road building),Kilgore Companies,kilgorecompanies.com,https://www.linkedin.com/company/kilgore-companies,"contractor/producer (Astec CUSTOMER, not lookalike) - EXCLUDE","Kilgore Companies is a group of successful construction materials companies offering aggregates, ready mix concrete, paving and construction services. We handle a range of of jobs from local to large "
Astec-like (aggregate / road building),H&E Rentals,he-equipment.com,https://www.linkedin.com/company/hees,dealer/rental - EXCLUDE,"Founded in 1961, H&E is one of the largest equipment rental companies in the nation, providing the higher standard in equipment rentals. With locations across the United States, we’re leveraging our n"
Astec-like (aggregate / road building),Stuart Olson Inc.,stuartolson.com,https://www.linkedin.com/company/stuart-olson-inc-,manufacturer - REVIEW,"At Stuart Olson, we're not just dedicated to the Canadian construction and industrial services market – we're passionate about turning projects into success stories. Our top-notch maintenance, turnaro"
Astec-like (aggregate / road building),EDCO,edcoinc.com,https://www.linkedin.com/company/edcousa,manufacturer - REVIEW,"EDCO is family-owned American manufacturer of Surface Preparation, Floor Grinding, Removal, Sawing, and Drilling Equipment. EDCO brands include Magna-Trap Grinders, Crete-Plane Scarifiers, Crete-Crush"
Astec-like (aggregate / road building),Graham,grahambuilds.com,https://www.linkedin.com/company/grahambuilds,"contractor/producer (Astec CUSTOMER, not lookalike) - EXCLUDE","Graham is an employee-owned construction solutions partner that provides general contracting, design-build, construction management and public-private partnership (P3) services to the buildings, indus"
Astec-like (aggregate / road building),Zachry Construction Corporation,zachryconstructioncorp.com,https://www.linkedin.com/company/zachry-corporation,manufacturer - REVIEW,"As a third-generation, privately held family company with more than a century of experience, Zachry Construction has successfully delivered more than 5,500 large-scale and complex projects. Specializi"
Astec-like (aggregate / road building),FM Conway Ltd,fmconway.co.uk,https://www.linkedin.com/company/fm-conway-ltd,"contractor/producer (Astec CUSTOMER, not lookalike) - EXCLUDE","FM Conway is a leading infrastructure services company delivering vital services in transportation, the built environment and open spaces for communities and businesses.  We inspect, design, build, en"
Astec-like (aggregate / road building),Ledcor,ledcor.com,https://www.linkedin.com/company/ledcor,manufacturer - REVIEW,"The Ledcor Group of Companies is one of North America’s most diversified construction companies, serving the building, heavy industrial, civil and Infrastructure, mining, pipeline, power and communica"
Astec-like (aggregate / road building),"CCC Group, Inc.",cccgroupinc.com,https://www.linkedin.com/company/ccc-group-inc.,"contractor/producer (Astec CUSTOMER, not lookalike) - EXCLUDE","CCC Group, Inc. is a nationally-ranked heavy industrial general contractor with over 1,500 employees and six domestic and two international offices.  Founded in 1947 and based in San Antonio, TX, we p"
Astec-like (aggregate / road building),Eiffage Construction,eiffageconstruction.com,https://www.linkedin.com/company/eiffage-construction,manufacturer - REVIEW,"Eiffage Construction (www.eiffageconstruction.com), acteur majeur du BTP en Europe et filiale du groupe Eiffage, réunit l’ensemble des métiers liés à l'aménagement, la promotion immobilière, la constr"
Astec-like (aggregate / road building),Snap-on,snapon.com,https://www.linkedin.com/company/snap-on,manufacturer - REVIEW,"Snap-on Incorporated is a leading global innovator, manufacturer, and marketer of tools, equipment, diagnostics, repair information and systems solutions for professional users performing critical tas"
Astec-like (aggregate / road building),BKW Engineering,bkw-engineering.com,https://www.linkedin.com/company/bkw-engineering,manufacturer - REVIEW,"Das BKW Engineering - Network of Excellence® ist der größte Zusammenschluss unabhängiger Ingenieur-, Architektur-, Gutachter- und Prüfunternehmen in der DACH-Region. Mit rund 4.000 Mitarbeitenden in ü"
Astec-like (aggregate / road building),FAYAT BATIMENT,fayat.com,https://www.linkedin.com/company/fayatbatiment,manufacturer - REVIEW,"Acteur majeur de la construction en France, la Division FAYAT Bâtiment, adossée au Groupe FAYAT, conçoit, réalise et exploite des ouvrages qui contribuent à l’amélioration du cadre de vie de nos conci"
Astec-like (aggregate / road building),Legendre,groupe-legendre.com,https://www.linkedin.com/company/groupe-legendre,manufacturer - REVIEW,"Fondé en 1946, le groupe Legendre est un acteur européen de la construction, de l’immobilier, de l’énergie et de l’exploitation. Il est aujourd’hui dirigé par Vincent Legendre, le petit-fils du fondat"
Astec-like (aggregate / road building),The Heritage Group,thgrp.com,https://www.linkedin.com/company/the-heritage-group,"contractor/producer (Astec CUSTOMER, not lookalike) - EXCLUDE","The Heritage Group started in 1930 with a man, a truck and a dream. Today, we’re a fourth-generation, family-owned business, managing a diverse portfolio of operating companies in construction and mat"
Astec-like (aggregate / road building),Aecon Group Inc.,aecon.com,https://www.linkedin.com/company/aecon,manufacturer - REVIEW,Aecon Group Inc. (TSX: ARE) is a North American construction and infrastructure development company with global experience. Aecon delivers integrated solutions to private and public-sector clients thr
Astec-like (aggregate / road building),Carter Machinery,cartermachinery.com,https://www.linkedin.com/company/carter-machinery,"contractor/producer (Astec CUSTOMER, not lookalike) - EXCLUDE","Founded in 1952, Carter Machinery is the authorized Caterpillar dealer serving Virginia, West Virginia, Maryland, Delaware and Washington D.C. through a network of more than 30 locations and 3,000 emp"
Astec-like (aggregate / road building),Wacker Neuson,wackerneuson.com,https://www.linkedin.com/company/wackerneuson,manufacturer - REVIEW,"In close cooperation with our customers, we offer products and services that surpass their high standards and fulfill their diverse requirements, while enhancing their capabilities. The trust that our"
Astec-like (aggregate / road building),Blattner,blattnercompany.com,https://www.linkedin.com/company/blattner-company,manufacturer - REVIEW,"With more than 115 years of construction experience, Blattner has played a vital role in building America’s critical infrastructure, ranging from railroads and highways to dams and mines. Since 1997, "
Astec-like (aggregate / road building),Liebherr Group,liebherr.com,https://www.linkedin.com/company/liebherr,manufacturer - REVIEW,"Established in 1949, the Liebherr Group today is not only one of the biggest construction equipment manufacturers in the world, but also offers high-quality, user-oriented products and services in man"
Astec-like (aggregate / road building),Groupe Qualiconsult,groupe-qualiconsult.fr,https://www.linkedin.com/company/qualiconsult,manufacturer - REVIEW,"Qualiconsult Group was created in 1982 by technical control professionals and has always seen its mission to be general technical support to project owners.  Our business is consecrated to all servic"
Astec-like (aggregate / road building),Downer,downergroup.com,https://www.linkedin.com/company/downer,manufacturer - REVIEW,Enabling communities to thrive.   It’s what we’ve done for more than 150 years. Solving problems. Making the extraordinary run smoothly every day. We’re keeping the lights on and the water flowing. Ru
Astec-like (aggregate / road building),Mourik,mourik.com,https://www.linkedin.com/company/mourik,manufacturer - REVIEW,"Family business Mourik is a B2B service provider in the area of infrastructure, industrial services, non-residential construction and catalyst handling.   Today, almost 100 years after its founding, M"
Astec-like (aggregate / road building),Granite Construction,graniteconstruction.com,https://www.linkedin.com/company/granite-construction,"contractor/producer (Astec CUSTOMER, not lookalike) - EXCLUDE","From infrastructure that facilitates the movement of goods and people to projects that improve the way we live, work, and play, high-value partnerships power our projects and fuel our mission to build"
Astec-like (aggregate / road building),Best Line Equipment,bestline.com,https://www.linkedin.com/company/best-line-equipment,manufacturer - REVIEW,"Best Line Equipment is an industry-leading equipment rental, sales, service, and parts provider with locations in Pennsylvania and New Jersey. For over 35 years, we’ve built a successful multi-locatio"
Astec-like (aggregate / road building),Boral,boral.com.au,https://www.linkedin.com/company/boral,"contractor/producer (Astec CUSTOMER, not lookalike) - EXCLUDE","Boral is the largest vertically-integrated construction materials company in Australia. Our network includes prized quarry and cement infrastructure, bitumen, construction materials recycling, asphalt"
Astec-like (aggregate / road building),Zeppelin Group,zeppelin.com,https://www.linkedin.com/company/zeppelingroup,manufacturer - REVIEW,"The Zeppelin Group is a global sales and service provider with extensive industry expertise in the fields of construction, drive and energy. The company’s success is built on its established brands Ze"
Astec-like (aggregate / road building),"Traffic Management, Inc",trafficmanagement.com,https://www.linkedin.com/company/traffic-management-inc,manufacturer - REVIEW,"Providing Solutions for Work Zone Safety  TMI specializes in providing our customers, employees and the public a safe work zone while maintaining an efficient flow of traffic. We combine nearly 30 yea"
Astec-like (aggregate / road building),MasTec,mastec.com,https://www.linkedin.com/company/mas-tec,"contractor/producer (Astec CUSTOMER, not lookalike) - EXCLUDE",MasTec companies have been involved in some of the largest and most complex infrastructure construction projects across the country.   Our experience has given us a deep and comprehensive understandin
Astec-like (aggregate / road building),TMS,trimblems.com,https://www.linkedin.com/company/tms,manufacturer - REVIEW,"Trimble Mobile Solutions, aka Trimble Mobile Resource Management, is a division of Trimble Navigation, Ltd."
Astec-like (aggregate / road building),County of Los Angeles Department of Public Works,lacounty.gov,https://www.linkedin.com/company/los-angeles-county-department-of-public-works,manufacturer - REVIEW,"We plan, design, build, and maintain modern infrastructure that uplifts all communities of LA County."
Astec-like (aggregate / road building),MANITOU Group,manitou-group.com,https://www.linkedin.com/company/manitougroup,manufacturer - REVIEW,"Commitment, reliability, passion. Our 3 core values to help you Set your future in motion."
