segment,name,domain,linkedin,naics,is_mfg,about,source
Astec-like,Aggregate Industries UK,aggregate.com,https://www.linkedin.com/company/aggregate-industries-uk,"327390,237310,212319,212321",True,We are committed to creating a better built environment through sustainable approaches. A member of Holcim.,AI Ark lookalike + NAICS filter
Astec-like,Knife River Corporation,kniferiver.com,https://www.linkedin.com/company/knife-river-corporation,"237310,423320,327320",True,"Knife River is one of the top 10 aggregate, ready-mix and sand and gravel producers in the nation. At peak construction season we employ more than 5,0",AI Ark lookalike + NAICS filter
Astec-like,Heidelberg Materials UK,heidelbergmaterials.co.uk,https://www.linkedin.com/company/heidelbergmaterialsuk,"424210,562998,327320",True,Heidelberg Materials UK (formerly Hanson UK) is a leading supplier of lower carbon heavy building materials to the construction industry. We produce a,AI Ark lookalike + NAICS filter
Astec-like,CalPortland,calportland.com,https://www.linkedin.com/company/calportland,"327120,327310,423320,325130",True,"Established in 1891, CalPortland is a major building materials and construction solutions provider to the Western United States and Canada.  We  provi",AI Ark lookalike + NAICS filter
Astec-like,Cemex México,cemexmexico.com,https://www.linkedin.com/company/cemex-m-xico,"321211,423990,325412",True,120 años construyendo confianza juntos. Somos una empresa líder en materiales y soluciones de construcción sostenibles que tiene como eje central a la,AI Ark lookalike + NAICS filter
Astec-like,Construction Partners,constructionpartners.net,https://www.linkedin.com/company/constructionpartners,"237310,324121",True,"Founded in 2001, Construction Partners (Nasdaq: ROAD) was built on a clear and focused vision: to acquire and partner with locally led infrastructure ",AI Ark lookalike + NAICS filter
Astec-like,Allan Myers Inc.,allanmyers.com,https://www.linkedin.com/company/allanmyersinc,236210,False,Allan Myers is a leading heavy civil construction company and construction materials provider in the Mid-Atlantic with eight regional offices and 24 a,AI Ark lookalike + NAICS filter
Astec-like,Eurovia France,eurovia.fr,https://www.linkedin.com/company/euroviafrance,"237310,237110,236220",False,"Partenaire des territoires, Eurovia (métiers Route France de VINCI Construction) développe des solutions de mobilité pour améliorer la compétitivité é",AI Ark lookalike + NAICS filter
Astec-like,Colas France,colas.com,https://www.linkedin.com/company/colas-france,"551112,236116,236220",False,"Le groupe Colas est leader mondial de la construction, de l'entretien et de la maintenance des infrastructures de transport.  Notre mission ? Imaginer",AI Ark lookalike + NAICS filter
Astec-like,Park Paving Ltd.,parkpaving.com,https://www.linkedin.com/company/park-paving-ltd-,"237310,812990",False,Park Paving Ltd. is one of Edmonton's largest locally owned and operated road construction contractors specializing in all aspects asphalt and concret,AI Ark lookalike + NAICS filter
Astec-like,Ramery,ramery.fr,https://www.linkedin.com/company/ramery,"551112,236220,541330",False,"Maîtrisant toutes les étapes liées à la construction routière et à l’aménagement urbain, Ramery Travaux Publics est une référence dans le Nord de la F",AI Ark lookalike + NAICS filter
Astec-like,Marini - Fayat Group,fayat.com,https://www.linkedin.com/company/marini-fayat-group,"333120,423810",True,"Marini, established in Alfonsine in 1899, is a world leader in the production of asphalt plants. - 3000 asphalt plants sold throughout the world - Pro",AI Ark lookalike + NAICS filter
Astec-like,Heidelberg Materials North America,heidelbergmaterials.us,https://www.linkedin.com/company/heidelbergmaterialsnorthamerica,"212312,327310,327320",True,"For more than a century, we’ve been supplying cement, aggregates, ready mixed concrete, asphalt and other building materials to markets throughout Nor",AI Ark lookalike + NAICS filter
Astec-like,Colas USA,colasusa.com,https://www.linkedin.com/company/colasusa,"327390,327331,327310",True,"As a leader in infrastructure construction and maintenance, our goal is to set the pace in our industry and to be a model of excellence by providing s",AI Ark lookalike + NAICS filter
Astec-like,Wacker Neuson Group,wackerneusongroup.com,https://www.linkedin.com/company/wacker-neuson-group,"423830,423810,444140",False,The Wacker Neuson Group is an internationally operating group of companies with over 50 affiliates and 140 sales and service stations. As a leading ma,AI Ark lookalike + NAICS filter
Astec-like,Cemex US,cemexusa.com,https://www.linkedin.com/company/cemex-usa,"561499,327310,327320",True,"Cemex is a global industry leader in producing and supplying cement, aggregates, ready-mix concrete, and urbanization solutions.   We’re driving innov",AI Ark lookalike + NAICS filter
Astec-like,Tarmac,tarmac.com,https://www.linkedin.com/company/-tarmac,"212390,327390,237310,327120",True,"Tarmac, a CRH company, is the UK’s leading sustainable building materials and construction solutions business. Tarmac combines the knowledge and exper",AI Ark lookalike + NAICS filter
Astec-like,JCB,jcb.com,https://www.linkedin.com/company/jcb,"423390,423830,423810",False,JCB is one of the largest privately owned engineering and manufacturing companies in the UK and the World's third largest manufacturer of construction,AI Ark lookalike + NAICS filter
Astec-like,Graniterock,graniterock.com,https://www.linkedin.com/company/graniterock,"423320,324121,327320",True,"Since 1900, Graniterock has provided the California construction industry with quality materials and products for building the perfect infrastructure ",AI Ark lookalike + NAICS filter
Astec-like,Ahern Rentals,ahern.com,https://www.linkedin.com/company/ahern-rentals,"532412,532490,532289",False,"Ahern Rentals is the largest independently owned rental company in the United States and is the 7th largest combined. Ahern is based out of Las Vegas,",AI Ark lookalike + NAICS filter
Astec-like,Oldcastle Infrastructure,oldcastleinfrastructure.com,https://www.linkedin.com/company/oldcastle-infrastructure,"327390,236220,541330",True,"Oldcastle Infrastructure future-proofs North America’s infrastructure and transform communities by protecting water, enhancing communications, transpo",AI Ark lookalike + NAICS filter
Astec-like,AMECO,ameco.com,https://www.linkedin.com/company/ameco,"532490,541330,423510",False,"AMECO is The Site Services® Company, providing everything a construction project or operating facility needs to keep moving, no matter the scale: smal",AI Ark lookalike + NAICS filter
Astec-like,TATA PROJECTS LIMITED,-,https://www.linkedin.com/company/lcc-projects-limited,"236116,237210",False,"LCC PROJECTS LIMITED is a construction company based out of TOWER HOUSE LUCY TOWER STREET, LINCOLN, United Kingdom.",AI Ark lookalike + NAICS filter
Astec-like,Gulf Coast,texasmaterialsgroup.com,https://www.linkedin.com/company/gulf-coast,"237310,236210",False,"Gulf Coast, A CRH Company, is an asphalt and heavy civil construction company with offices in Baytown and Beaumont, Texas. Our dedication to high-qual",AI Ark lookalike + NAICS filter
Astec-like,"EQIOM, A CRH Company",eqiom.com,https://www.linkedin.com/company/eqiom,"236220,236210,561720",False,"EQIOM membre du groupe irlandais CRH, acteur majeur dans les matériaux de construction. Avec plus de 150 sites de production répartis sur une grande p",AI Ark lookalike + NAICS filter
Astec-like,Tractafric Equipment,tractafric-equipment.com,https://www.linkedin.com/company/tractafric-equipment,"551112,423390",False,Vous vous interrogez sur le contenu ? Consultez le site internet de votre entreprise.,AI Ark lookalike + NAICS filter
Astec-like,Martin Marietta,martinmarietta.com,https://www.linkedin.com/company/martinmarietta,"327320,327999,327310",True,"Every member of our ONE Martin Marietta team is driven by our shared values of safety, integrity, excellence, community and stewardship.   Our goal is",AI Ark lookalike + NAICS filter
Astec-like,Tilcon New York Inc.,tilconny.com,https://www.linkedin.com/company/tilcon-new-york-inc-,"423390,212319,237310,237110",True,"Tilcon New York Inc produces construction materials and provides road construction services in New York and New Jersey.  We operate quarries, asphalt ",AI Ark lookalike + NAICS filter
Astec-like,Breedon Group plc,breedongroup.com,https://www.linkedin.com/company/breedon-group-plc,"423390,327390,237310,212312",True,"We're a leading vertically-integrated international construction materials group in Great Britain, Ireland and the United States.  We supply the const",AI Ark lookalike + NAICS filter
Astec-like,Koch Engineered Solutions,kochengineeredsolutions.com,https://www.linkedin.com/company/koch-engineered-solutions,"334512,333998,332439",True,Koch Engineered Solutions (KES) provides uniquely engineered solutions in construction; mass and heat transfer; combustion and emissions controls; fil,AI Ark lookalike + NAICS filter
Astec-like,Staker Parson Materials & Construction,stakerparson.com,https://www.linkedin.com/company/stakerparson,"324121,423320,327320",True,"Staker Parson Materials & Construction is a leading producer of quality sand, rock, landscape products, ready-mixed concrete, and asphalt serving cust",AI Ark lookalike + NAICS filter
Astec-like,HolcimUS,holcim.us,https://www.linkedin.com/company/holcimus,"237310,551112,327310",True,"Holcim US is now Amrize, building North America as the partner of choice for professional builders with advanced branded solutions from foundation to ",AI Ark lookalike + NAICS filter
Astec-like,Altrad Babcock,altradbabcock.com,https://www.linkedin.com/company/altrad-babcock,"333613,811412,333414,541614",True,"Welcome to the official LinkedIn page of Altrad Babcock! We are a specialist in the delivery of construction, aftermarket and upgrade services to the ",AI Ark lookalike + NAICS filter
Astec-like,Teichert,teichert.com,https://www.linkedin.com/company/teichert,"423390,237310,212321,423320",True,"Founded in 1887, Teichert’s two main operating companies are Teichert Construction and Teichert Materials.    Teichert Construction holds California S",AI Ark lookalike + NAICS filter
Astec-like,"Gencor Industries, Inc.",gencor.com,https://www.linkedin.com/company/gencor-industries-inc.,"333120,334513,332410,423840",True,"Gencor Industries, Inc., is the leading manufacturer of asphalt plants, soil remediation plants, combustion systems and screening equipment for the ro",AI Ark lookalike + NAICS filter
Astec-like,Herc Rentals,hercrentals.com,https://www.linkedin.com/company/hercrentalsinc,"532120,532490,532310",False,"Herc Rentals is a premier, full-service equipment rental company providing customers with the equipment, services, and solutions they need to achieve ",AI Ark lookalike + NAICS filter
Astec-like,Rogers Group Inc.,rogersgroupincint.com,https://www.linkedin.com/company/rogers-group-inc.,"237310,212312,445110",False,"Rogers Group, Inc., headquartered in Nashville, is a privately held aggregates and asphalt highway construction company operating and meeting customer",AI Ark lookalike + NAICS filter
Astec-like,Holcim México,holcim.com.mx,https://www.linkedin.com/company/holcimmexico,"561499,327310,423320",True,Holcim líder mundial en construcción sostenible,AI Ark lookalike + NAICS filter
Astec-like,Amsted Industries,amsted.com,https://www.linkedin.com/company/amsted-industries,"333415,541330",True,"Amsted Industries is a diversified global manufacturer of industrial components serving primarily the railroad, automotive, commercial vehicle, constr",AI Ark lookalike + NAICS filter
Astec-like,Tomlinson Group of Companies,tomlinsongroup.com,https://www.linkedin.com/company/tomlinson-group-of-companies,"333120,423810,541330",True,"Starting with a single-axle dump truck in 1952, R.W. Tomlinson Limited has transformed to become a multidisciplinary company with numerous divisions i",AI Ark lookalike + NAICS filter
Astec-like,"Irving Materials, Inc.",irvmat.com,https://www.linkedin.com/company/imibuilds,"327331,324121,423320,327320",True,"Founded in 1946, imi (Irving Materials, Inc.) is a privately-held building materials supplier, producer, and construction services company with operat",AI Ark lookalike + NAICS filter
Astec-like,Brundage-Bone Concrete Pumping,brundagebone.com,https://www.linkedin.com/company/brundage-bone-,"238110,423390",False,"Brundage-Bone Concrete Pumping (BBCP) is the largest concrete pumping and material placement service in the United States. Since our origin in 1983, o",AI Ark lookalike + NAICS filter
Astec-like,Bouygues Group,bouygues.com,https://www.linkedin.com/company/bouygues,"561499,237310,236220",False,"Founded in 1952 by Francis Bouygues, Bouygues is a diversified services group operating in over 80 countries with 200,000 employees all working to mak",AI Ark lookalike + NAICS filter
Astec-like,Winsupply,winsupplyinc.com,https://www.linkedin.com/company/winsupply,"423390,423720,423710",False,"Founded in 1956, Winsupply is a family of companies that includes more than 680 locally owned wholesalers across the United States, along with service",AI Ark lookalike + NAICS filter
Astec-like,Weiler,weilerproducts.com,https://www.linkedin.com/company/weiler,"324121,532490,423810,333131",True,"Located in Knoxville, Iowa, Weiler manufactures equipment for the paving market. Weiler equipment is based on proven designs that have a successful tr",AI Ark lookalike + NAICS filter
Astec-like,NPL Construction Co.,gonpl.com,https://www.linkedin.com/company/npl-construction-co-,"237310,237110,237120",False,"NPL is a nationally recognized leader in energy infrastructure construction, with 50 years of experience. With 5,000+ highly-trained employees working",AI Ark lookalike + NAICS filter
Astec-like,"Sunbelt Rentals, Inc.",sunbeltrentals.com,https://www.linkedin.com/company/sunbelt-rentals,"532490,532412",False,"At Sunbelt Rentals, we provide the tools, equipment, and support our customers need to build and maintain the world around us.  With locations across ",AI Ark lookalike + NAICS filter
Astec-like,Komatsu North America,komatsu.com,https://www.linkedin.com/company/komatsunorthamerica,-,False,"Komatsu develops and supplies technologies, equipment and services for the construction, mining, forklift, industrial and forestry markets. For more t",AI Ark lookalike + NAICS filter
Astec-like,Atlas Copco Group,atlascopcogroup.com,https://www.linkedin.com/company/atlas-copco-group,"484110,541330,488999",False,"Atlas Copco Group enables technology that transforms the future. We innovate to develop products, services and solutions that are key to our customers",AI Ark lookalike + NAICS filter
Astec-like,White Cap,whitecap.com,https://www.linkedin.com/company/wearewhitecap,"423390,423710,423310,332216",True,"White Cap and its affiliates serve as a one-stop shop, providing concrete accessories and chemicals, tools and equipment, building materials and faste",AI Ark lookalike + NAICS filter
Astec-like,HVAC,hvacqld.com.au,https://www.linkedin.com/company/hvac,"333415,541618",True,"HVAC is a multi-disciplined engineering construction company, specialising in unique and difficult construction. We save clients time and money throu",AI Ark lookalike + NAICS filter
Astec-like,Heijmans,heijmans.nl,https://www.linkedin.com/company/heijmans,"551112,333415",True,"Heijmans is a company with healthy ambition. We want to contribute to creating a healthy living environment. Everyone wants to breathe clean air, live",AI Ark lookalike + NAICS filter
Astec-like,Walbec Group,walbecgroup.com,https://www.linkedin.com/company/walbec-group,"237310,324121,327320",True,"Together Payne and Dolan, Northeast Asphalt, Zenith Tech, Parisi, Premier Concrete, and Construction Resources Management produce high-quality constru",AI Ark lookalike + NAICS filter
Astec-like,Construplan,construplan.com.mx,https://www.linkedin.com/company/construplan,423830,False,"Empresa dedicada a brindar soluciones integrales a través de sus 6 divisiones: PAVIMENTOS Y CARRETERAS -Diseño, trazo y construcción de carreteras. ",AI Ark lookalike + NAICS filter
Astec-like,Cramo Sverige,cramo.se,https://www.linkedin.com/company/cramo-ab,"532490,423810,532412",False,Cramo was founded in year 1953 and is one of Sweden's largest and Europe's second largest companies in the machinery rental industry and rental-relate,AI Ark lookalike + NAICS filter
Astec-like,Vulcan Materials Company,vulcanmaterials.com,https://www.linkedin.com/company/vulcan-materials-company,"212313,212321,324121,327320",True,"Vulcan Materials Company is the nation’s largest producer of construction aggregates, primarily crushed stone, sand and gravel, and a major producer o",AI Ark lookalike + NAICS filter
Astec-like,FAYAT Group,fayat.com,https://www.linkedin.com/company/fayat,"236117,236220,236210",False,Fondé en 1957 le groupe FAYAT est devenu le premier acteur indépendant français de la construction et de l’industrie. Avec une présence dans 170 pays ,AI Ark lookalike + NAICS filter
Astec-like,SealMaster Official,sealmaster.net,https://www.linkedin.com/company/sealmasternet,-,False,Quality-driven contractors rely on SealMaster® as their one-stop source for pavement maintenance and sport surfacing products and equipment. With an e,AI Ark lookalike + NAICS filter
Astec-like,Titan America,titanamerica.com,https://www.linkedin.com/company/titan-america,"327310,423320,327320",True,"Our Purpose: At Titan America, we are passionate about making the world around us a safe, sustainable and enjoyable place to live.  Our mission is to ",AI Ark lookalike + NAICS filter
Astec-like,Caterpillar Inc.,caterpillar.com,https://www.linkedin.com/company/caterpillar-inc,"333120,333611,531390,333618",True,"For 100 years, we’ve been helping customers build a better, more sustainable world. Our innovative products and services, backed by our global dealer ",AI Ark lookalike + NAICS filter
Astec-like,"HRI, INC.",hriinc.com,https://www.linkedin.com/company/hri-inc-,237310,False,"Since our founding in 1947 as a small, family-owned paving company in State College, Pennsylvania, HRI, Inc. has grown to become a major contractor wo",AI Ark lookalike + NAICS filter
Astec-like,Svevia,svevia.se,https://www.linkedin.com/company/svevia,"237990,237310",False,"Svevia is a specialist in building and maintaining roads, bridges, ports and other infrastructure. We pave the way for new city districts, railways, i",AI Ark lookalike + NAICS filter
Astec-like,Entreprise CHARIER,charier.fr,https://www.linkedin.com/company/entreprise-charier,"541611,812990,237990",False,"Véritable aménageur du territoire, CHARIER s’est imposé comme un acteur incontournable local. A l’actionnariat 100 % familial, l'Entreprise est née en",AI Ark lookalike + NAICS filter
Astec-like,Peab Asfalt i Sverige,peabasfalt.se,https://www.linkedin.com/company/peab-asfalt-i-sverige,"541611,611110,541310",False,"Peab Asfalt asfalterar allt från garageuppfarter, vägar, broar till stora infrastrukturprojekt och utför  underhållsbeläggningar, nybyggnadsbeläggning",AI Ark lookalike + NAICS filter
Astec-like,Chausson Matériaux,chausson.fr,https://www.linkedin.com/company/chausson-materiaux,236117,False,Première entreprise nationale indépendante de distribution de matériaux de construction.  Chausson Matériaux est une société familiale et indépendante,AI Ark lookalike + NAICS filter
Astec-like,Alberici Constructors,alberici.com,https://www.linkedin.com/company/alberici,"237310,236220,236210",False,Alberici is a diversified construction company that partners with leading organizations to build the critical structures that improve lives and streng,AI Ark lookalike + NAICS filter
Astec-like,Lafarge Canada,lafarge.ca,https://www.linkedin.com/company/lafargecanada,"325520,327390,237310,541330",True,"Lafarge Canada is now Amrize, building North America as the partner of choice for professional builders with advanced branded solutions from foundatio",AI Ark lookalike + NAICS filter
Astec-like,PTW Energy Services,ptwenergy.com,https://www.linkedin.com/company/ptw-energy,"551112,335313,541330",True,"PTW is a leading industry solutions provider delivering construction, fabrication and maintenance services. Our network extends across more than 40 br",AI Ark lookalike + NAICS filter
Astec-like,Kilgore Companies,kilgorecompanies.com,https://www.linkedin.com/company/kilgore-companies,"333120,327320,423390,237310",True,"Kilgore Companies is a group of successful construction materials companies offering aggregates, ready mix concrete, paving and construction services.",AI Ark lookalike + NAICS filter
Astec-like,H&E Rentals,he-equipment.com,https://www.linkedin.com/company/hees,"532490,811210,532412",False,"Founded in 1961, H&E is one of the largest equipment rental companies in the nation, providing the higher standard in equipment rentals. With location",AI Ark lookalike + NAICS filter
Astec-like,Stuart Olson Inc.,stuartolson.com,https://www.linkedin.com/company/stuart-olson-inc-,"561110,236116,236220",False,"At Stuart Olson, we're not just dedicated to the Canadian construction and industrial services market – we're passionate about turning projects into s",AI Ark lookalike + NAICS filter
Astec-like,EDCO,edcoinc.com,https://www.linkedin.com/company/edcousa,"532282,449210,423830,444180",False,"EDCO is family-owned American manufacturer of Surface Preparation, Floor Grinding, Removal, Sawing, and Drilling Equipment. EDCO brands include Magna-",AI Ark lookalike + NAICS filter
Astec-like,Graham,grahambuilds.com,https://www.linkedin.com/company/grahambuilds,"561110,236220,236210",False,"Graham is an employee-owned construction solutions partner that provides general contracting, design-build, construction management and public-private",AI Ark lookalike + NAICS filter
Astec-like,Zachry Construction Corporation,zachryconstructioncorp.com,https://www.linkedin.com/company/zachry-corporation,"237310,237110,236220,237990",False,"As a third-generation, privately held family company with more than a century of experience, Zachry Construction has successfully delivered more than ",AI Ark lookalike + NAICS filter
Astec-like,FM Conway Ltd,fmconway.co.uk,https://www.linkedin.com/company/fm-conway-ltd,"237310,562920",False,"FM Conway is a leading infrastructure services company delivering vital services in transportation, the built environment and open spaces for communit",AI Ark lookalike + NAICS filter
Astec-like,Ledcor,ledcor.com,https://www.linkedin.com/company/ledcor,"541618,236220,213112",False,"The Ledcor Group of Companies is one of North America’s most diversified construction companies, serving the building, heavy industrial, civil and Inf",AI Ark lookalike + NAICS filter
Astec-like,"CCC Group, Inc.",cccgroupinc.com,https://www.linkedin.com/company/ccc-group-inc.,"236210,332312,237990",True,"CCC Group, Inc. is a nationally-ranked heavy industrial general contractor with over 1,500 employees and six domestic and two international offices.  ",AI Ark lookalike + NAICS filter
Astec-like,Eiffage Construction,eiffageconstruction.com,https://www.linkedin.com/company/eiffage-construction,"236116,236115,236220",False,"Eiffage Construction (www.eiffageconstruction.com), acteur majeur du BTP en Europe et filiale du groupe Eiffage, réunit l’ensemble des métiers liés à ",AI Ark lookalike + NAICS filter
Astec-like,Snap-on,snapon.com,https://www.linkedin.com/company/snap-on,"441110,333998",True,"Snap-on Incorporated is a leading global innovator, manufacturer, and marketer of tools, equipment, diagnostics, repair information and systems soluti",AI Ark lookalike + NAICS filter
Astec-like,BKW Engineering,bkw-engineering.com,https://www.linkedin.com/company/bkw-engineering,"541330,541511,541512",False,"Das BKW Engineering - Network of Excellence® ist der größte Zusammenschluss unabhängiger Ingenieur-, Architektur-, Gutachter- und Prüfunternehmen in d",AI Ark lookalike + NAICS filter
Astec-like,FAYAT BATIMENT,fayat.com,https://www.linkedin.com/company/fayatbatiment,"236115,236116,236220",False,"Acteur majeur de la construction en France, la Division FAYAT Bâtiment, adossée au Groupe FAYAT, conçoit, réalise et exploite des ouvrages qui contrib",AI Ark lookalike + NAICS filter
Astec-like,Legendre,groupe-legendre.com,https://www.linkedin.com/company/groupe-legendre,"624310,237210,561720",False,"Fondé en 1946, le groupe Legendre est un acteur européen de la construction, de l’immobilier, de l’énergie et de l’exploitation. Il est aujourd’hui di",AI Ark lookalike + NAICS filter
Astec-like,The Heritage Group,thgrp.com,https://www.linkedin.com/company/the-heritage-group,"518210,551112,541330,541690",False,"The Heritage Group started in 1930 with a man, a truck and a dream. Today, we’re a fourth-generation, family-owned business, managing a diverse portfo",AI Ark lookalike + NAICS filter
Astec-like,Aecon Group Inc.,aecon.com,https://www.linkedin.com/company/aecon,"551112,236210,237310,237110",False,Aecon Group Inc. (TSX: ARE) is a North American construction and infrastructure development company with global experience. Aecon delivers integrated ,AI Ark lookalike + NAICS filter
Astec-like,Carter Machinery,cartermachinery.com,https://www.linkedin.com/company/carter-machinery,"423830,423810,532412",False,"Founded in 1952, Carter Machinery is the authorized Caterpillar dealer serving Virginia, West Virginia, Maryland, Delaware and Washington D.C. through",AI Ark lookalike + NAICS filter
Astec-like,Wacker Neuson,wackerneuson.com,https://www.linkedin.com/company/wackerneuson,"811490,333120,423810",True,"In close cooperation with our customers, we offer products and services that surpass their high standards and fulfill their diverse requirements, whil",AI Ark lookalike + NAICS filter
Astec-like,Blattner,blattnercompany.com,https://www.linkedin.com/company/blattner-company,"541330,221118",False,"With more than 115 years of construction experience, Blattner has played a vital role in building America’s critical infrastructure, ranging from rail",AI Ark lookalike + NAICS filter
Astec-like,Liebherr Group,liebherr.com,https://www.linkedin.com/company/liebherr,"441110,423830,423810",False,"Established in 1949, the Liebherr Group today is not only one of the biggest construction equipment manufacturers in the world, but also offers high-q",AI Ark lookalike + NAICS filter
Astec-like,Groupe Qualiconsult,groupe-qualiconsult.fr,https://www.linkedin.com/company/qualiconsult,"551112,561110,541330",False,Qualiconsult Group was created in 1982 by technical control professionals and has always seen its mission to be general technical support to project o,AI Ark lookalike + NAICS filter
Astec-like,Downer,downergroup.com,https://www.linkedin.com/company/downer,"551112,213112,541330",False,Enabling communities to thrive.   It’s what we’ve done for more than 150 years. Solving problems. Making the extraordinary run smoothly every day. We’,AI Ark lookalike + NAICS filter
Astec-like,Mourik,mourik.com,https://www.linkedin.com/company/mourik,"236220,541330",False,"Family business Mourik is a B2B service provider in the area of infrastructure, industrial services, non-residential construction and catalyst handlin",AI Ark lookalike + NAICS filter
Astec-like,Granite Construction,graniteconstruction.com,https://www.linkedin.com/company/granite-construction,"237310,237990,212321,236210",False,"From infrastructure that facilitates the movement of goods and people to projects that improve the way we live, work, and play, high-value partnership",AI Ark lookalike + NAICS filter
Astec-like,Best Line Equipment,bestline.com,https://www.linkedin.com/company/best-line-equipment,"423810,423440,532412",False,"Best Line Equipment is an industry-leading equipment rental, sales, service, and parts provider with locations in Pennsylvania and New Jersey. For ove",AI Ark lookalike + NAICS filter
Astec-like,Boral,boral.com.au,https://www.linkedin.com/company/boral,"237110,236116,541330",False,"Boral is the largest vertically-integrated construction materials company in Australia. Our network includes prized quarry and cement infrastructure, ",AI Ark lookalike + NAICS filter
Astec-like,Zeppelin Group,zeppelin.com,https://www.linkedin.com/company/zeppelingroup,541330,False,"The Zeppelin Group is a global sales and service provider with extensive industry expertise in the fields of construction, drive and energy. The compa",AI Ark lookalike + NAICS filter
Astec-like,"Traffic Management, Inc",trafficmanagement.com,https://www.linkedin.com/company/traffic-management-inc,"561110,561990,561499,541330",False,"Providing Solutions for Work Zone Safety  TMI specializes in providing our customers, employees and the public a safe work zone while maintaining an e",AI Ark lookalike + NAICS filter
Astec-like,MasTec,mastec.com,https://www.linkedin.com/company/mas-tec,"237110,423810,541990",False,MasTec companies have been involved in some of the largest and most complex infrastructure construction projects across the country.   Our experience ,AI Ark lookalike + NAICS filter
Astec-like,TMS,trimblems.com,https://www.linkedin.com/company/tms,"423430,541990,423440",False,"Trimble Mobile Solutions, aka Trimble Mobile Resource Management, is a division of Trimble Navigation, Ltd.",AI Ark lookalike + NAICS filter
Astec-like,County of Los Angeles Department of Public Works,lacounty.gov,https://www.linkedin.com/company/los-angeles-county-department-of-public-works,"921110,541690,541620",False,"We plan, design, build, and maintain modern infrastructure that uplifts all communities of LA County.",AI Ark lookalike + NAICS filter
Astec-like,MANITOU Group,manitou-group.com,https://www.linkedin.com/company/manitougroup,"424990,541618",False,"Commitment, reliability, passion. Our 3 core values to help you Set your future in motion.",AI Ark lookalike + NAICS filter
Astec-like,Purvis Industries,purvisindustries.com,https://www.linkedin.com/company/purvis-industries,"423840,423120,334512,333613",True,"As the leadership organization for twelve strategic business units, Purvis Industries is well equipped to ensure our customers get the right products ",AI Ark lookalike + NAICS filter
Astec-like,HAZEMAG,hazemag.com,https://www.linkedin.com/company/hazemag-&-epr-gmbh-duelmen,"541715,333517,541330",True,"HAZEMAG – Experience. Innovation. Results.  For over 75 years, HAZEMAG has been at the forefront of industrial technology, providing pioneering soluti",AI Ark lookalike + NAICS filter
Astec-like,Amplia Infrastructures,ampliaspa.it,https://www.linkedin.com/company/amplia-infrastructures,"237310,423810,324121",True,"vimental has over 40 years experience in the construction, maintenance and upgrading of roads, motorways, bridges, viaducts, service areas and airport",AI Ark lookalike + NAICS filter
Astec-like,Arnold Machinery Company,arnoldmachinery.com,https://www.linkedin.com/company/arnold-machinery-company,"423110,423810,423830,811310",False,"Arnold Machinery Company is a leading equipment distributor for the mining, construction, material handling and agricultural implement industries. We ",AI Ark lookalike + NAICS filter
Astec-like,Epiroc,epiroc.com,https://www.linkedin.com/company/epiroc,"237990,541330,334515",True,Performance to succeed today.  Technology to lead tomorrow.  Epiroc is your partner for mining and infrastructure equipment.  We're excited to build o,AI Ark lookalike + NAICS filter
Astec-like,VolkerWessels,volkerwessels.com,https://www.linkedin.com/company/volkerwessels,237310,False,"VolkerWessels is a leading international company that operates according to the 'think global, act local'​ principle. VolkerWessels is active in the N",AI Ark lookalike + NAICS filter
Astec-like,Cascade Corporation,cascorp.com,https://www.linkedin.com/company/cascade,"333120,333924,423830,333922",True,"Cascade Corporation is a global leader in the design, manufacture and marketing of materials handling equipment and related technologies.  As Cascad",AI Ark lookalike + NAICS filter
Astec-like,"EMCOR Group, Inc.",emcorgroup.com,https://www.linkedin.com/company/emcor-group-inc,"524126,811412",False,"A Fortune 500® company and a member of the S&P 500, EMCOR Group, Inc. (NYSE: EME) is a leader in mechanical and electrical construction, industrial an",AI Ark lookalike + NAICS filter
Astec-like,Heidelberg Materials,heidelbergmaterials.com,https://www.linkedin.com/company/heidelbergmaterials,"327310,423390,237310",True,Heidelberg Materials is one of the world's largest integrated manufacturers of heavy building materials and solutions with leading market positions in,AI Ark lookalike + NAICS filter
Astec-like,Sunrock,thesunrockgroup.com,https://www.linkedin.com/company/sunrock-industries,"324121,423320,327320",True,"Headquartered in Raleigh, NC, Sunrock Industries is a leading privately held construction materials supplier. As a vertically integrated company, we p",AI Ark lookalike + NAICS filter
Astec-like,Skanska,skanska.com,https://www.linkedin.com/company/skanska,"561499,541512,237310",False,"Skanska Group uses knowledge & foresight to shape the way people live, work, and connect. More than 138 years in the making, we’re one of the world’s ",AI Ark lookalike + NAICS filter
Astec-like,Balfour Beatty plc,balfourbeatty.com,https://www.linkedin.com/company/balfour-beatty-plc,"541330,237310,236116,237990",False,"Balfour Beatty is a leading international infrastructure group. With 27,000 employees, we are driving the delivery of powerful new solutions, shaping ",AI Ark lookalike + NAICS filter
Astec-like,AVG BV,avg.eu,https://www.linkedin.com/company/avg-bv,"423830,811310,562920",False,"At AVG, we contribute to the essentials people rely on every day: places to live and work, mobility, safety, and a future-proof environment. And we do",AI Ark lookalike + NAICS filter
Astec-like,Coates,coates.com.au,https://www.linkedin.com/company/coatesau,"621111,561311,532490",False,"Since 1885, Coates has been supplying high-quality equipment to a range of industries, including construction, engineering, infrastructure, mining and",AI Ark lookalike + NAICS filter
Astec-like,Keltbray,keltbray.com,https://www.linkedin.com/company/keltbray-group,"541330,236116,237990",False,"Keltbray is a UK leading specialist engineering contractor, which offers engineering, construction, demolition, decommissioning, remediation, environm",AI Ark lookalike + NAICS filter
Astec-like,Ingevity,ingevity.com,https://www.linkedin.com/company/ingevity,"325180,424690,325998",True,"From cleaner automotive emissions to sustainable materials, Ingevity is a global specialty materials company at the forefront of delivering products t",AI Ark lookalike + NAICS filter
Astec-like,Holt of California,holtca.com,https://www.linkedin.com/company/holt-of-california,"423830,423810,532412",False,Holt of California is proud to be part of the elite global network of Caterpillar® dealers. With roots dating back to 1904—when Benjamin Holt invented,AI Ark lookalike + NAICS filter
Astec-like,Colas Canada Inc.,colascanada.ca,https://www.linkedin.com/company/colascanada-inc,"237310,237110,236220",False,"Colas Canada Inc., Canada’s leader in construction and maintenance of transportation infrastructure, is a holding and management company with operatin",AI Ark lookalike + NAICS filter
Astec-like,Lakeside Industries,lakesideindustries.com,https://www.linkedin.com/company/lakeside-industries,"237310,238110,324121",True,As a family-owned asphalt paving company Lakeside Industries has been proud to provide exceptional products and services for over 70 years. We are one,AI Ark lookalike + NAICS filter
Astec-like,KAEFER Australia,kaefer.com.au,https://www.linkedin.com/company/kaefer-australia,"423730,238990,238310,423620",False,"KAEFER has an es­tab­lished and wide­spread pres­ence across Aus­tralia, operating in the coun­try for nearly 40 years and globally for over 100.  Tod",AI Ark lookalike + NAICS filter
Astec-like,Performance Contractors,performance-contractors.com,https://www.linkedin.com/company/performance-contractors,"236220,541330,236210",False,"We began as a merit shop general industrial contractor back in 1979. Since then, we’ve grown to provide full-service construction through all phases o",AI Ark lookalike + NAICS filter
Astec-like,Heidelberg Materials France,heidelbergmaterials.fr,https://www.linkedin.com/company/heidelbergmaterialsfrance,"423390,327390,423810",True,"Heidelberg Materials France est la filiale française du groupe Heidelberg Materials, numéro un mondial des marchés des granulats et du béton prêt à l’",AI Ark lookalike + NAICS filter
Astec-like,Baker Construction,bakerconstruction.com,https://www.linkedin.com/company/bakerconstruction,-,False,"The nation's largest concrete contractor, Baker Construction specializes in all types of concrete construction and related solutions, including civil ",AI Ark lookalike + NAICS filter
Astec-like,E&B Paving,ebpaving.com,https://www.linkedin.com/company/e&b-paving-inc,"237310,324122",True,"E&B Paving provides world-class solutions to customers from ten area offices, 14 permanent asphalt and concrete plants, and several portable asphalt a",AI Ark lookalike + NAICS filter
Astec-like,KWS Infra,kws.nl,https://www.linkedin.com/company/kws-infra,"327999,237110,237990,423830",True,"KWS ontwerpt, bouwt, onderhoudt en beheert infrastructuur. Wegen en openbare ruimten. Over land en water. Boven en onder de grond. Als marktleider in ",AI Ark lookalike + NAICS filter
Astec-like,Wabtec Corporation,wabteccorp.com,https://www.linkedin.com/company/wabtec-corporation,"336510,561499,484121,488999",True,"Wabtec is a leading global provider of equipment, systems, digital solutions, and value-added services. Whether it's freight rail, transit, mining, in",AI Ark lookalike + NAICS filter
Astec-like,National Drilling,nationaldrilling.co.uk,https://www.linkedin.com/company/national-drilling,"237110,213112",False,"Since 1986 National Drilling has been servicing the building and construction industry. Our reliable, professional and hassle free services has earned",AI Ark lookalike + NAICS filter
Astec-like,HSS ProService Marketplace,hssproservice.com,https://www.linkedin.com/company/hss-proservice-marketplace,-,False,"Meet HSS ProService Marketplace, the most innovative building services platform in the world. Connecting thousands of buyers with hundreds sellers, wi",AI Ark lookalike + NAICS filter
Astec-like,Genie,genielift.com,https://www.linkedin.com/company/genielift,"333921,423830,336320",True,"Genie is here to deliver the quality your business needs: Durable equipment, expert support, and dependable parts. We specialize in material lifts, po",AI Ark lookalike + NAICS filter
Astec-like,TECNOMAT,tecnomat.it,https://www.linkedin.com/company/tecnomat-adeo,"423390,423720,423610",False,Tecnomat (Bricoman Italy) was founded in 2008 with a proposal designed and structured to offer professionals and small businesses a modern distributio,AI Ark lookalike + NAICS filter
Astec-like,Lafarge France,lafarge.fr,https://www.linkedin.com/company/lafarge-france,"551112,541611,236116",False,"Lafarge France opère dans quatre segments d’activités : ciment, granulats, béton prêt-à-l’emploi et  produits et solutions. Avec notre expertise, notr",AI Ark lookalike + NAICS filter
Astec-like,RK,rkindustries.com,https://www.linkedin.com/company/rkindustriesllc,"332312,236220,541330",True,"As a second-generation family-owned business, RK Industries (RK) has undergone many evolutions since its incorporation in Colorado in 1985. With roots",AI Ark lookalike + NAICS filter
Astec-like,BAUER Group,bauer.de,https://www.linkedin.com/company/bauer-group-,"237310,333248,423320",True,The BAUER Group is an international construction and machinery manufacturing concern with more than 110 subsidiaries in some 70 countries providing se,AI Ark lookalike + NAICS filter
Astec-like,EquipmentShare,equipmentshare.com,https://www.linkedin.com/company/equipmentshare,"423440,423810",False,"EquipmentShare is a nationwide construction technology company that combines smart jobsite technology with equipment rental, retail, and service offer",AI Ark lookalike + NAICS filter
Astec-like,JCPS,trendmicro.com,https://www.linkedin.com/company/trend-appliance,423620,False,"Trend sells directly to builders, designers, remodelers, and other industry professionals. However, if you find us, you get pricing below retail as we",AI Ark lookalike + NAICS filter
Astec-like,Quikrete,quikrete.com,https://www.linkedin.com/company/quikrete,"327390,212312,327320",True,"The QUIKRETE® Companies is the largest manufacturer of packaged concrete and cement mixes in the United States and Canada, and an innovative leader in",AI Ark lookalike + NAICS filter
Astec-like,McConnell Dowell,mcconnelldowell.com,https://www.linkedin.com/company/mcconnell-dowell,"237310,237990,541330",False,"We are Creative Construction. We successfully deliver complex infrastructure with our customers and the community.  With over 3,000 employees and prof",AI Ark lookalike + NAICS filter
Astec-like,S:t Eriks AB,steriks.se,https://www.linkedin.com/company/steriksab,"424920,424930,323111",True,Den 31 mars 2009 gick Nordform och S:t Eriks samman och bildade ett av Sveriges ledande företag inom mark- och VA-system. Vi var två bolag som vardera,AI Ark lookalike + NAICS filter
Astec-like,Länsförsäkringar,lansforsakringar.se,https://www.linkedin.com/company/lansforsakringar,"522299,523999,522110",False,Välkommen till oss på Länsförsäkringar! Länsförsäkringsgruppen består av 23 lokala och kundägda länsförsäkringsbolag runt om i hela Sverige som tillsa,AI Ark lookalike + NAICS filter
Astec-like,Bay Ltd.,bayltd.com,https://www.linkedin.com/company/bayltd,"237990,237120",False,"Bay Ltd., with offices and operations throughout the U.S., Latin America, Canada, and other International locations, is a full-service multi-disciplin",AI Ark lookalike + NAICS filter
Astec-like,United Rentals,unitedrentals.com,https://www.linkedin.com/company/united-rentals,"532310,532412,444140",False,"United Rentals is the world’s largest equipment rental company, helping customers safely build, maintain and respond across construction, industrial, ",AI Ark lookalike + NAICS filter
Astec-like,COLAS,allinks.click,https://www.linkedin.com/company/colas,"236115,236116,236220",False,"Colas, a subsidiary of the Bouygues Group, is a major player in the construction and maintenance of transportation infrastructure and urban developmen",AI Ark lookalike + NAICS filter
Astec-like,Aramsco,aramsco.com,https://www.linkedin.com/company/aramsco,"423840,423830,424340,424350",False,"Aramsco supports the livelihoods of specialty contractors and service professionals across the U.S. and Canada. We equip each of our customers, who do",AI Ark lookalike + NAICS filter
Astec-like,EFCO Forming & Shoring Solutions,efcoforms.com,https://www.linkedin.com/company/efcoforms,"423810,332322",True,"Your Trusted Partner in Concrete Construction  At EFCO, we embrace challenges, develop Innovative solutions, and deliver Super Service with an unwaver",AI Ark lookalike + NAICS filter
Astec-like,"Brown & Root Industrial Services, LLC",brownandroot.com,https://www.linkedin.com/company/brown-and-root-industrial-services-llc,"236220,236116,532412",False,"Brown & Root Industrial Services offers the full range of industrial services – engineering, construction, maintenance, turnaround, and specialty (pai",AI Ark lookalike + NAICS filter
Astec-like,Griffith Company,griffithcompany.net,https://www.linkedin.com/company/griffith-company,"237310,236220,236210",False,"As one of California’s earliest general contractors, Griffith Company is proud to have contributed our capabilities, resources and engineering experti",AI Ark lookalike + NAICS filter
Astec-like,Magaldi Group,magaldi.com,https://www.linkedin.com/company/magaldi-group,"238290,532310,533110,333998",True,"𝗠𝗮𝗴𝗮𝗹𝗱𝗶 𝗚𝗿𝗼𝘂𝗽 | 𝗗𝗲𝗽𝗲𝗻𝗱𝗮𝗯𝗹𝗲 𝗧𝗲𝗰𝗵𝗻𝗼𝗹𝗼𝗴𝗶𝗲𝘀 𝗦𝗶𝗻𝗰𝗲 𝟭𝟵𝟮𝟵  Headquartered in Italy, Magaldi Group brings nearly a century of experience in engineering, design",AI Ark lookalike + NAICS filter
Astec-like,Biesse,biesse.com,https://www.linkedin.com/company/biesse,"423830,333248",True,"We are an international company that manufactures integrated lines and machines to process wood, glass, stone, plastic and composite materials and wha",AI Ark lookalike + NAICS filter
Astec-like,Bilfinger North America,bilfinger.com,https://www.linkedin.com/company/bilfingerinc,"236220,236210",False,"As a leading construction and maintenance provider, Bilfinger aims to enhance the efficiency of assets and lower operational costs. Our portfolio cove",AI Ark lookalike + NAICS filter
Astec-like,Basalt-Actien-Gesellschaft,basalt.de,https://www.linkedin.com/company/basaltactiengesellschaft,"324122,327320,212311,237310",True,Wir gehören zu den führenden Unternehmen der Naturstein- und Asphaltindustrie in Europa und setzen nachhaltig neue Maßstäbe in den Bereichen Recycling,AI Ark lookalike + NAICS filter
Bobcat-like,JCB North America,jcb.com,https://www.linkedin.com/company/jcb-north-america,"423840,423830,423810",False,"JCB is a family company founded on October 23rd, 1945, and is now one of the world’s largest privately owned manufacturers of construction, agricultur",AI Ark lookalike + NAICS filter
Bobcat-like,Wacker Neuson,wackerneuson.com,https://www.linkedin.com/company/wackerneuson,"811490,333120,423810",True,"In close cooperation with our customers, we offer products and services that surpass their high standards and fulfill their diverse requirements, whil",AI Ark lookalike + NAICS filter
Bobcat-like,"MacAllister Machinery Co., Inc.",macallister.com,https://www.linkedin.com/company/macallister-machinery-co--inc-,"423810,423120,811210,532412",False,"MacAllister Machinery is a family-owned heavy equipment solutions provider offering new & used sales, rentals, parts, service, and technology across I",AI Ark lookalike + NAICS filter
Bobcat-like,JCB,jcb.com,https://www.linkedin.com/company/jcb,"423390,423830,423810",False,JCB is one of the largest privately owned engineering and manufacturing companies in the UK and the World's third largest manufacturer of construction,AI Ark lookalike + NAICS filter
Bobcat-like,Holt of California,holtca.com,https://www.linkedin.com/company/holt-of-california,"423830,423810,532412",False,Holt of California is proud to be part of the elite global network of Caterpillar® dealers. With roots dating back to 1904—when Benjamin Holt invented,AI Ark lookalike + NAICS filter
Bobcat-like,BOMAG GmbH,bomag.com,https://www.linkedin.com/company/bomag,"333120,423810,541330,423830",True,BOMAG is the world market leader in the field of Compaction Technology. The company belongs to the FAYAT GROUP since 2005. BOMAG is a manufacture of m,AI Ark lookalike + NAICS filter
Bobcat-like,Redhead Equipment,redheadequipment.ca,https://www.linkedin.com/company/redhead-equipment,"423830,423820,532412,459999",False,"Dedicated to the industry since 1948, Redhead Equipment is one of Saskatchewan’s most diverse and trusted heavy equipment providers. We deliver the mo",AI Ark lookalike + NAICS filter
Bobcat-like,YANMAR America,yanmar.com,https://www.linkedin.com/company/yanmar-america,"423830,811310,423820",False,"YANMAR America Corporation, located in Adairsville, GA, is the regional headquarters of YANMAR Co., Ltd. a global company based in Osaka, Japan. YANMA",AI Ark lookalike + NAICS filter
Bobcat-like,Wacker Neuson Group,wackerneusongroup.com,https://www.linkedin.com/company/wacker-neuson-group,"423830,423810,444140",False,The Wacker Neuson Group is an internationally operating group of companies with over 50 affiliates and 140 sales and service stations. As a leading ma,AI Ark lookalike + NAICS filter
Bobcat-like,Komatsu Australia,komatsu.com.au,https://www.linkedin.com/company/komatsu-australia,"423810,423840,423830,551112",False,"Komatsu is an industry-leading manufacturer and supplier of equipment, technologies and services for the construction, forklift, mining, industrial an",AI Ark lookalike + NAICS filter
Bobcat-like,Kubota Tractor Corporation,kubotausa.com,https://www.linkedin.com/company/kubota-tractor-corporation,"333111,423810,423820",True,"At Kubota Tractor Corporation, we engineer solutions that empower those who shape our world. Our innovative equipment is designed with customer input ",AI Ark lookalike + NAICS filter
Bobcat-like,Komatsu North America,komatsu.com,https://www.linkedin.com/company/komatsunorthamerica,-,False,"Komatsu develops and supplies technologies, equipment and services for the construction, mining, forklift, industrial and forestry markets. For more t",AI Ark lookalike + NAICS filter
Bobcat-like,Ring Power Cat,ringpower.com,https://www.linkedin.com/company/ringpowercat,"532490,423820,459999",False,"Ring Power Corporation, North and Central Florida’s Cat® dealer, is headquartered in St. Augustine, Florida. Ring Power is comprised of eight division",AI Ark lookalike + NAICS filter
Bobcat-like,Carraro Group,carraro.com,https://www.linkedin.com/company/carraro-spa,"333613,811412,333612",True,Carraro (www.carraro.com) is a leading international Group in transmission systems for off-highway vehicles and specialised tractors. The Group’s acti,AI Ark lookalike + NAICS filter
Bobcat-like,Thompson Tractor Company,thompsontractor.com,https://www.linkedin.com/company/thompsontractor,"999990,441110,423830,423820",False,"Thompson Tractor Company, Inc. specializes in the sales, rental, leasing, service and parts for earthmoving, construction and material-handling equipm",AI Ark lookalike + NAICS filter
Bobcat-like,Linamar Corporation,linamar.com,https://www.linkedin.com/company/linamar,"332312,331513,332710",True,Linamar Corporation (TSX:LNR) is an advanced manufacturing company where the intersection of leading-edge technology and deep manufacturing expertise ,AI Ark lookalike + NAICS filter
Bobcat-like,John Deere,deere.com,https://www.linkedin.com/company/john-deere,"423820,333111,532490",True,"It doesn’t matter if you’ve never driven a tractor, mowed a lawn, or operated a dozer. With John Deere’s role in helping produce food, fiber, fuel, an",AI Ark lookalike + NAICS filter
Bobcat-like,MANITOU Group,manitou-group.com,https://www.linkedin.com/company/manitougroup,"424990,541618",False,"Commitment, reliability, passion. Our 3 core values to help you Set your future in motion.",AI Ark lookalike + NAICS filter
Bobcat-like,Empire Cat,empirecat.com,https://www.linkedin.com/company/empire-southwest,"811114,423830,423810",False,"MORE THAN GREAT MACHINES®  Empire Southwest is a top authorized Caterpillar® dealer for heavy equipment and power generation throughout Arizona, Nevad",AI Ark lookalike + NAICS filter
Bobcat-like,The Toro Company,thetorocompany.com,https://www.linkedin.com/company/the-toro-company,"333111,237990,423820,459999",True,"The Toro Company represents a portfolio of global brands spanning various markets, industries and geographies with over a century of deep knowledge in",AI Ark lookalike + NAICS filter
Bobcat-like,Carter Machinery,cartermachinery.com,https://www.linkedin.com/company/carter-machinery,"423830,423810,532412",False,"Founded in 1952, Carter Machinery is the authorized Caterpillar dealer serving Virginia, West Virginia, Maryland, Delaware and Washington D.C. through",AI Ark lookalike + NAICS filter
Bobcat-like,AGCO Corporation,agcocorp.com,https://www.linkedin.com/company/agco-corporation,"333111,522220,811412,423820",True,"AGCO (NYSE: AGCO) is a global leader in the design, manufacture and distribution of agricultural machinery and precision ag technology. AGCO delivers ",AI Ark lookalike + NAICS filter
Bobcat-like,Altec,altec.com,https://www.linkedin.com/company/altec,"333120,333923,336211,423830",True,"Altec is a leading provider of products and services to the electric utility, tree care, telecommunications and lights and signs markets. We help cust",AI Ark lookalike + NAICS filter
Bobcat-like,Caterpillar Inc.,caterpillar.com,https://www.linkedin.com/company/caterpillar-inc,"333120,333611,531390,333618",True,"For 100 years, we’ve been helping customers build a better, more sustainable world. Our innovative products and services, backed by our global dealer ",AI Ark lookalike + NAICS filter
Bobcat-like,Wagner Equipment,wagnerequipment.com,https://www.linkedin.com/company/wagner-equipment,"423810,423830,459999",False,"Wagner Equipment Co. is committed to meet your total earthmoving equipment needs. We offer you quality Caterpillar machines and engines, and also carr",AI Ark lookalike + NAICS filter
Bobcat-like,KUBOTA Manufacturing of America,kubota-kma.com,https://www.linkedin.com/company/kubota-manufacturing-of-america-corp,"333112,333924,423830,423810",True,"Established in 1988, Kubota Manufacturing of America Corporation (KMA) is headquartered in Gainesville, Georgia, a thriving industrial and agricultura",AI Ark lookalike + NAICS filter
Bobcat-like,Finning,finning.com,https://www.linkedin.com/company/finning,"423830,423810,532412",False,"Finning is the world's largest Caterpillar dealer delivering unrivalled service for over 90 years. We sell, rent and provide parts and service for equ",AI Ark lookalike + NAICS filter
Bobcat-like,Gregory Poole Equipment Company,gregorypoole.com,https://www.linkedin.com/company/gregory-poole-equipment-company,"423810,423830,811310",False,"Gregory Poole Equipment Company was founded by James Gregory Poole, Sr., and his uncle, William Lewis Gregory on April 1, 1951. With headquarters in R",AI Ark lookalike + NAICS filter
Bobcat-like,Arnold Machinery Company,arnoldmachinery.com,https://www.linkedin.com/company/arnold-machinery-company,"423110,423810,423830,811310",False,"Arnold Machinery Company is a leading equipment distributor for the mining, construction, material handling and agricultural implement industries. We ",AI Ark lookalike + NAICS filter
Bobcat-like,Magaldi Group,magaldi.com,https://www.linkedin.com/company/magaldi-group,"238290,532310,533110,333998",True,"𝗠𝗮𝗴𝗮𝗹𝗱𝗶 𝗚𝗿𝗼𝘂𝗽 | 𝗗𝗲𝗽𝗲𝗻𝗱𝗮𝗯𝗹𝗲 𝗧𝗲𝗰𝗵𝗻𝗼𝗹𝗼𝗴𝗶𝗲𝘀 𝗦𝗶𝗻𝗰𝗲 𝟭𝟵𝟮𝟵  Headquartered in Italy, Magaldi Group brings nearly a century of experience in engineering, design",AI Ark lookalike + NAICS filter
Bobcat-like,STIHL,stihl.de,https://www.linkedin.com/company/stihl,"551112,333998,532490,811310",True,"STIHL as an employer – THE REASONS WHY WE ARE HERE  STIHL is a leading international mechatronics company with over 19,000 employees worldwide. For al",AI Ark lookalike + NAICS filter
Bobcat-like,Jungheinrich UK Ltd,jungheinrich.co.uk,https://www.linkedin.com/company/jungheinrich-uk-ltd,"532490,423830,811412",False,"At Jungheinrich UK, we are not only a premium manufacturer of forklift trucks — we’re also a leading force in automated material handling transformati",AI Ark lookalike + NAICS filter
Bobcat-like,Black & Decker,blackanddecker.com,https://www.linkedin.com/company/black-&-decker,"333991,423830,332710",True,"Since our earliest days as a small Baltimore machine shop, BLACK+DECKER has remained steadfastly focused on customer needs. Learn more about how we've",AI Ark lookalike + NAICS filter
Bobcat-like,AMAZONEN-WERKE H. DREYER SE & Co. KG,amazone.net,https://www.linkedin.com/company/amazone-group,"333111,424910,423820",True,"Imprint: http://www.amazone.net/5000.asp  More than seven billion people currently live on Earth. In less than 50 years, it will be 10 billion. The us",AI Ark lookalike + NAICS filter
Bobcat-like,Weidemann GmbH,weidemann.de,https://www.linkedin.com/company/weidemann-gmbh,"333111,333120,333923,333922",True,"The internationally distinguished label Weidemann stands for 60 years of experience in developing and series manufacturing of compact Hoftracs, wheel ",AI Ark lookalike + NAICS filter
Bobcat-like,Camso,camso.co,https://www.linkedin.com/company/camso,"541715,423130,441340,326211",True,"Camso is specialized in off-road tires, wheels, rubber tracks and undercarriage systems serving the material handling, construction, agricultural and ",AI Ark lookalike + NAICS filter
Bobcat-like,Wallenius Wilhelmsen Solutions / Keen Transport,keentransport.com,https://www.linkedin.com/company/keen-transport,"484121,484110,488510",False,"Keen Transport is a national provider of heavy-haul logistics and transportation services for the construction, mining, and agriculture equipment mark",AI Ark lookalike + NAICS filter
Bobcat-like,Weiler,weilerproducts.com,https://www.linkedin.com/company/weiler,"324121,532490,423810,333131",True,"Located in Knoxville, Iowa, Weiler manufactures equipment for the paving market. Weiler equipment is based on proven designs that have a successful tr",AI Ark lookalike + NAICS filter
Bobcat-like,Tractafric Equipment,tractafric-equipment.com,https://www.linkedin.com/company/tractafric-equipment,"551112,423390",False,Vous vous interrogez sur le contenu ? Consultez le site internet de votre entreprise.,AI Ark lookalike + NAICS filter
Bobcat-like,Herc Rentals,hercrentals.com,https://www.linkedin.com/company/hercrentalsinc,"532120,532490,532310",False,"Herc Rentals is a premier, full-service equipment rental company providing customers with the equipment, services, and solutions they need to achieve ",AI Ark lookalike + NAICS filter
Bobcat-like,Ziegler Caterpillar,zieglercat.com,https://www.linkedin.com/company/ziegler-caterpillar,"335312,423820,532412",True,"Ziegler CAT is one of the largest and most successful Cat® dealers in the U.S., representing the full line of industry-leading Cat equipment, generato",AI Ark lookalike + NAICS filter
Bobcat-like,Papé Group,pape.com,https://www.linkedin.com/company/papegroup,"423810,423820,423440",False,"Keeps You Moving®  As a fourth-generation, family-owned business with more than 160 locations and 4,000 employee members, Papé serves the capital equi",AI Ark lookalike + NAICS filter
Bobcat-like,CNIM,cnim-groupe.com,https://www.linkedin.com/company/cnim,"335999,423610,541330",True,"Founded in 1856, CNIM is a French equipment manufacturer and industrial contractor operating on a worldwide basis. The Group supplies products and ser",AI Ark lookalike + NAICS filter
Bobcat-like,MacLean-Fogg,macleanfogg.com,https://www.linkedin.com/company/maclean-fogg,"326291,334417,332722,326199",True,"MacLean-Fogg is a fourth-generation, family-owned American manufacturing company headquartered in Mundelein, Illinois. Founded in 1925, the company de",AI Ark lookalike + NAICS filter
Bobcat-like,Best Line Equipment,bestline.com,https://www.linkedin.com/company/best-line-equipment,"423810,423440,532412",False,"Best Line Equipment is an industry-leading equipment rental, sales, service, and parts provider with locations in Pennsylvania and New Jersey. For ove",AI Ark lookalike + NAICS filter
Bobcat-like,Rotary Corporation,rotarycorp.com,https://www.linkedin.com/company/rotary-corporation,"332119,423120,423820,459999",True,Rotary Corporation is the world's largest supplier of aftermarket outdoor power equipment parts. Our extensive product line includes lawn mower access,AI Ark lookalike + NAICS filter
Bobcat-like,H&E Rentals,he-equipment.com,https://www.linkedin.com/company/hees,"532490,811210,532412",False,"Founded in 1961, H&E is one of the largest equipment rental companies in the nation, providing the higher standard in equipment rentals. With location",AI Ark lookalike + NAICS filter
Bobcat-like,Peterson Cat,petersoncat.com,https://www.linkedin.com/company/peterson-cat,"238990,336212,811210,423810",True,"Peterson Cat is part of Caterpillar's worldwide dealer network serving 100,000+ square miles of Northern California, Oregon, and southwest Washington.",AI Ark lookalike + NAICS filter
Bobcat-like,Danella Companies,danella.com,https://www.linkedin.com/company/danella-companies,"237110,423810,532412",False,"Danella is a leading construction company, providing infrastructure to the power, communications, water, gas, and rail industries.  UTILITY CONSTRUCTI",AI Ark lookalike + NAICS filter
Bobcat-like,Wajax,wajax.com,https://www.linkedin.com/company/wajax,"423830,423820",False,"Founded in 1858, Wajax (TSX: WJX) is one of Canada’s longest-standing and most diversified industrial products and services providers. The Corporation",AI Ark lookalike + NAICS filter
Bobcat-like,Zeppelin Group,zeppelin.com,https://www.linkedin.com/company/zeppelingroup,541330,False,"The Zeppelin Group is a global sales and service provider with extensive industry expertise in the fields of construction, drive and energy. The compa",AI Ark lookalike + NAICS filter
Bobcat-like,Textron Specialized Vehicles,txtsv.com,https://www.linkedin.com/company/e-z-go,"336110,532111,488999",True,"In 1954, in a one-room machine shop in Augusta, Georgia, the first Textron Specialized Vehicles products were born. Two brothers started with a simple",AI Ark lookalike + NAICS filter
Bobcat-like,Titan Machinery,titanmachinery.com,https://www.linkedin.com/company/titan-machinery,"423810,811412,423820,459999",False,"Titan Machinery owns and operates a network of full-service agriculture and construction equipment stores in the United States, Europe and Australia. ",AI Ark lookalike + NAICS filter
Bobcat-like,Milwaukee Tool,milwaukeetool.jobs,https://www.linkedin.com/company/milwaukee-tool,"423720,423830,423710",False,"For over 100 years, Milwaukee Tool has led the industry with innovative solutions that redefine performance, productivity, and safety for the professi",AI Ark lookalike + NAICS filter
Bobcat-like,Liebherr Mining,liebherr.com,https://www.linkedin.com/company/liebherr-mining,"551112,423810,333131",True,"Welcome to Liebherr Mining! We work closely with our customers to provide high-quality, innovative mining solutions that thrive even in the toughest c",AI Ark lookalike + NAICS filter
Bobcat-like,Terberg Special Vehicles,terbergspecialvehicles.com,https://www.linkedin.com/company/terberg-special-vehicles,"423830,423820,333131",True,"Terberg Special Vehicles, part of the Royal Terberg Group, designs and manufactures terminal tractors for intensive use in ports, inland terminals, di",AI Ark lookalike + NAICS filter
Bobcat-like,JLG Industries,jlg.com,https://www.linkedin.com/company/jlg-industries,"333923,423690,561621",True,"Our company started in 1969 when our founder, John L. Grove, set out to resolve growing safety concerns in the construction industry.   Through unpara",AI Ark lookalike + NAICS filter
Bobcat-like,Custom Truck One Source,customtruck.com,https://www.linkedin.com/company/custom-truck-one-source,"336211,423110,441110,423830",True,"Custom Truck One Source is the first true single-source provider of specialized truck and heavy equipment solutions. With sales, rentals, aftermarket ",AI Ark lookalike + NAICS filter
Bobcat-like,Barry-Wehmiller,barrywehmiller.com,https://www.linkedin.com/company/barry-wehmiller,"423830,323111,424990",True,"We’re Building A Better World.  We’re more than just a successful capital equipment and engineering solutions firm. We’re an organization fiercely c",AI Ark lookalike + NAICS filter
Bobcat-like,Warn Industries,warn.com,https://www.linkedin.com/company/warn-industries,"336390,333613,333924",True,"Warn Industries has the led the way in durable, innovative, and trusted off-road products since 1948. Our powerful winches, rock-solid bumpers and mou",AI Ark lookalike + NAICS filter
Bobcat-like,Warren CAT,warrencat.com,https://www.linkedin.com/company/warren-cat,"423120,423810,423820",False,Warren CAT: Your Dealership of Choice.  Warren CAT is one of the largest and fastest growing Caterpillar® dealerships in North America proudly serving,AI Ark lookalike + NAICS filter
Bobcat-like,Techtronic Industries - TTI,ttigroup.com,https://www.linkedin.com/company/techtronic-industries,"423810,444140,424990",False,"Techtronic Industries Company Limited (“TTI”, or the “Company”), founded in 1985 by German entrepreneur Horst Julius Pudwill, is a world leader in cor",AI Ark lookalike + NAICS filter
Bobcat-like,SMS Equipment Inc.,smsequipment.com,https://www.linkedin.com/company/sms-equipment,"423810,423830,532210",False,"SMS Equipment Inc. is the premier equipment solutions provider for the mining, construction, road construction, and forestry industries. Our world-cla",AI Ark lookalike + NAICS filter
Bobcat-like,Carry-On Trailer,carry-ontrailer.com,https://www.linkedin.com/company/carry-on-trailer,"441227,336214,532120",True,"Carry-On has a trailer built for you, no matter the task, trade or pursuit. Life is calling. Carry-On.",AI Ark lookalike + NAICS filter
Bobcat-like,Liebherr Group,liebherr.com,https://www.linkedin.com/company/liebherr,"441110,423830,423810",False,"Established in 1949, the Liebherr Group today is not only one of the biggest construction equipment manufacturers in the world, but also offers high-q",AI Ark lookalike + NAICS filter
Bobcat-like,Johnston Equipment,johnstonequipment.com,https://www.linkedin.com/company/johnston-equipment,"532490,423830,811310",False,"Johnston Equipment provides more than just material handling solutions—we help optimize your entire operation.  With decades of experience, we’re your",AI Ark lookalike + NAICS filter
Bobcat-like,TVH Parts Co.,tvh.com,https://www.linkedin.com/company/tvh-americas,"333120,423830,333923",True,"Founded in 1969, the global TVH Parts Holding group now has 90 branches selling to customers in over 180 countries. Worldwide we offer more than 1,120",AI Ark lookalike + NAICS filter
Bobcat-like,Tracsa Cat,tracsa.com.mx,https://www.linkedin.com/company/tracsacat,"336390,423830,333924",True,"As an authorized Caterpillar dealer in Western and 'Bajio' regions of Mexico, we offer an extensive range of heavy machinery and equipment for constru",AI Ark lookalike + NAICS filter
Bobcat-like,Royal Terberg Group,royalterberggroup.com,https://www.linkedin.com/company/terberg,"551112,423830,423990,811310",False,"Royal Terberg Group is active worldwide in the development, production and service of special vehicles and systems for ports, logistics and waste coll",AI Ark lookalike + NAICS filter
Bobcat-like,Wyoming Machinery Company,wyomingcat.com,https://www.linkedin.com/company/wyoming-machinery-company,"423810,423830,532412",False,Wyoming Machinery Company is the premiere Caterpillar Dealer in Wyoming and we offer the complete line of Caterpillar equipment. In addition to equipm,AI Ark lookalike + NAICS filter
Bobcat-like,Andamios Atlas,andamiosatlas.com,https://www.linkedin.com/company/andamios-atlas,"532490,423830,423120",False,"Andamios Atlas es la compañía líder en sistemas de andamiaje, apuntalamiento y encofrado de muros y columnas.   Durante 58 años, Andamios Atlas se h",AI Ark lookalike + NAICS filter
Bobcat-like,Corona,coronatools.com,https://www.linkedin.com/company/coronatools,-,False,"Since our beginnings in the orange groves of Southern California in 1928, Corona® Tools has been manufacturing quality hand tools for home growers, la",AI Ark lookalike + NAICS filter
Bobcat-like,Toyota Material Handling,toyotaforklift.com,https://www.linkedin.com/company/toyota-material-handling,"423830,333924,811310",True,"Toyota Material Handling offers a full line of material handling products proudly assembled in the United States, including forklifts, reach trucks, o",AI Ark lookalike + NAICS filter
Bobcat-like,Alta Equipment Company,altg.com,https://www.linkedin.com/company/altaequipmentcompany,"532490,423830,423810",False,"Alta Equipment Company is a leading provider of industrial forklifts, heavy construction equipment and warehouse solutions in the Midwest.   Our core ",AI Ark lookalike + NAICS filter
Bobcat-like,Allied Systems Company,alliedsystems.com,https://www.linkedin.com/company/allied-systems,"333120,333923,333924,532490",True,"Allied Systems Company was founded in 1976 as a fabricator of material handling equipment for the wood products industry. Since that time, Allied has ",AI Ark lookalike + NAICS filter
Bobcat-like,CERTEX USA,certex.com,https://www.linkedin.com/company/certex-usa,"423830,332618,459999",True,"For over 50 years, CERTEX USA has been the trusted leader in rigging supplies, lifting products, and safety solutions—delivering unmatched quality and",AI Ark lookalike + NAICS filter
Bobcat-like,Ahern Rentals,ahern.com,https://www.linkedin.com/company/ahern-rentals,"532412,532490,532289",False,"Ahern Rentals is the largest independently owned rental company in the United States and is the 7th largest combined. Ahern is based out of Las Vegas,",AI Ark lookalike + NAICS filter
Bobcat-like,The Home Depot Rental,compactpowerrents.com,https://www.linkedin.com/company/thehomedepotrental,"532310,423810,532412",False,"The Home Depot® Rental is your one-stop shop for all your jobsite or home improvement needs. Rent tools, trucks and large equipment from our well-stoc",AI Ark lookalike + NAICS filter
Bobcat-like,Hunter Engineering Company,hunter.com,https://www.linkedin.com/company/hunter-engineering,"811114,423120,541330,336340",True,"Hunter Engineering Company is a global leader in automotive service equipment, offering state-of-the-art wheel alignment systems, wheel balancers, tir",AI Ark lookalike + NAICS filter
Bobcat-like,Navistar Inc,navistar.com,https://www.linkedin.com/company/navistar-inc,"336120,336110,336211",True,"We were Navistar, but we are getting back to our roots as International. Follow us at International and join us on the road ahead.",AI Ark lookalike + NAICS filter
Bobcat-like,Toromont Cat,toromontcat.com,https://www.linkedin.com/company/toromont-cat,"423810,423430,532412",False,"Toromont Cat est le concessionnaire Caterpillar autorisé au Manitoba, en Ontario, au Québec, au Nouveau-Brunswick, en Nouvelle-Écosse, à l’Île-du-Prin",AI Ark lookalike + NAICS filter
Bobcat-like,WesTrac Cat,westrac.com.au,https://www.linkedin.com/company/westrac,"423830,423810,532412",False,"As one of the largest authorised Cat equipment dealers in the world, WesTrac provides customers with a wide range of machinery and construction equipm",AI Ark lookalike + NAICS filter
Bobcat-like,Husqvarna Group,husqvarnagroup.com,https://www.linkedin.com/company/husqvarnagroup,-,False,"Husqvarna Group is a global leading producer of outdoor power products for forest, park and garden care. Sustainability is integrated into our busines",AI Ark lookalike + NAICS filter
Bobcat-like,Ingersoll Rand,irco.com,https://www.linkedin.com/company/ingersoll-rand,"999990,423830,423120,333914",True,"Ingersoll Rand Inc. (NYSE:IR), driven by an entrepreneurial spirit and ownership mindset, is dedicated to Making Life Better for our employees, custom",AI Ark lookalike + NAICS filter
Bobcat-like,Hitachi Construction Machinery (Europe) NV (HCME),hitachicm.eu,https://www.linkedin.com/company/hitachi-construction-machinery-europe-nv,"333120,423830,423810",True,"HCME is a subsidiary of Hitachi Construction Machinery Co., Ltd. and was established in 1972 in Oosterhout, The Netherlands. It is responsible for the",AI Ark lookalike + NAICS filter
Bobcat-like,Ramsey Industries,ramseyindustries.com,https://www.linkedin.com/company/realramseyindustries,-,False,"Ramsey Industries is a leading manufacturer of industrial and commercial winches, service cranes and service truck bodies, and planetary gear drives t",AI Ark lookalike + NAICS filter
Bobcat-like,Linde Material Handling,linde-mh.com,https://www.linkedin.com/company/linde-material-handling,"561499,532490,423830",False,"Linde Material Handling is one of the world's leading manufacturers of forklift trucks and warehouse equipment. In Europe, the company is the market l",AI Ark lookalike + NAICS filter
Bobcat-like,Haldex,haldex.com,https://www.linkedin.com/company/haldex,"561499,336390,423120",True,"Haldex is a leading manufacturer of reliable and innovative brake systems and air suspension solutions that enhance the safety, dynamics and durabilit",AI Ark lookalike + NAICS filter
Bobcat-like,Flexicon Corporation,flexicon.com,https://www.linkedin.com/company/flexicon-corporation,"423830,333922,541330",True,"Flexicon has been a world leader in the design and manufacture of reliable, high performance bulk handling equipment, custom-engineered and integrated",AI Ark lookalike + NAICS filter
Bobcat-like,Ditch Witch,ditchwitch.com,https://www.linkedin.com/company/ditch-witch,"423810,332812,423120",True,"Anyone who has ever visited our factory in Perry, Oklahoma, has heard us say it: ""We bleed orange.""​ But what does it mean?  It has something to do ",AI Ark lookalike + NAICS filter
Bobcat-like,Cramo Sverige,cramo.se,https://www.linkedin.com/company/cramo-ab,"532490,423810,532412",False,Cramo was founded in year 1953 and is one of Sweden's largest and Europe's second largest companies in the machinery rental industry and rental-relate,AI Ark lookalike + NAICS filter
Bobcat-like,Hitachi Construction Machinery (UK),hitachicm.co.uk,https://www.linkedin.com/company/hitachi-construction-machinery-uk,"423830,532412,423810",False,Hitachi Construction Machinery UK (HCMUK) is a wholly owned subsidiary of Hitachi Construction Machinery Europe and is responsible for the supply of m,AI Ark lookalike + NAICS filter
Bobcat-like,Fenwick-Linde,fenwick-linde.fr,https://www.linkedin.com/company/fenwick-linde,"423830,335999,333248",True,Depuis toujours c'est en écoutant nos clients que Fenwick-Linde crée des solutions innovantes et sur mesure pour répondre à leurs exigences. Leader re,AI Ark lookalike + NAICS filter
Bobcat-like,The COATS Company,coatscompany.com,https://www.linkedin.com/company/coats-company,"423690,423120,333248",True,"Coats is a leading smart repair brand specializing in vehicle maintenance systems, service and data that keep work flowing. ​ ​ We offer a full-shop p",AI Ark lookalike + NAICS filter
Bobcat-like,FAST Global Solutions. Inc.,fastsolutions.com,https://www.linkedin.com/company/fastglobalsolutions,"333111,333924,333993,336413",True,"At FAST Global Solutions, our purpose is to deliver winning solutions that help our customers, communities and employees thrive. Originally known as W",AI Ark lookalike + NAICS filter
Bobcat-like,United Rentals,unitedrentals.com,https://www.linkedin.com/company/united-rentals,"532310,532412,444140",False,"United Rentals is the world’s largest equipment rental company, helping customers safely build, maintain and respond across construction, industrial, ",AI Ark lookalike + NAICS filter
Bobcat-like,Tractor & Equipment Company,tec1943.com,https://www.linkedin.com/company/tractor-&-equipment-company,"423810,423820,532412",False,"Tractor & Equipment Company was originally founded in 1943 in Birmingham, Alabama and has since grown to the largest Komatsu dealer in North America. ",AI Ark lookalike + NAICS filter
Bobcat-like,Jungheinrich AG,jungheinrich.com,https://www.linkedin.com/company/jungheinrich-ag,"423450,621111,541618",False,"Jungheinrich inspires, influences and shapes the world of material handling, and has been for more than 70 years. We don't just want to identify the l",AI Ark lookalike + NAICS filter
Bobcat-like,Techtronic Industries EMEA,ttigroup.com,https://www.linkedin.com/company/techtronic-industries-emea-ltd,"424990,423720,423990",False,"Techtronic Industries EMEA is a rapidly expanding global leader in Power Tools, Accessories, Hand Tools, Outdoor Power Equipment, and Floor Care Appli",AI Ark lookalike + NAICS filter
Bobcat-like,Manitou across the world,bitly.com,https://www.linkedin.com/company/manitouworld,-,False,"Founded over 60 years ago by the Braud family, Manitou now operates worldwide. A world-leader in all-terrain material handling, Manitou designs, manuf",AI Ark lookalike + NAICS filter
Bobcat-like,"Apex Tool Group, LLC",apextoolgroup.com,https://www.linkedin.com/company/apex-tool-group-llc,"333991,423830,332216,423710",True,"Forging Our Future Success. Together.  At Apex Tool Group, we strive to ensure a positive career experience for all associates, from all different bac",AI Ark lookalike + NAICS filter
Bobcat-like,JPW Industries,jpwindustries.com,https://www.linkedin.com/company/jpw-industries,"423840,423830,332216,333248",True,"Built to outperform, JPW has leading brands with industrial products that users demand. We have brands that users trust, and brands that users rely on",AI Ark lookalike + NAICS filter
Bobcat-like,Komatsu Mining,mining.komatsu,https://www.linkedin.com/company/komatsu-mining,"212220,541330,333131",True,"Komatsu develops and supplies technologies, equipment and services for the construction, mining, forklift, industrial and forestry markets. For more t",AI Ark lookalike + NAICS filter
Bobcat-like,SEW Eurodrive,sew-eurodrive.de,https://www.linkedin.com/company/sew-eurodrive,"238290,423840,335312,541330",True,"We move the world! What does this mean? Innumerable conveyor belts, bottling plants, gravel plants, your luggage at the airport, and many more applica",AI Ark lookalike + NAICS filter
Bobcat-like,"Dearborn Mid-West Company, LLC",dmwcc.com,https://www.linkedin.com/company/dearbornmidwestcompany,"333922,423830,333923",True,"Dearborn Mid-West Company is among the most recognized and respected full service material handling companies worldwide.  Since 1947, DMW has provided",AI Ark lookalike + NAICS filter
Bobcat-like,Skyjack Inc.,skyjack.com,https://www.linkedin.com/company/skyjack,"333923,423830,811310,532412",True,"Skyjack proudly provides quality engineered, simple and reliable access and material handling equipment globally, so that companies can maximize utili",AI Ark lookalike + NAICS filter
Bobcat-like,Collé Rental & Sales,colle.eu,https://www.linkedin.com/company/colle-official,"532490,532412",False,"Collé Rental & Sales, with branches in the Netherlands (Sittard, Utrecht, Rotterdam, Eindhoven, Groningen, Eemshaven), Germany (Augsburg, Berlin, Brem",AI Ark lookalike + NAICS filter
Bobcat-like,"MAT Holdings, Inc.",matholdingsinc.com,https://www.linkedin.com/company/mat-holdings-inc-,"811192,336390,333112,238290",True,"Since 1984, MAT Holdings, Inc. has been a diverse, privately-held organization specializing in the engineering, manufacturing, and distribution of hig",AI Ark lookalike + NAICS filter
Bobcat-like,CGT S.p.A.,cgt.it,https://www.linkedin.com/company/cgt,"333120,423830,541618",True,"CGT, Compagnia Generale Trattori, has been operating  for more than 80 years. A market leader in Italy, it offers fully integrated services to industr",AI Ark lookalike + NAICS filter
Bobcat-like,"Beiqi Foton Motor Co., Ltd.",foton.com.cn,https://www.linkedin.com/company/beiqi-foton-motor-co-ltd-,"441110,811111,441330",False,"Beiqi Foton Motor is a automotive company based out of BEIJING. Beiqi Foton Motor representatives, don’t miss out on opportunities to build relationsh",AI Ark lookalike + NAICS filter
Bobcat-like,CPM,onecpm.com,https://www.linkedin.com/company/cpm-holdings-inc,"423830,333248,333998",True,"From the food you eat to the fuels you require, CPM plays an important role in building a more efficient and sustainable world. Our experienced team a",AI Ark lookalike + NAICS filter
Bobcat-like,Premier Tech,premiertech.com,https://www.linkedin.com/company/premier-tech,"519290,541611",False,Premier Tech is all about making a difference by connecting People and Technologies for now 100 years.    6 100 team members in 31 countries working a,AI Ark lookalike + NAICS filter
Bobcat-like,Global Power Components,globalpowercomponents.com,https://www.linkedin.com/company/globalpowercomponents,"335312,339999,332313",True,"Global Power Components has been manufacturing power generation accessories since 1996. We offer competitive pricing, quality products, on time delive",AI Ark lookalike + NAICS filter
Bobcat-like,MTD Products,mtdparts.com,https://www.linkedin.com/company/mtd-products,"444230,423820",False,"Founded in 1932, MTD Products is a leader in outdoor power equipment headquartered near Cleveland, Ohio. Our engineering expertise and state-of-the-ar",AI Ark lookalike + NAICS filter
Bobcat-like,Huisman,huismanequipment.com,https://www.linkedin.com/company/huisman,"333132,333248,811412",True,"We are Huisman. We design, manufacture and service heavy lifting and handling equipment for the world’s leading companies in the renewable energy, oil",AI Ark lookalike + NAICS filter
Bobcat-like,ENCO,enco-loc.com,https://www.linkedin.com/company/enco-location,"541715,423830,424990",False,"ENCO est une entreprise spécialisée dans la location de matériels, avec ou sans conducteur, pour travaux publics, carrières, levage, industries, mines",AI Ark lookalike + NAICS filter
Bobcat-like,Briggs & Stratton,basco.com,https://www.linkedin.com/company/briggs-&-stratton,"423830,811310,221118",False,"Briggs & Stratton, headquartered in Milwaukee, Wisconsin, provides innovative products and diverse power solutions to help people get work done. Brigg",AI Ark lookalike + NAICS filter
Bobcat-like,Snap-on Business Solutions,snapon.com,https://www.linkedin.com/company/snap-on-business-solutions,"513210,541512,811210,518210",False,"Snap-on Business Solutions (SBS) is a part of Snap-on Incorporated’s Repair Systems & Information Group.   SBS is based in Richfield, Ohio. We are f",AI Ark lookalike + NAICS filter
Bobcat-like,TOBROCO-GIANT,tobroco-giant.com,https://www.linkedin.com/company/tobroco-machines,"333120,423830,423810",True,"For 25 years, TOBROCO-GIANT has been a multi-industry global manufacturer of a broad range of capital goods, driving change by delivering reliable, cu",AI Ark lookalike + NAICS filter
Bobcat-like,OGNIBENE POWER SpA,ognibene.com,https://www.linkedin.com/company/ognibene-power-spa,"333111,333996,333995",True,Ognibene Power is a leading manufacturer of components for hydraulic steering systems (hydraulic cylinders and hydraulic steering) that has been activ,AI Ark lookalike + NAICS filter
Bobcat-like,KIOTI Tractor,kioti.com,https://www.linkedin.com/company/kioti-tractor,"333111,532490,423820",True,"KIOTI Tractor - Daedong-USA, Inc. is the U.S. subsidiary of Daedong Industrial Co., Ltd. specializing in the manufacturing and distribution of high qu",AI Ark lookalike + NAICS filter
Bobcat-like,Environmental Solutions Group,doveresg.com,https://www.linkedin.com/company/environmental-solutions-group,"423830,562212,562920",False,"Environmental Solutions Group, a pioneering force in the solid-waste industry, is known for its integrated approach and seamless collaboration among i",AI Ark lookalike + NAICS filter
Bobcat-like,"Dobbs Equipment, LLC",dobbsequipment.com,https://www.linkedin.com/company/dobbs-equipment-llc,"423810,423440,532412",False,"Dobbs Equipment offers a full range of products, parts, and service tailored to meet the unique needs of the construction industry. Specializing in th",AI Ark lookalike + NAICS filter
Bobcat-like,CNH de México,cnhmexico.com.mx,https://www.linkedin.com/company/cnhdemexico,"333111,811412,423820",True,"La compañía es uno de los principales proveedores de tractores agrícolas en México. CNH de México fabrica, ensambla, comercializa y distribuye tractor",AI Ark lookalike + NAICS filter
Bobcat-like,Warner Electric,warnerelectric.com,https://www.linkedin.com/company/warner-electric,"336350,336390,333613",True,"Founded in 1927, Warner Electric has grown to become a global leader in the development of innovative electromagnetic clutch & brake solutions. Warner",AI Ark lookalike + NAICS filter
Bobcat-like,Kraakman BV,kraakman.com,https://www.linkedin.com/company/kraakmanbv,"523150,423830,423810,423820",False,Kraakman BV is dé John Deere dealer van Nederland. Met meer dan 500 medewerkers verdeeld over 27 vestigingen staan wij altijd en overal voor onze klan,AI Ark lookalike + NAICS filter
Bobcat-like,Snap-on,snapon.com,https://www.linkedin.com/company/snap-on,"441110,333998",True,"Snap-on Incorporated is a leading global innovator, manufacturer, and marketer of tools, equipment, diagnostics, repair information and systems soluti",AI Ark lookalike + NAICS filter
Bobcat-like,Aebi Schmidt USA,aebi-schmidt.com,https://www.linkedin.com/company/aebi-schmidt-usa,"423830,811310,423820",False,The Aebi Schmidt Group is a global leader in intelligent solutions for customers who care for clean and safe infrastructure and cultivate challenging ,AI Ark lookalike + NAICS filter
Bobcat-like,DELTA SERVICE LOCATION,dsl.fr,https://www.linkedin.com/company/delta-service-location,"423830,541330,333310",True,"For more than 40 years, Delta Service Location has provided equipment rental and offered turnkey services for: - the supply of temporary energy (gener",AI Ark lookalike + NAICS filter
Bobcat-like,VMI Group,vmi-group.com,https://www.linkedin.com/company/vmi-holland-bv,"423130,326211,326299",True,People feel a real pride when they create technical innovations that keep manufacturers ahead in their markets. That’s the passion behind the VMI Grou,AI Ark lookalike + NAICS filter
Bobcat-like,"Hitachi High-Tech America, Inc.",hitachi-hightech.com,https://www.linkedin.com/company/hitachi-high-tech-america-inc,"423690,561499,334516,334519",True,"Hitachi High-Tech America, Inc. (""HTA""​) is a privately-owned global affiliate company that operates within the Hitachi Group Companies. HTA sells and",AI Ark lookalike + NAICS filter
Bobcat-like,CLAAS,claas.ru,https://www.linkedin.com/company/claas,"333111,423820,333998",True,"CLAAS is one of the world’s leading manufacturers of agricultural engineering equipment. Our modern harvesters, tractors, balers and farming informati",AI Ark lookalike + NAICS filter
Bobcat-like,Tenova,tenova.com,https://www.linkedin.com/company/tenova,"333519,331410,423510",True,"Tenova, a Techint Group company, is your  worldwide partner for sustainable, innovative and reliable solutions in the metals and – through the well-kn",AI Ark lookalike + NAICS filter
Bobcat-like,Cooper Machinery Services,cooperservices.com,https://www.linkedin.com/company/cooper-machinery-services,"332112,423830,333517",True,"Cooper Machinery Services provides natural gas compression equipment and services to customers globally in the Oil & Gas, Power, Transportation, and M",AI Ark lookalike + NAICS filter
Bobcat-like,J. de Jonge Group B.V.,jdejonge.com,https://www.linkedin.com/company/jdejongegroup,"221320,541330",False,"Creating The Next-Gen Industry Since 1954, J de Jonge has been a trusted leader in EPC contracting, manufacturing and servicing. The company specializ",AI Ark lookalike + NAICS filter
Bobcat-like,SGB | HÜNNEBECK Brand France,brandfrance.fr,https://www.linkedin.com/company/brand-france,221118,False,"Brand France est la filiale française du groupe Brand Energy & Infrastructure Services, récemment associée avec l’entreprise Safway.   Les priorités d",AI Ark lookalike + NAICS filter
Bobcat-like,TICO (Terminal Investment Corporation),ticotractors.com,https://www.linkedin.com/company/tico-terminal-services-terminal-investment-corporation-,"423830,423810,423820",False,"TICO is mission driven to be the most respected provider of equipment and services in the port, terminal, distribution, logistics, and intermodal spac",AI Ark lookalike + NAICS filter
Bobcat-like,Komatsu México,komatsulatinoamerica.com,https://www.linkedin.com/company/komatsu-méxico,"423840,423830,424990",False,"Komatsu es una empresa japonesa orientada a la fabricación de equipos y suministros para la industria minera, construcción y forestal. Komatsu cuenta ",AI Ark lookalike + NAICS filter
Bobcat-like,Hol-Mac Corp.,hol-mac.com,https://www.linkedin.com/company/hol-mac-corp-,"333111,333995,333120,333248",True,"Founded in 1963 by Charles B. Holder, Jr., Hol-Mac Corporation is proud to serve Original Equipment Manufacturers as a major supplier of steel fabrica",AI Ark lookalike + NAICS filter
Bobcat-like,Terex Corporation,terex.com,https://www.linkedin.com/company/terex,"333120,333924,333998,423810",True,"Terex Corporation is a global leader in specialized equipment solutions, serving essential sectors such as emergency services, waste and recycling, ut",AI Ark lookalike + NAICS filter
Bobcat-like,Bolzoni Group,bolzonigroup.com,https://www.linkedin.com/company/bolzoni-auramo-meyer,"423830,423710,424990",False,"For over 80 years, we’ve helped companies worldwide make their material handling operations more efficient, safer and more sustainable with the market",AI Ark lookalike + NAICS filter
Bobcat-like,Nebraska Machinery Company,nmccat.com,https://www.linkedin.com/company/nmc-cat,"423830,423810,811310",False,Nebraska Machinery Company has served customers with equipment and service solutions since 1938. Our company remains customer-focused by providing a c,AI Ark lookalike + NAICS filter
Bobcat-like,Trevi Group,trevigroup.com,https://www.linkedin.com/company/trevigroup,"237310,551112,541330",False,The Trevi Group is a world leader in the field of underground engineering in the design and marketing of specialized technologies in the sector. Set-u,AI Ark lookalike + NAICS filter
Bobcat-like,GKN Automotive,gknautomotive.com,https://www.linkedin.com/company/gkn-automotive,"423110,336390,423120",True,"On February 3, 2026, Dauch Corporation (formerly American Axle & Manufacturing) acquired Dowlais Group plc and its subsidiaries – GKN Automotive and G",AI Ark lookalike + NAICS filter
Bobcat-like,Vermeer Corporation,vermeer.com,https://www.linkedin.com/company/vermeer-corporation,"541512,541715,332312,331110",True,"Do More At Work, In Life, For Others   As a leading manufacturer of agricultural and industrial equipment, Vermeer relies on a team of more than 4,000",AI Ark lookalike + NAICS filter
Bobcat-like,MADISA CAT,madisa.com,https://www.linkedin.com/company/madisacat,"551112,424720,221210",False,"Empresa líder en México en soluciones integrales de maquinaria y servicios para la minería, construcción, petróleo y gas, sector marítimo, industrial,",AI Ark lookalike + NAICS filter
Bobcat-like,TESYA Group,tesya.com,https://www.linkedin.com/company/tesyagroup,"423830,333924,423820",True,"TESYA Group is an international family of 28 companies and over 4,000 people, united by strong values, a shared vision, and a spirit of local entrepre",AI Ark lookalike + NAICS filter
Bobcat-like,RDO Equipment Co.,rdoequipment.com,https://www.linkedin.com/company/rdo-equipment-co-,"423810,459999,423830,423820",False,"Founded in 1968, RDO Equipment Co. sells and supports intelligently connected agriculture, construction, environmental, irrigation, positioning, and s",AI Ark lookalike + NAICS filter
Bobcat-like,Volvo Construction Equipment,volvoce.com,https://www.linkedin.com/company/volvo-construction-equipment,"423810,541910,541330,333131",True,"Volvo Construction Equipment (Volvo CE) is a global leader in construction solutions, delivering premium products and services that combine power and ",AI Ark lookalike + NAICS filter
Bobcat-like,Zimmer Group,zimmer-group.com,https://www.linkedin.com/company/zimmer-group,"551112,561110,531210,423830",True,"ZIMMER Group is based in Rheinau – Freistett, Germany and is a family-owned and operated company.   Zimmer Group is among leading manufacturers in the",AI Ark lookalike + NAICS filter
