3D Model,Group,Exhibitor Name,Website,Total Revenue,Industry,Products,ICP
CNC Machine,Machine Tools & Fabrication Machinery,ALFING CORPORATION,alfing.de,$200M-$400M (est.),Machining and assembly systems,"Crankshafts, machining lines, and assembly technology",Yes
CNC Machine,Machine Tools & Fabrication Machinery,AM Solutions: A Brand of the Rosler Group,solutions-for-am.com,"$300M-$400M (Rosler group, est.)",Additive post-processing,3D printing post-processing and surface finishing equipment,Yes
CNC Machine,Machine Tools & Fabrication Machinery,Amada Machinery America,amadamachinery.com,"$2.6B (Amada group, FY2024)",Machine tools,"Band saws, saw blades, and grinding machines",Yes
CNC Machine,Machine Tools & Fabrication Machinery,ANCA CNC Machines,anca.com,$200M-$300M (est.),Tool grinding machines,CNC tool and cutter grinders,Yes
CNC Machine,Machine Tools & Fabrication Machinery,"Behringer Saws, Inc.",behringersaws.com,$100M-$200M (est.),Sawing machines,"Band saws, circular saws, and structural steel processing",Yes
CNC Machine,Machine Tools & Fabrication Machinery,"Bystronic, Inc.",bystronic.com,~$800M (2024),Sheet metal machinery,"Laser cutting systems, press brakes, and automation",Yes
CNC Machine,Machine Tools & Fabrication Machinery,"Chiron America, Inc.",chiron-group.com,"$650M (Chiron Group, est.)",CNC machine tools,High-speed vertical and mill-turn machining centers,Yes
CNC Machine,Machine Tools & Fabrication Machinery,CMS / DMS,Unknown,$100M-$300M (est.),CNC machine tools,5-axis CNC routers and machining centers for composites and metals,Yes
CNC Machine,Machine Tools & Fabrication Machinery,DANOBAT Inc.,danobat.com,"$250M-$300M (group, est.)",Machine tools,"Grinding, turning, and sawing machines",Yes
CNC Machine,Machine Tools & Fabrication Machinery,Deublin Company,deublin.com,$100M-$200M (est.),Rotary unions,Rotary unions and steam joints for machine tools,Yes
CNC Machine,Machine Tools & Fabrication Machinery,DN Solutions America,dn-solutions.com,$1.5B-$2B (est.),CNC machine tools,"CNC lathes, machining centers, and turning centers",Yes
CNC Machine,Machine Tools & Fabrication Machinery,DVS Technology Group,dvs-technology.com,$250M-$300M (est.),Machine tools,"Gear grinding, honing, and hard-fine machining systems",Yes
CNC Machine,Machine Tools & Fabrication Machinery,EMAG LLC,emag.com,"$800M (group, est.)",CNC machine tools,"Inverted vertical turning, grinding, and gear machining systems",Yes
CNC Machine,Machine Tools & Fabrication Machinery,EOS,eos.info,$400M-$500M (est.),Additive manufacturing,Industrial metal and polymer laser powder bed 3D printers,Yes
CNC Machine,Machine Tools & Fabrication Machinery,"Erwin Junker Machinery, Inc.",junker-group.com,$300M-$500M (est.),Grinding machines,High-speed CBN cylindrical grinding machines,Yes
CNC Machine,Machine Tools & Fabrication Machinery,ETXE-TAR USA Corporation,etxe-tar.com,$100M-$200M (est.),Machine tools,Crankshaft machining and laser processing machines,Yes
CNC Machine,Machine Tools & Fabrication Machinery,Fagor Automation North America,fagorautomation.com,$150M-$250M (est.),CNC controls,"CNC controls, linear encoders, motors, drives",Yes
CNC Machine,Machine Tools & Fabrication Machinery,Farsoon Technologies,farsoon.com,$100M (est.),Additive manufacturing,Industrial polymer SLS and metal LPBF 3D printers,Yes
CNC Machine,Machine Tools & Fabrication Machinery,Fives - High Precision Machines,fivesgroup.com,"$2.5B (Fives Group, est.)",Machine tools,Grinding and ultra-precision machining systems,Yes
CNC Machine,Machine Tools & Fabrication Machinery,Fives Cincinnati,fivesgroup.com,"$2.5B (Fives Group, est.)",Machine tools,Composites processing and large machining systems,Yes
CNC Machine,Machine Tools & Fabrication Machinery,Fives Giddings & Lewis,fivesgroup.com,"$2.5B (Fives Group, est.)",Machine tools,"Horizontal boring mills, vertical turning centers",Yes
CNC Machine,Machine Tools & Fabrication Machinery,Fives Grinding Mexico,fivesgroup.com,"$2.5B (Fives Group, est.)",Grinding machines,Grinding machines and services,Yes
CNC Machine,Machine Tools & Fabrication Machinery,Fives Landis Corp.,fivesgroup.com,"$2.5B (Fives Group, est.)",Grinding machines,"Cylindrical, crankshaft and camshaft grinding machines",Yes
CNC Machine,Machine Tools & Fabrication Machinery,Fives Landis Ltd.,fivesgroup.com,"$2.5B (Fives Group, est.)",Grinding machines,Cylindrical grinding machines (UK),Yes
CNC Machine,Machine Tools & Fabrication Machinery,Fives Landis Ltd. / Division Cranfield Precision,fivesgroup.com,"$2.5B (Fives Group, est.)",Grinding machines,Ultra-precision grinding machines,Yes
CNC Machine,Machine Tools & Fabrication Machinery,Fives Liné Machines,fivesgroup.com,"$2.5B (Fives Group, est.)",Machine tools,Large gantry profilers and machining centers,Yes
CNC Machine,Machine Tools & Fabrication Machinery,Flow International,flowwaterjet.com,$200M-$400M (est.),Waterjet cutting,Waterjet cutting systems,Yes
CNC Machine,Machine Tools & Fabrication Machinery,Formlabs,formlabs.com,$250M-$400M (est.),Additive manufacturing,"SLA and SLS 3D printers, materials, software",Yes
CNC Machine,Machine Tools & Fabrication Machinery,Fronius USA LLC,fronius.com,$1B-$1.5B (est.),Welding equipment,"Arc welding systems, solar inverters, chargers",Yes
CNC Machine,Machine Tools & Fabrication Machinery,Fuji Machine America Corporation,fuji.co.jp,$1B (est.),Machine tools & SMT,"CNC lathes, machining automation, SMT placement machines",Yes
CNC Machine,Machine Tools & Fabrication Machinery,Gehring LP,gehring-group.com,$200M-$400M (est.),Honing machines,Honing machines and honing technology,Yes
CNC Machine,Machine Tools & Fabrication Machinery,Gleason Corporation,gleason.com,$500M-$700M (est.),Gear manufacturing technology,"Gear cutting machines, tooling, inspection, and gear design software",Yes
CNC Machine,Machine Tools & Fabrication Machinery,Haas Automation (Student Summit),haascnc.com,$1.5B (est.),CNC machine tools,Student education outreach for Haas CNC machines,Yes
CNC Machine,Machine Tools & Fabrication Machinery,"Haas Automation, Inc.",haascnc.com,$1.5B (est.),CNC machine tools,"Vertical/horizontal machining centers, lathes, and rotary tables",Yes
CNC Machine,Machine Tools & Fabrication Machinery,"Hitachi Industrial Equipment Systems + Hitachi Global Air Power + Telesis Technologies, Inc.",hitachi.com,"$65B (Hitachi group, FY2024)",Industrial equipment,"Air compressors, marking systems, drives, and industrial components",Yes
CNC Machine,Machine Tools & Fabrication Machinery,"Hurco Companies, Inc.",hurco.com,$186M (FY2024),CNC machine tools,"CNC machining centers, lathes, and conversational controls",Yes
CNC Machine,Machine Tools & Fabrication Machinery,"Hwacheon Machinery America, Inc.",hwacheon.com,$200M-$400M (est.),CNC machine tools,"CNC lathes, machining centers, and turning centers",Yes
CNC Machine,Machine Tools & Fabrication Machinery,INDEX Corporation,index-traub.com,"$500M+ (est., parent INDEX Group)",CNC machine tools,"CNC turning centers, multi-spindle and Swiss-type lathes",Yes
CNC Machine,Machine Tools & Fabrication Machinery,Indo-MIM Inc.,indo-mim.com,$100M-$300M (est.),Metal injection molding,"MIM precision components, investment casting",Yes
CNC Machine,Machine Tools & Fabrication Machinery,"Ingersoll Machine Tools, Inc.",ingersoll-mt.com,$100M-$200M (est.),Machine tools,"Large gantry mills, composites and additive machines",Yes
CNC Machine,Machine Tools & Fabrication Machinery,IPG Photonics,ipgphotonics.com,$977M (2024),Laser technology,"Fiber lasers for cutting, welding, marking",Yes
CNC Machine,Machine Tools & Fabrication Machinery,"Jingdiao North America, Inc.",jingdiao.com,"$200M+ (est., parent)",CNC machine tools,High-speed precision CNC machining centers,Yes
CNC Machine,Machine Tools & Fabrication Machinery,JTEKT,jtekt.com,~$12B (FY2024),Bearings and machine tools,"Bearings, machine tools (Toyoda), steering systems",Yes
CNC Machine,Machine Tools & Fabrication Machinery,Junker,junker-group.com,$300M-$500M (est.),Grinding machines,High-speed CBN cylindrical grinding machines,Yes
CNC Machine,Machine Tools & Fabrication Machinery,JYOTI CNC AUTOMATION LTD.,jyoti.co.in,~$150M (FY2024),CNC machine tools,"CNC turning centers, machining centers (Huron brand)",Yes
CNC Machine,Machine Tools & Fabrication Machinery,"Kaeser Compressors, Inc.",kaeser.com,"$1.5B+ (est., parent)",Compressed air systems,"Air compressors, blowers, dryers, compressed air services",Yes
CNC Machine,Machine Tools & Fabrication Machinery,"KAPP Technologies, LP",kapp-niles.com,"~$200M (est., parent KAPP NILES)",Gear machinery,Gear grinding machines and tools,Yes
CNC Machine,Machine Tools & Fabrication Machinery,"KASTO, Inc.",kasto.com,"$200M (est., parent)",Sawing machines,Metal sawing machines and bar storage systems,Yes
CNC Machine,Machine Tools & Fabrication Machinery,"Kitamura Machinery of USA, Inc.",kitamura-machinery.com,$100M-$300M (est.),CNC machine tools,Precision CNC machining centers,Yes
CNC Machine,Machine Tools & Fabrication Machinery,KNOLL America,knoll-mb.com,"$200M-$300M (parent, est.)",Machine tool peripherals,"Chip conveyors, coolant filtration, pump systems",Yes
CNC Machine,Machine Tools & Fabrication Machinery,Komatsu America Corporation,komatsu.com,"$27B (parent, FY2025)",Heavy equipment,"Construction machinery, forging presses, industrial machinery",Yes
CNC Machine,Machine Tools & Fabrication Machinery,Krauss-Maffei Corporation,kraussmaffei.com,$1B (est.),Plastics machinery,"Injection molding, extrusion, and reaction process machinery",Yes
CNC Machine,Machine Tools & Fabrication Machinery,L.K. Machinery,lk.world,"$500M-$700M (parent, est.)",Die casting machinery,"Die casting machines, injection molding, CNC machines",Yes
CNC Machine,Machine Tools & Fabrication Machinery,Laserline GmbH,laserline.com,$100M-$200M (est.),Industrial lasers,High-power diode lasers for welding and cladding,Yes
CNC Machine,Machine Tools & Fabrication Machinery,Leistritz Advanced Technologies Corp.,leistritz.com,"$300M (parent, est.)",Precision machinery,"Whirling machines, screw pumps, turbine blade machining",Yes
CNC Machine,Machine Tools & Fabrication Machinery,"Liebherr Gear and Automation Technologies, Inc.",liebherr.com,"$15B (parent, 2024)",Gear manufacturing machines,"Gear hobbing, shaping, grinding machines, automation",Yes
CNC Machine,Machine Tools & Fabrication Machinery,LNS North America,lns-northamerica.com,"$300M (parent, est.)",Machine tool peripherals,"Bar feeders, chip conveyors, coolant systems, air filtration",Yes
CNC Machine,Machine Tools & Fabrication Machinery,Makino Inc.,makino.com,"$1.5B (parent, est.)",CNC machine tools,"Machining centers, EDM machines, automation",Yes
CNC Machine,Machine Tools & Fabrication Machinery,"Marubeni Citizen-Cincom, Inc.",marucit.com,$100M-$200M (est.),CNC machine tools,Citizen Swiss-type CNC lathes and Miyano turning centers,Yes
CNC Machine,Machine Tools & Fabrication Machinery,Matsuura Machinery USA Inc.,matsuurausa.com,"$200M-$400M (parent, est.)",CNC machine tools,"5-axis and multi-pallet machining centers, hybrid AM",Yes
CNC Machine,Machine Tools & Fabrication Machinery,Mazak,mazakusa.com,"$3B (parent, est.)",CNC machine tools,"CNC turning centers, machining centers, multi-tasking machines",Yes
CNC Machine,Machine Tools & Fabrication Machinery,Mazak (Student Summit),mazakusa.com,"$3B (parent, est.)",CNC machine tools,Student outreach exhibit; CNC machine tools,Yes
CNC Machine,Machine Tools & Fabrication Machinery,Mikron Corporation Monroe,mikron.com,"~$400M (Mikron Group, 2024)",Machine tools,High-precision machining and transfer systems for high-volume parts,Yes
CNC Machine,Machine Tools & Fabrication Machinery,Mitsubishi EDM / MC Machinery Systems Inc.,mcmachinery.com,$100M-$500M (est.),Machine tools,"Wire/sinker EDMs, laser cutting machines, press brakes",Yes
CNC Machine,Machine Tools & Fabrication Machinery,MITSUI SEIKI,mitsuiseiki.com,$100M-$500M (est.),CNC machine tools,"Ultra-precision jig borers, grinders, and 5-axis machining centers",Yes
CNC Machine,Machine Tools & Fabrication Machinery,Nagel Precision Inc.,nagelusa.com,"$100M-$500M (Nagel Group, est.)",Machine tools,"Honing, superfinishing, and precision bore machining systems",Yes
CNC Machine,Machine Tools & Fabrication Machinery,Nicolás Correa,nicolascorrea.com,~$120M (2024),CNC machine tools,Large milling machines and gantry machining centers,Yes
CNC Machine,Machine Tools & Fabrication Machinery,"NIDEC MACHINE TOOL AMERICA, LLC.",nidec-machinetool.com,$100M-$500M (est.),Machine tools,"Gear cutting machines, large machining centers, broaching machines",Yes
CNC Machine,Machine Tools & Fabrication Machinery,"Niigata, Inc.",niigata-mt.co.jp,$100M-$500M (est.),CNC machine tools,Horizontal machining centers for high-precision production,Yes
CNC Machine,Machine Tools & Fabrication Machinery,NSK America Corporation,nskamericacorp.com,"~$400M (Nakanishi group, est.)",Machine tool accessories,"High-speed spindles, micro grinders, and rotary tools",Yes
CNC Machine,Machine Tools & Fabrication Machinery,Okamoto Corporation,okamotocorp.com,$100M-$500M (est.),Machine tools,"Surface, cylindrical, and internal grinding machines",Yes
CNC Machine,Machine Tools & Fabrication Machinery,Okuma America Corporation,okuma.com,"~$1.5B (Okuma group, FY2024)",CNC machine tools,"CNC lathes, machining centers, grinders, and OSP controls",Yes
CNC Machine,Machine Tools & Fabrication Machinery,OMAX Waterjets,omax.com,$100M-$500M (est.),Waterjet cutting,Abrasive waterjet cutting machines,Yes
CNC Machine,Machine Tools & Fabrication Machinery,PAMA SpA,pama.it,~$150M (est.),CNC machine tools,Horizontal boring mills and floor-type milling machines,Yes
CNC Machine,Machine Tools & Fabrication Machinery,Porite Corporation,porite.co.jp,$100M-$500M (est.),Powder metallurgy,Sintered bearings and powder metal components,Yes
CNC Machine,Machine Tools & Fabrication Machinery,Prusa Research,prusa3d.com,$100M-$200M (est.),3D printing,Desktop FDM and SLA 3D printers and filaments,Yes
CNC Machine,Machine Tools & Fabrication Machinery,Quintus Technologies,quintustechnologies.com,$100M-$500M (est.),High pressure equipment,Hot/cold isostatic presses and sheet metal forming presses,Yes
CNC Machine,Machine Tools & Fabrication Machinery,Rollomatic Inc.,rollomatic.ch,$100M-$200M (est.),Grinding machines,"CNC tool and cutter grinders, laser cutting machines",Yes
CNC Machine,Machine Tools & Fabrication Machinery,Rosler Metal Finishing USA,rosler.com,$300M-$500M (est.),Surface finishing,"Mass finishing and shot blasting equipment, consumables",Yes
CNC Machine,Machine Tools & Fabrication Machinery,Senfeng Laser USA Inc.,senfenglaser.com,$100M-$300M (est.),Laser machinery,"Fiber laser cutting, welding, and cleaning machines",Yes
CNC Machine,Machine Tools & Fabrication Machinery,"Shibaura Machine Co., America",shibaura-machine.co.jp,$900M-$1B (est.),Machine tools,"Injection molding machines, die casting, and machine tools",Yes
CNC Machine,Machine Tools & Fabrication Machinery,Shigiya (USA) Ltd.,shigiya.co.jp,$100M-$300M (est.),Grinding machines,CNC cylindrical grinders,Yes
CNC Machine,Machine Tools & Fabrication Machinery,"SLM Solutions NA, Inc.",slm-solutions.com,$100M-$150M (est.),Additive manufacturing,Metal laser powder bed fusion 3D printers,Yes
CNC Machine,Machine Tools & Fabrication Machinery,SMEC America Corp.,smec.co.kr,$200M-$400M (est.),CNC machine tools,"CNC lathes, machining centers, and turning centers",Yes
CNC Machine,Machine Tools & Fabrication Machinery,SNK America Inc.,snkamerica.com,$100M-$300M (est.),Machine tools,"Large 5-axis profilers, bridge mills, and machining centers",Yes
CNC Machine,Machine Tools & Fabrication Machinery,"Sodick, Inc.",sodick.com,$400M-$500M (est.),EDM machines,"Wire and sinker EDM, laser, and injection molding machines",Yes
CNC Machine,Machine Tools & Fabrication Machinery,Soraluce,soraluce.com,$100M-$300M (est.),Machine tools,"Milling-boring machines, floor-type and gantry milling centers",Yes
CNC Machine,Machine Tools & Fabrication Machinery,"SPINNER North America, LLC",Unknown,$100M-$200M (est.),CNC machine tools,Precision CNC lathes and turning centers,Yes
CNC Machine,Machine Tools & Fabrication Machinery,Star CNC Machine Tool Corp.,starcnc.com,$300M-$500M (est.),CNC machine tools,Swiss-type CNC automatic lathes,Yes
CNC Machine,Machine Tools & Fabrication Machinery,Stratasys,stratasys.com,$570M (2024),Additive manufacturing,"Polymer 3D printers, materials, and printing services",Yes
CNC Machine,Machine Tools & Fabrication Machinery,Sugino,sugino.com,$200M-$400M (est.),Machine tools,"Drilling units, waterjet cutting, deburring, self-feed machining units",Yes
CNC Machine,Machine Tools & Fabrication Machinery,Suhner USA,suhner.com,$200M-$400M (est.),Power tools and machining units,"Machining units, flexible shafts, abrasive power tools",Yes
CNC Machine,Machine Tools & Fabrication Machinery,Sunnen Products Company,sunnen.com,$100M-$250M (est.),Honing machines,"Honing machines, tooling, abrasives, bore sizing systems",Yes
CNC Machine,Machine Tools & Fabrication Machinery,"SW North America, Inc.",sw-machines.com,"$400M-$600M (group, est.)",CNC machine tools,Multi-spindle CNC machining centers and automation,Yes
CNC Machine,Machine Tools & Fabrication Machinery,"SYNTEC TECHNOLOGY CO., LTD.",syntecclub.com,$100M-$300M (est.),CNC controls,"CNC controllers, servo drives, motors",Yes
CNC Machine,Machine Tools & Fabrication Machinery,Thorlabs,thorlabs.com,$700M-$1B (est.),Photonics,"Optics, optomechanics, lasers, photonics equipment",Yes
CNC Machine,Machine Tools & Fabrication Machinery,Tox Pressotechnik L.L.C.,tox-pressotechnik.com,$100M-$200M (est.),Joining/press systems,"Clinching systems, press drives, assembly presses",Yes
CNC Machine,Machine Tools & Fabrication Machinery,TRAK Machine Tools,trakmt.com,$100M-$150M (est.),CNC machine tools,"Toolroom CNC mills, lathes, ProtoTRAK controls",Yes
CNC Machine,Machine Tools & Fabrication Machinery,Tsugami America,tsugamiamerica.com,"$500M-$700M (group, est.)",CNC machine tools,Swiss-type lathes and precision turning centers,Yes
CNC Machine,Machine Tools & Fabrication Machinery,Vollmer of America Corp.,vollmer-group.com,$100M-$200M (est.),Grinding/eroding machines,"Tool and saw sharpening, grinding, and eroding machines",Yes
CNC Machine,Machine Tools & Fabrication Machinery,WAFIOS Machinery Corporation,wafios.com,$150M-$250M (est.),Wire/tube forming machines,"Spring coiling, wire bending, tube forming machinery",Yes
CNC Machine,Machine Tools & Fabrication Machinery,Waldmann Lighting,waldmannlighting.com,$100M-$200M (est.),Industrial lighting,Machine tool and workplace LED luminaires,Yes
CNC Machine,Machine Tools & Fabrication Machinery,"WALDRICH COBURG NA, Inc.",waldrich-coburg.de,$100M-$300M (est.),Large machine tools,"Portal milling machines, large grinding and planing machines",Yes
CNC Machine,Machine Tools & Fabrication Machinery,WEILER North America Corporation,weiler.de,$150M-$250M (est.),Machine tools,Precision cycle-controlled and CNC lathes,Yes
CNC Machine,Machine Tools & Fabrication Machinery,"WEIMA America, Inc.",weima.com,$100M-$150M (est.),Size reduction machinery,"Shredders and briquetting presses for wood, plastics, metal chips",Yes
CNC Machine,Machine Tools & Fabrication Machinery,WFL Millturn Technologies GmbH & Co. KG,wfl.at,$150M-$250M (est.),Machine tools,MILLTURN multitasking complete machining centers,Yes
CNC Machine,Machine Tools & Fabrication Machinery,Willemin-Macodel Inc.,willemin-macodel.com,$100M-$150M (est.),Machine tools,High-precision multi-axis machining centers,Yes
CNC Machine,Machine Tools & Fabrication Machinery,xTool,xtool.com,$100M-$500M (est.),Laser engraving machines,Desktop laser cutters and engravers,Yes
,Machine Tools & Fabrication Machinery,Adelbert Haas LLC,multigrind.com,$50M-$100M (est.),Grinding machines,Multigrind CNC tool and production grinding machines,Near-ICP
,Machine Tools & Fabrication Machinery,Advanced Machine & Engineering,ame.com,$50M-$100M (est.),Machine tool components,"Workholding, spindle interfaces, carbide saws, and crash protection",Near-ICP
,Machine Tools & Fabrication Machinery,ALZMETALL Machine Tools USA Inc.,alzmetall.de,$50M-$100M (est.),Machine tools,Drill presses and CNC machining centers,Near-ICP
,Machine Tools & Fabrication Machinery,AXYZ Routers and WARDJET Waterjets,axyz.com,$50M-$100M (est.),CNC routers and waterjets,CNC routers and waterjet cutting systems,Near-ICP
,Machine Tools & Fabrication Machinery,bavius technologie gmbh,bavius.eu,$50M-$100M (est.),CNC machine tools,Large 5-axis machining centers for aerospace structural parts,Near-ICP
,Machine Tools & Fabrication Machinery,Belotti America Inc,belotti.com,$50M-$100M (est.),CNC machine tools,5-axis CNC machining centers for composites and aluminum,Near-ICP
,Machine Tools & Fabrication Machinery,Berger Gruppe,Unknown,$50M-$100M (est.),Grinding machines,"Grinding, polishing, and finishing machines",Near-ICP
,Machine Tools & Fabrication Machinery,Bost Machine Tools Company S.L.U.,bost.es,$50M-$100M (est.),CNC machine tools,"Large vertical lathes, horizontal lathes, and multitasking machines",Near-ICP
,Machine Tools & Fabrication Machinery,"Brinkmann Pumps, Inc.",brinkmannpumps.com,$50M-$100M (est.),Industrial pumps,Coolant pumps and filtration for machine tools,Near-ICP
,Machine Tools & Fabrication Machinery,BURKHARDT + WEBER,burkhardt-weber.de,$50M-$100M (est.),CNC machine tools,Heavy-duty horizontal machining centers,Near-ICP
,Machine Tools & Fabrication Machinery,C.R. Onsrud Inc.,cronsrud.com,$50M-$100M (est.),CNC machine tools,"CNC routers and machining centers for wood, composites, metals",Near-ICP
,Machine Tools & Fabrication Machinery,"Cosen Saws, North America",cosensaws.com,$50M-$100M (est.),Sawing machinery,Band saw machines for metal cutting,Near-ICP
,Machine Tools & Fabrication Machinery,DATRON USA,datron.com,$60M-$80M (est.),CNC machine tools,High-speed CNC milling machines and dental mills,Near-ICP
,Machine Tools & Fabrication Machinery,DoALL Sawing Products,doall.com,$50M-$100M (est.),Sawing machinery,"Band saws, saw blades, and cutting fluids",Near-ICP
,Machine Tools & Fabrication Machinery,ELB-Schliff,elb-schliff.de,$50M-$100M (est.),Grinding machines,Surface and profile grinding machines,Near-ICP
,Machine Tools & Fabrication Machinery,Epilog Laser,epiloglaser.com,$50M-$100M (est.),Laser systems,CO2 and fiber laser engraving and cutting machines,Near-ICP
,Machine Tools & Fabrication Machinery,"FERMAT Machine Tool, s.r.o.",fermatmachinery.com,$50M-$100M (est.),Machine tools,"Horizontal boring mills, floor-type machining centers",Near-ICP
,Machine Tools & Fabrication Machinery,FPT Industrie S.P.A.,fptindustrie.com,$50M-$100M (est.),Machine tools,Milling machines and boring mills,Near-ICP
,Machine Tools & Fabrication Machinery,Gesenkschmiede Schneider GmbH,Unknown,$50M-$100M (est.),Forging,Drop-forged steel components for automotive and industrial use,Near-ICP
,Machine Tools & Fabrication Machinery,GLORYSTAR GROUP INC,glorystarlaser.com,$50M-$100M (est.),Laser machinery,Fiber laser cutting and marking machines,Near-ICP
,Machine Tools & Fabrication Machinery,GMN USA,gmnusa.com,$50M-$100M (est.),Spindle technology,"High-speed spindles, precision bearings, seals, and clutches",Near-ICP
,Machine Tools & Fabrication Machinery,Gnutti Transfer spa,gnuttitransfer.com,$50M-$100M (est.),Machine tools,Transfer machines for high-volume precision machining,Near-ICP
,Machine Tools & Fabrication Machinery,"GWEIKE TECH CO., LTD",Unknown,$50M-$100M (est.),Laser machinery,"Fiber laser cutting, marking, and engraving machines",Near-ICP
,Machine Tools & Fabrication Machinery,Hatsan silah makina kalip san. ve tic. a.ş,hatsan.com.tr,$50M-$100M (est.),Firearms and precision manufacturing,"Air rifles, shotguns, and precision mold/machining capabilities",Near-ICP
,Machine Tools & Fabrication Machinery,Hiperbaric - Hot Isostatic Pressing (HIP),hiperbaric.com,$50M-$100M (est.),High pressure equipment,Hot isostatic pressing and high-pressure processing systems,Near-ICP
,Machine Tools & Fabrication Machinery,HYDMECH,hydmech.com,$50M-$100M (est.),Sawing equipment,Horizontal and vertical metal cutting bandsaws,Near-ICP
,Machine Tools & Fabrication Machinery,Innse-Berardi S.p.A.,innse-berardi.com,$50M-$150M (est.),Machine tools,Large milling machines and vertical lathes,Near-ICP
,Machine Tools & Fabrication Machinery,KADIA Inc.,kadia.com,"~$50M (est., parent)",Honing machines,Honing machines and deburring systems,Near-ICP
,Machine Tools & Fabrication Machinery,"KNUTH Machine Tools USA, Inc.",knuth.com,$50M-$100M (est.),Machine tools,Conventional and CNC machine tools,Near-ICP
,Machine Tools & Fabrication Machinery,LAP of America Laser Applications,lap-laser.com,"$50M-$100M (parent, est.)",Laser systems,Laser projection and laser measurement systems,Near-ICP
,Machine Tools & Fabrication Machinery,Lapmaster Wolters,lapmaster-wolters.com,$50M-$150M (est.),Surface finishing machines,"Lapping, polishing, and fine grinding machines",Near-ICP
,Machine Tools & Fabrication Machinery,"Manufacturing Technology, Inc",mtiwelding.com,$50M-$100M (est.),Friction welding,Friction and rotary welding machines and services,Near-ICP
,Machine Tools & Fabrication Machinery,Mayfran International,mayfran.com,$50M-$150M (est.),Machine tool peripherals,Chip conveyors and coolant filtration systems,Near-ICP
,Machine Tools & Fabrication Machinery,Modern Industries,modernind.com,$50M-$100M (est.),Contract manufacturing,"Precision machining, heat treating, and contract manufacturing services",Near-ICP
,Machine Tools & Fabrication Machinery,MTI,mtiwelding.com,$50M-$100M (est.),Welding equipment,Friction welding machines and welding services,Near-ICP
,Machine Tools & Fabrication Machinery,Nomura DS,nomura-ds.com,$50M-$100M (est.),CNC machine tools,Swiss-type CNC lathes and compact machining centers,Near-ICP
,Machine Tools & Fabrication Machinery,NUM Corporation,num.com,$50M-$100M (est.),CNC controls,"CNC control systems, drives, and motors",Near-ICP
,Machine Tools & Fabrication Machinery,OTT-JAKOB,ott-jakob.de,$50M-$100M (est.),Machine tool components,Spindle clamping systems and tool clamping technology,Near-ICP
,Machine Tools & Fabrication Machinery,OTT-JAKOB Spanntechnik GmbH,ott-jakob.de,$50M-$100M (est.),Machine tool components,Spindle clamping systems and tool clamping technology,Near-ICP
,Machine Tools & Fabrication Machinery,Parpas America Corp.,parpas.com,$50M-$100M (est.),CNC machine tools,High-speed milling machines and gantry machining centers,Near-ICP
,Machine Tools & Fabrication Machinery,Pietro Carnaghi USA Inc.,pietrocarnaghi.com,$50M-$100M (est.),CNC machine tools,Vertical turning lathes and gantry milling machines,Near-ICP
,Machine Tools & Fabrication Machinery,Precitrame America Corporation,precitrame.com,$50M-$100M (est.),Machine tools,Rotary transfer machines and multi-spindle machining centers,Near-ICP
,Machine Tools & Fabrication Machinery,Prototek Digital Manufacturing,prototek.com,$50M-$100M (est.),Contract manufacturing,"Rapid prototyping, CNC machining, sheet metal, and 3D printing",Near-ICP
,Machine Tools & Fabrication Machinery,Raise3D Technologies,raise3d.com,$50M-$100M (est.),3D printing,Professional FDM 3D printers,Near-ICP
,Machine Tools & Fabrication Machinery,Royal Products,royalproducts.com,$50M-$100M (est.),Machine tool accessories,"Live centers, collets, bar pullers, and mist collectors",Near-ICP
,Machine Tools & Fabrication Machinery,RUF Briquetting Systems,ruf-briquetter.com,$50M-$100M (est.),Recycling equipment,Briquetting presses for metal chips and residues,Near-ICP
,Machine Tools & Fabrication Machinery,Savage Saws / Inductoheat,inductoheat.com,$50M-$200M (est.),Sawing and induction heating,Carbide circular saws and induction heating equipment,Near-ICP
,Machine Tools & Fabrication Machinery,Schelling America,schelling.com,$50M-$200M (est.),Sawing machines,Precision plate and panel saws for metals and composites,Near-ICP
,Machine Tools & Fabrication Machinery,Setco,setco.com,$50M-$100M (est.),Spindles,"Precision spindles, slides, and spindle repair services",Near-ICP
,Machine Tools & Fabrication Machinery,"Supfina Machine Company, Inc.",supfina.com,$50M-$100M (est.),Superfinishing machines,"Superfinishing, fine grinding, and flat finishing machines",Near-ICP
,Machine Tools & Fabrication Machinery,Thermwood Corporation,thermwood.com,$50M-$100M (est.),CNC machinery,CNC routers and large-scale additive manufacturing (LSAM),Near-ICP
,Machine Tools & Fabrication Machinery,Thielenhaus Microfinish Corp.,thielenhaus.com,$50M-$100M (est.),Superfinishing machines,Superfinishing and microfinishing machines,Near-ICP
,Machine Tools & Fabrication Machinery,UNISIG Deep Hole Drilling Systems,unisig.com,$50M-$100M (est.),Machine tools,"Deep hole drilling machines, gundrills, automation",Near-ICP
,Machine Tools & Fabrication Machinery,Walker Forge,walkerforge.com,$50M-$100M (est.),Forging,Custom closed-die steel forgings,Near-ICP
,Machine Tools & Fabrication Machinery,Walther Trowal LLC,walther-trowal.com,$50M-$100M (est.),Surface finishing equipment,"Vibratory finishing, shot blasting, and coating systems",Near-ICP
,Machine Tools & Fabrication Machinery,Wanner Engineering,wannereng.com,$50M-$100M (est.),Pumps,Hydra-Cell seal-less high-pressure diaphragm pumps,Near-ICP
,Machine Tools & Fabrication Machinery,Weingärtner Maschinenbau GmbH,weingartner.com,$50M-$100M (est.),Machine tools,Mill-turn machining centers for large components,Near-ICP
,Machine Tools & Fabrication Machinery,"YOU JI MACHINE INDUSTRIAL CO., LTD.",Unknown,$50M-$100M (est.),Machine tools,Vertical turning lathes and CNC lathes,Near-ICP
,Machine Tools & Fabrication Machinery,"Yukiwa Seiko U.S.A., Inc.",yukiwa.co.jp,$50M-$100M (est.),Machine tool accessories,NC rotary tables and drill chucks,Near-ICP
,Machine Tools & Fabrication Machinery,Zimmermann Inc,f-zimmermann.com,$50M-$100M (est.),Machine tools,Portal milling machines for large parts,Near-ICP
CNC Machine,"Cutting Tools, Tooling & Workholding",Allied Machine & Engineering,alliedmachine.com,$100M-$200M (est.),Cutting tools,"Drilling, boring, reaming, and threading tools",Yes
CNC Machine,"Cutting Tools, Tooling & Workholding",Bahco Bandsaw,bahco.com,"$4.7B (Snap-on parent, 2024)",Saw blades,Bandsaw blades and hand tools,Yes
CNC Machine,"Cutting Tools, Tooling & Workholding","Beijing Worldia Diamond Tools Co.,Ltd.",worldia.com,$100M-$200M (est.),Cutting tools,PCD/PCBN diamond cutting tools and inserts,Yes
CNC Machine,"Cutting Tools, Tooling & Workholding",Bichamp Cutting Technology (India) Private Limited.,bichamp.com,$100M-$300M (est.),Cutting tools,Bimetal and carbide band saw blades,Yes
CNC Machine,"Cutting Tools, Tooling & Workholding",BIG DAISHOWA,bigdaishowa.com,$200M-$400M (est.),Tooling systems,"Tool holders, spindle tooling, and workholding (BIG KAISER)",Yes
CNC Machine,"Cutting Tools, Tooling & Workholding","Botek America, Inc.",botek.de,$100M-$200M (est.),Cutting tools,"Deep hole drilling tools (gundrills, BTA tooling)",Yes
CNC Machine,"Cutting Tools, Tooling & Workholding",CERATIZIT USA,ceratizit.com,$1.3B (est.),Cutting tools,"Carbide inserts, round tools, and hard material solutions",Yes
CNC Machine,"Cutting Tools, Tooling & Workholding",CUMI America Inc,cumiamerica.com,"$500M-$600M (parent, est.)",Abrasives,"Bonded and coated abrasives, grinding wheels, ceramics",Yes
CNC Machine,"Cutting Tools, Tooling & Workholding","EROWA Technology, Inc.",erowa.com,$100M-$300M (est.),Workholding & automation,"Tooling systems, pallet automation, EDM cell automation",Yes
CNC Machine,"Cutting Tools, Tooling & Workholding",Fives Landis Corp. (CITCO Tools),fivesgroup.com,"$2.5B (Fives Group, est.)",Cutting tools,"Diamond dressing tools, PCD/CBN tools",Yes
CNC Machine,"Cutting Tools, Tooling & Workholding",Fives Landis Corp. (Gardner Abrasives),fivesgroup.com,"$2.5B (Fives Group, est.)",Abrasives,Grinding wheels and bonded abrasives,Yes
CNC Machine,"Cutting Tools, Tooling & Workholding",Haimer USA,haimer.com,$100M-$150M (est.),Toolholding,"Tool holders, shrink-fit machines, balancing, and presetting equipment",Yes
CNC Machine,"Cutting Tools, Tooling & Workholding",Hainbuch America Corporation,hainbuch.com,$100M-$200M (est.),Workholding,"Clamping chucks, collets, and mandrels for machining",Yes
CNC Machine,"Cutting Tools, Tooling & Workholding",IMC Group,imc-companies.com,$3B+ (est.),Cutting tools,"Metalworking cutting tool group (Iscar, Ingersoll, Taegutec)",Yes
CNC Machine,"Cutting Tools, Tooling & Workholding",IMC Group 2,imc-companies.com,$3B+ (est.),Cutting tools,"Metalworking cutting tool group (Iscar, Ingersoll, Taegutec)",Yes
CNC Machine,"Cutting Tools, Tooling & Workholding",Ingersoll Cutting Tools,ingersoll-imc.com,$100M-$500M (est.),Cutting tools,"Milling, turning and holemaking cutting tools",Yes
CNC Machine,"Cutting Tools, Tooling & Workholding",Iscar,iscar.com,$2B+ (est.),Cutting tools,"Carbide inserts, milling, turning and drilling tools",Yes
CNC Machine,"Cutting Tools, Tooling & Workholding",Kanefusa USA Inc.,kanefusa.co.jp,"$100M-$200M (est., parent)",Saw blades,Industrial saw blades and machine knives,Yes
CNC Machine,"Cutting Tools, Tooling & Workholding",Kennametal Inc.,kennametal.com,$2.0B (FY2024),Cutting tools,"Carbide cutting tools, tooling systems, wear solutions",Yes
CNC Machine,"Cutting Tools, Tooling & Workholding",LENOX,lenoxtools.com,$400M-$600M (est.),Cutting tools,"Band saw blades, hand tools, power tool accessories",Yes
CNC Machine,"Cutting Tools, Tooling & Workholding",norelem,norelem.com,$100M-$200M (est.),Machine components,"Standard parts, workholding, and machine elements",Yes
CNC Machine,"Cutting Tools, Tooling & Workholding","Noritake U.S.A., Inc.",noritake.com,"~$1B (Noritake group, est.)",Abrasives,"Grinding wheels, superabrasives, and industrial ceramics",Yes
CNC Machine,"Cutting Tools, Tooling & Workholding",Norton / Saint-Gobain Abrasives,nortonabrasives.com,"$50B (Saint-Gobain group, 2024)",Abrasives,"Grinding wheels, coated abrasives, and finishing products",Yes
CNC Machine,"Cutting Tools, Tooling & Workholding",Pascal Engineering Inc.,pascaleng.co.jp,$100M-$200M (est.),Workholding,"Hydraulic clamps, die change systems, and machine tool workholding",Yes
CNC Machine,"Cutting Tools, Tooling & Workholding",PUNCH INDUSTRY USA INC.,punch.co.jp,$200M-$300M (est.),Die components,Precision die and mold components,Yes
CNC Machine,"Cutting Tools, Tooling & Workholding","rose plastic USA, LLLP",rose-plastic.com,$100M-$200M (est.),Packaging,Protective plastic packaging for cutting tools,Yes
CNC Machine,"Cutting Tools, Tooling & Workholding","Samchully Workholding, Inc.",samchullyworkholding.com,$100M-$300M (est.),Workholding,"Power chucks, hydraulic cylinders, and rotary tables for lathes",Yes
CNC Machine,"Cutting Tools, Tooling & Workholding",Sandvik,sandvik.com,$11B (2024),Engineering group,"Mining equipment, cutting tools, and manufacturing solutions",Yes
CNC Machine,"Cutting Tools, Tooling & Workholding",Schmalz Inc.,schmalz.com,$500M-$700M (est.),Vacuum technology,"Vacuum grippers, suction cups, and vacuum clamping systems",Yes
CNC Machine,"Cutting Tools, Tooling & Workholding","SCHUNK, Inc.",schunk.com,$1.5B (est.),Workholding and automation,"Toolholders, chucks, grippers, and automation components",Yes
CNC Machine,"Cutting Tools, Tooling & Workholding",SMW AUTOBLOK CORPORATION,smwautoblok.com,$100M-$300M (est.),Workholding,"Power chucks, steady rests, and stationary workholding",Yes
CNC Machine,"Cutting Tools, Tooling & Workholding",The L. S. Starrett Co.,starrett.com,$250M (FY2024),Precision tools,"Precision measuring tools, gauges, saw blades, metrology",Yes
CNC Machine,"Cutting Tools, Tooling & Workholding",Tiangong Precision Tools (Hong Kong) Company,Unknown,"$500M-$800M (parent, est.)",Cutting tools,"HSS drills, taps, and cutting tools",Yes
CNC Machine,"Cutting Tools, Tooling & Workholding",Vargus USA,vargus.com,$100M-$200M (est.),Cutting tools,"Threading, grooving, and deburring tools (Vardex, Shaviv)",Yes
CNC Machine,"Cutting Tools, Tooling & Workholding",WEILER ABRASIVES,weilerabrasives.com,$300M-$500M (est.),Abrasives,"Grinding wheels, brushes, and abrasive products",Yes
CNC Machine,"Cutting Tools, Tooling & Workholding",YG-1 Tool Co.,yg1.kr,$300M-$500M (est.),Cutting tools,"End mills, drills, taps, indexable tooling",Yes
CNC Machine,"Cutting Tools, Tooling & Workholding","ZCC - USA, Inc.",zccct.com,"$1B-$2B (parent, est.)",Cutting tools,"Carbide inserts, end mills, tooling systems",Yes
CNC Machine,"Cutting Tools, Tooling & Workholding",ZCC America,zccct.com,"$1B-$2B (parent, est.)",Cutting tools,"Carbide inserts, end mills, tooling systems",Yes
,"Cutting Tools, Tooling & Workholding",ARNO-Werkzeuge USA LLC,arno.de,$50M-$80M (est.),Cutting tools,"Grooving, turning, and milling inserts and toolholders",Near-ICP
,"Cutting Tools, Tooling & Workholding","ARNTZ, Inc.",arntz.de,$50M-$100M (est.),Saw blades,Band saw blades for metal cutting,Near-ICP
,"Cutting Tools, Tooling & Workholding",Birla Precision Technologies Limited,birlaprecision.com,$50M-$100M (est.),Cutting tools,"Drills, taps, end mills, spindles, and precision components",Near-ICP
,"Cutting Tools, Tooling & Workholding",BISON USA Corp.,bisonusa.com,$50M-$100M (est.),Workholding,"Chucks, vises, and workholding devices",Near-ICP
,"Cutting Tools, Tooling & Workholding","Carmex Precision Tools, LLC",carmex.com,$50M-$100M (est.),Cutting tools,"Thread milling, threading inserts, and milling tools",Near-ICP
,"Cutting Tools, Tooling & Workholding",Carr Lane Manufacturing Co.,carrlane.com,$50M-$100M (est.),Workholding,"Tooling components, fixtures, and jig/fixture hardware",Near-ICP
,"Cutting Tools, Tooling & Workholding","CemeCon, Inc.",cemecon.com,$50M-$100M (est.),Coatings,PVD and CVD diamond coatings for cutting tools,Near-ICP
,"Cutting Tools, Tooling & Workholding","Jergens, Inc.",jergensinc.com,$50M-$100M (est.),Workholding,"Workholding, fixturing, lifting and specialty fasteners",Near-ICP
,"Cutting Tools, Tooling & Workholding",Kosmek USA Ltd.,kosmek.com,"$50M-$150M (parent, est.)",Workholding,"Hydraulic clamps, robotic hand changers, pallet clamping",Near-ICP
,"Cutting Tools, Tooling & Workholding",Kurt Workholding,kurtworkholding.com,$50M-$100M (est.),Workholding,Machine vises and custom workholding,Near-ICP
,"Cutting Tools, Tooling & Workholding",Mate Precision Technologies,mate.com,$50M-$150M (est.),Tooling and workholding,"Punch press tooling, laser optics, workholding",Near-ICP
,"Cutting Tools, Tooling & Workholding",MST Corporation,mst-corp.co.jp,$50M-$100M (est.),Tooling,Precision tool holders and shrink-fit tooling systems,Near-ICP
,"Cutting Tools, Tooling & Workholding","NS TOOL CO., LTD.",ns-tool.com,$50M-$100M (est.),Cutting tools,Micro carbide end mills for precision machining,Near-ICP
,"Cutting Tools, Tooling & Workholding",Platit Inc,platit.com,$50M-$100M (est.),Coating equipment,PVD coating machines for cutting tools,Near-ICP
,"Cutting Tools, Tooling & Workholding",RBC SCHAUBLIN - SWISS TOOLS USA,schaublin.ch,$50M-$100M (est.),Toolholding/machine tools,"Precision collets, toolholding, and Swiss lathes",Near-ICP
,"Cutting Tools, Tooling & Workholding",REGO-FIX Tool Corporation,rego-fix.com,$50M-$150M (est.),Toolholding,"ER collets, powRgrip toolholding systems",Near-ICP
,"Cutting Tools, Tooling & Workholding",Star Cutter Company,starcutter.com,$50M-$100M (est.),Cutting tools,"Carbide blanks, gear cutting tools, and tool grinders",Near-ICP
,"Cutting Tools, Tooling & Workholding",WESPA USA Inc,wespa.de,$50M-$100M (est.),Saw blades,Band saw blades for metal cutting,Near-ICP
,"Cutting Tools, Tooling & Workholding",WTO Inc,wto.de,$50M-$100M (est.),Toolholding,Driven and static tool holders for CNC lathes,Near-ICP
Robotic Arm,"Automation, Robotics & Material Handling",ATI Industrial Automation,ati-ia.com,$100M-$200M (est.),Robotic end-of-arm tooling,"Robotic tool changers, force/torque sensors, and deburring tools",Yes
Robotic Arm,"Automation, Robotics & Material Handling",Boston Dynamics,bostondynamics.com,$100M-$500M (est.),Robotics,"Mobile robots (Spot, Stretch, Atlas) for industry",Yes
Robotic Arm,"Automation, Robotics & Material Handling","Bucci Industries USA, Inc.",bucci-industries.com,$100M-$200M (est.),Machine tool automation,"Bar feeders (IEMCA), automation, and workholding",Yes
Robotic Arm,"Automation, Robotics & Material Handling","Comau, LLC",comau.com,$1.1B (est.),Robotics/automation,"Industrial robots, automation systems, and e-mobility manufacturing",Yes
Robotic Arm,"Automation, Robotics & Material Handling",Combilift,combilift.com,$550M (est.),Material handling,Multidirectional forklifts and long-load handling equipment,Yes
Robotic Arm,"Automation, Robotics & Material Handling",FANUC Corporation,fanuc.co.jp,$5.3B (FY2024),Industrial automation,"CNC controls, industrial robots, robomachines",Yes
Robotic Arm,"Automation, Robotics & Material Handling",Fastems LLC,fastems.com,$100M-$150M (est.),Factory automation,"Flexible manufacturing systems, pallet automation, control software",Yes
Robotic Arm,"Automation, Robotics & Material Handling",Fives Lund,fivesgroup.com,"$2.5B (Fives Group, est.)",Automation,Aerospace composites automation systems,Yes
Robotic Arm,"Automation, Robotics & Material Handling",Gorbel Inc.,gorbel.com,$100M-$300M (est.),Material handling,"Workstation cranes, jib cranes, and ergonomic lifting devices",Yes
Robotic Arm,"Automation, Robotics & Material Handling",Gudel Inc.,gudel.com,$100M-$300M (est.),Automation,"Linear motion systems, gantry robots, and automation components",Yes
Robotic Arm,"Automation, Robotics & Material Handling",Hirata Corporation of America,hirata.co.jp,$400M-$600M (est.),Automation,Automated assembly and production systems,Yes
Robotic Arm,"Automation, Robotics & Material Handling",Hiwin Corporation,hiwin.com,$700M-$900M (est.),Motion control,"Linear guideways, ballscrews, and motion components",Yes
Robotic Arm,"Automation, Robotics & Material Handling",Hänel Storage Systems,hanel.us,$100M-$300M (est.),Storage systems,Vertical lift modules and automated storage carousels,Yes
Robotic Arm,"Automation, Robotics & Material Handling",Jaka Americas LLC,jaka.com,"$100M-$200M (est., parent)",Robotics,Collaborative robots (cobots),Yes
Robotic Arm,"Automation, Robotics & Material Handling",Kardex,kardex.com,$1.5B+ (2023),Warehouse automation,Automated storage and retrieval systems (Kardex Remstar),Yes
Robotic Arm,"Automation, Robotics & Material Handling","Kawasaki Robotics (USA),  Inc.",kawasakirobotics.com,"$12B (parent Kawasaki Heavy, FY2024)",Industrial robotics,Industrial robots and automation systems,Yes
Robotic Arm,"Automation, Robotics & Material Handling",Kito Crosby,kitocrosby.com,$1.1B (est.),Lifting equipment,"Hoists, rigging hardware, lifting solutions",Yes
Robotic Arm,"Automation, Robotics & Material Handling",KUKA,kuka.com,$4B (2023),Industrial robotics,Industrial robots and automation systems,Yes
Robotic Arm,"Automation, Robotics & Material Handling",Misumi (Student Summit),misumiusa.com,"$2.6B (Misumi Group, FY2024)",Factory automation components,"Configurable mechanical components, fasteners, and automation parts",Yes
Robotic Arm,"Automation, Robotics & Material Handling",MISUMI Americas,misumiusa.com,"$2.6B (Misumi Group, FY2024)",Factory automation components,"Configurable mechanical components, fasteners, and automation parts",Yes
Robotic Arm,"Automation, Robotics & Material Handling","Mitsubishi Electric US, Inc., Industrial Automation",us.mitsubishielectric.com,"$36B (Mitsubishi Electric group, FY2024)",Industrial automation,"CNC controls, PLCs, servos, robots, automation systems",Yes
Robotic Arm,"Automation, Robotics & Material Handling","Mitsubishi Electric US, Inc., Industrial Automation (Student Summit)",us.mitsubishielectric.com,"$36B (Mitsubishi Electric group, FY2024)",Industrial automation,"CNC controls, PLCs, servos, robots, automation systems",Yes
Robotic Arm,"Automation, Robotics & Material Handling",Modula Inc.,modula.com,~$300M (est.),Warehouse automation,Vertical lift modules and automated storage systems,Yes
Robotic Arm,"Automation, Robotics & Material Handling","Murata Machinery USA, Inc.",muratec-usa.com,"~$3B (Murata Machinery group, est.)",Machine tools & automation,"CNC turning centers, sheet metal machinery, automated material handling",Yes
Robotic Arm,"Automation, Robotics & Material Handling",Nachi Robotics,nachirobotics.com,"$2B+ (Nachi-Fujikoshi group, est.)",Robotics,Industrial robots and robotic automation systems,Yes
Robotic Arm,"Automation, Robotics & Material Handling",NB Corporation of America,nbcorporation.com,"$100M-$500M (NB group, est.)",Linear motion components,"Linear guides, slides, ball splines, and bearings",Yes
Robotic Arm,"Automation, Robotics & Material Handling","Oki Electric Cable Co., Ltd.",okidensen.co.jp,$100M-$500M (est.),Wire & cable,"Industrial cables, robot cables, and harnesses",Yes
Robotic Arm,"Automation, Robotics & Material Handling",OnLogic,onlogic.com,$100M-$500M (est.),Industrial computers,Rugged industrial and edge computing hardware,Yes
Robotic Arm,"Automation, Robotics & Material Handling",ORIENTAL MOTOR U.S.A. CORP.,orientalmotor.com,~$400M (est.),Motion control,"Stepper motors, servo motors, drivers, and gearheads",Yes
Robotic Arm,"Automation, Robotics & Material Handling",Parker Hannifin,parker.com,$19.9B (FY2024),Motion and control technologies,"Hydraulics, pneumatics, seals, filtration, and motion control components",Yes
Robotic Arm,"Automation, Robotics & Material Handling",Rockwell Automation,rockwellautomation.com,$8.3B (FY2024),Industrial automation,"PLCs, drives, industrial control, and automation software",Yes
Robotic Arm,"Automation, Robotics & Material Handling",SCHNEEBERGER Inc.,schneeberger.com,$100M-$300M (est.),Linear motion,"Linear bearings, guideways, and precision motion systems",Yes
Robotic Arm,"Automation, Robotics & Material Handling",SICK,sick.com,$2.4B (2023),Industrial sensors,"Sensors, safety systems, and machine vision for automation",Yes
Robotic Arm,"Automation, Robotics & Material Handling",SIEMENS,siemens.com,$80B (2024),Industrial automation,"CNC controls, drives, PLCs, and digital manufacturing software",Yes
Robotic Arm,"Automation, Robotics & Material Handling",SIEMENS (Student Summit),siemens.com,$80B (2024),Industrial automation,Student summit exhibit; CNC controls and automation technology,Yes
Robotic Arm,"Automation, Robotics & Material Handling",SMC Corporation of America,smcusa.com,$5B (2024),Pneumatics,"Pneumatic and electric actuators, valves, and air preparation",Yes
Robotic Arm,"Automation, Robotics & Material Handling",SMC Corporation of America (Student Summit),smcusa.com,$5B (2024),Pneumatics,Student summit exhibit; pneumatic automation components,Yes
Robotic Arm,"Automation, Robotics & Material Handling","Southworth International Group, Inc.",southworthproducts.com,$100M-$200M (est.),Ergonomic material handling,"Lift tables, tilters, and pallet positioners",Yes
Robotic Arm,"Automation, Robotics & Material Handling","TBI MOTION INTELLIGENCE CO., LTD.",tbimotion.com.tw,$100M-$200M (est.),Linear motion components,"Ball screws, linear guides, motion components",Yes
Robotic Arm,"Automation, Robotics & Material Handling",Teradyne Robotics - Universal Robots / MiR (Student Summit),universal-robots.com,"$365M (2024, robotics segment)",Robotics,Collaborative robot arms and autonomous mobile robots,Yes
Robotic Arm,"Automation, Robotics & Material Handling",THK America Inc.,thk.com,"$2.5B (2024, group)",Linear motion components,"Linear guides, ball screws, actuators",Yes
Robotic Arm,"Automation, Robotics & Material Handling",TiMOTION USA Inc.,timotion.com,$100M-$200M (est.),Linear actuators,Electric linear actuators and lifting columns,Yes
Robotic Arm,"Automation, Robotics & Material Handling",Universal Robots,universal-robots.com,~$300M (2023),Collaborative robots,Collaborative robot arms (cobots) for industrial automation,Yes
Robotic Arm,"Automation, Robotics & Material Handling",Weidmuller,weidmuller.com,$1.2B (2023),Electrical connectivity,"Terminal blocks, connectors, electronics for industrial automation",Yes
Robotic Arm,"Automation, Robotics & Material Handling","Yaskawa America, Inc.",yaskawa.com,"$3.9B (parent, FY2024)",Motion control/robotics,"AC drives, servo motors, motion controllers, robots",Yes
Robotic Arm,"Automation, Robotics & Material Handling","Yaskawa America, Inc., Motoman Robotics Division (Student Summit)",motoman.com,"$3.9B (parent, FY2024)",Industrial robots,Motoman industrial robots and robotic systems,Yes
Robotic Arm,"Automation, Robotics & Material Handling",Zimmer Group US Inc,zimmer-group.com,$200M-$300M (est.),Automation components,"Grippers, end-of-arm tooling, damping and clamping technology",Yes
,"Automation, Robotics & Material Handling",Bunting Magnetics,buntingmagnetics.com,$50M-$100M (est.),Magnetic equipment,"Magnetic separators, conveyors, and magnets",Near-ICP
,"Automation, Robotics & Material Handling","Chieftek Precision USA Co., Ltd.",chieftek.com,$50M-$100M (est.),Motion components,"Linear guides, linear motors, and motion control",Near-ICP
,"Automation, Robotics & Material Handling",CIMON Co,cimon.com,$50M-$100M (est.),Industrial automation,"PLCs, HMIs, and SCADA software",Near-ICP
,"Automation, Robotics & Material Handling",Coval Vacuum Technology Inc.,coval.com,$50M-$100M (est.),Vacuum handling,"Vacuum pumps, suction cups, and gripping systems for automation",Near-ICP
,"Automation, Robotics & Material Handling","Hennig, Inc.",hennigworldwide.com,$50M-$100M (est.),Machine protection,"Way covers, chip conveyors, and machine enclosures",Near-ICP
,"Automation, Robotics & Material Handling",Infranor Inc.,infranor.com,"$50M-$100M (est., group)",Motion control,"Servo motors, drives and motion control systems",Near-ICP
,"Automation, Robotics & Material Handling",Milton Industries,miltonindustries.com,$50M-$100M (est.),Pneumatic tools & accessories,"Air couplers, blow guns, gauges, and pneumatic accessories",Near-ICP
,"Automation, Robotics & Material Handling","Neousys Technology America, Inc.",neousys-tech.com,$50M-$100M (est.),Industrial computers,Rugged embedded computers and edge AI platforms,Near-ICP
,"Automation, Robotics & Material Handling",PBC Linear,pbclinear.com,$50M-$100M (est.),Linear motion,"Linear bearings, actuators, and motion control components",Near-ICP
,"Automation, Robotics & Material Handling",Shuttleworth,shuttleworth.com,$50M-$100M (est.),Material handling,Slip-torque roller conveyors and product handling systems,Near-ICP
,"Automation, Robotics & Material Handling",Vention,vention.io,$50M-$100M (est.),Industrial automation platform,"Modular framing, robotics, cloud-based machine design platform",Near-ICP
Small like Caplugs,Metrology & Inspection,"Blum-Novotest, Inc.",blum-novotest.com,$100M-$150M (est.),Metrology,"Touch probes, laser measuring systems, and gauging for machine tools",Yes
Small like Caplugs,Metrology & Inspection,Bruker Alicona,alicona.com,"$3.4B (Bruker, 2024)",Metrology,Optical 3D surface measurement and metrology systems,Yes
Small like Caplugs,Metrology & Inspection,"Canon U.S.A.,Inc.",usa.canon.com,"$30B (Canon, 2024)",Imaging/optics,"Cameras, optics, 3D machine vision, and industrial equipment",Yes
Small like Caplugs,Metrology & Inspection,Evident,evidentscientific.com,$1B (est.),Scientific & inspection instruments,"Industrial microscopes, videoscopes, XRF analyzers, NDT instruments",Yes
Small like Caplugs,Metrology & Inspection,"FARO CREAFORM a Business of AMETEK, Inc.",faro.com,"$6.9B (AMETEK, 2024)",3D metrology,"3D scanners, laser trackers, portable CMMs",Yes
Small like Caplugs,Metrology & Inspection,"Fischer Technology, Inc.",fischer-technology.com,$100M-$200M (est.),Measurement instruments,"Coating thickness gauges, XRF, material testing instruments",Yes
Small like Caplugs,Metrology & Inspection,Foerster Instruments Inc.,foerstergroup.com,$100M-$200M (est.),NDT instruments,"Eddy current testing, magnetometry, metal detection",Yes
Small like Caplugs,Metrology & Inspection,"JEOL USA, INC",jeolusa.com,"$1B+ (parent, FY2024)",Scientific instruments,"Electron microscopes, analytical instruments",Yes
Small like Caplugs,Metrology & Inspection,Keyence Corporation,keyence.com,$7B (FY2025),Sensors and measurement,"Sensors, vision systems, measurement instruments, laser markers",Yes
Small like Caplugs,Metrology & Inspection,"Leica Microsystems, Inc.",leica-microsystems.com,$1B+ (est.),Microscopy,Microscopes and imaging systems,Yes
Small like Caplugs,Metrology & Inspection,Mahr Inc.,mahr.com,"$400M (parent, est.)",Metrology,Dimensional measurement instruments and gauges,Yes
Small like Caplugs,Metrology & Inspection,MARPOSS,marposs.com,$600M (est.),Metrology and gauging,"In-process gauging, probes, machine monitoring",Yes
Small like Caplugs,Metrology & Inspection,Mitutoyo America Corporation,mitutoyo.com,"~$1B (Mitutoyo group, est.)",Metrology,"Micrometers, calipers, CMMs, and precision measuring instruments",Yes
Small like Caplugs,Metrology & Inspection,Mitutoyo America Corporation (Student Summit),mitutoyo.com,"~$1B (Mitutoyo group, est.)",Metrology,"Micrometers, calipers, CMMs, and precision measuring instruments",Yes
Small like Caplugs,Metrology & Inspection,"Nikon Metrology, Inc.",nikonmetrology.com,"$4.5B (Nikon group, FY2024)",Metrology,"X-ray CT, laser scanning, and optical measurement systems",Yes
Small like Caplugs,Metrology & Inspection,Optical Gaging Products (OGP),ogpnet.com,"$100M-$500M (QVI group, est.)",Metrology,Multisensor video and optical measurement systems,Yes
Small like Caplugs,Metrology & Inspection,Optical Gaging Products (OGP) Student Summit,ogpnet.com,"$100M-$500M (QVI group, est.)",Metrology,Multisensor video and optical measurement systems,Yes
Small like Caplugs,Metrology & Inspection,Schenck USA CORP.,schenck-usa.com,$100M-$500M (est.),Balancing technology,Balancing machines and vibration diagnostic systems,Yes
Small like Caplugs,Metrology & Inspection,SHINING 3D Technology Inc.,shining3d.com,$100M-$300M (est.),3D scanning and printing,"3D scanners, metrology systems, and 3D printers",Yes
Small like Caplugs,Metrology & Inspection,Thermo Fisher Scientific,thermofisher.com,$42.9B (2024),Scientific instruments,"Analytical instruments, electron microscopy, lab equipment",Yes
Small like Caplugs,Metrology & Inspection,"WENZEL America, Ltd.",wenzelamerica.com,$100M-$150M (est.),Metrology (CMM),"Coordinate measuring machines, gear inspection, CT scanning",Yes
Small like Caplugs,Metrology & Inspection,"Werth, Inc.",werthinc.com,$100M-$150M (est.),Metrology,Multisensor and X-ray CT coordinate measuring machines,Yes
Small like Caplugs,Metrology & Inspection,ZEISS Industrial Quality Solutions,zeiss.com,"$11B+ (Zeiss Group, FY2024)",Industrial metrology,"CMMs, optical and X-ray metrology, microscopy for quality",Yes
Small like Caplugs,Metrology & Inspection,ZEISS Industrial Quality Solutions (Student Summit),zeiss.com,"$11B+ (Zeiss Group, FY2024)",Industrial metrology,"CMMs, optical and X-ray metrology, microscopy for quality",Yes
Small like Caplugs,Metrology & Inspection,ZOLLER Inc.,zoller.info,$150M-$250M (est.),Tool presetting/measurement,"Tool presetters, measuring machines, tool management software",Yes
Small like Caplugs,Metrology & Inspection,Zygo,zygo.com,$200M-$300M (est.),Optical metrology,"Interferometers, optical profilers, precision optics",Yes
,Metrology & Inspection,Artec 3D,artec3d.com,$50M-$150M (est.),3D scanning,Handheld and desktop 3D scanners,Near-ICP
,Metrology & Inspection,CEMB USA-BL SYSTEMS,cemb.com,$50M-$100M (est.),Balancing equipment,Balancing machines and vibration analysis systems,Near-ICP
,Metrology & Inspection,Cesare Galdabini spa,galdabini.it,$50M-$100M (est.),Testing machines,Material testing machines and straightening presses,Near-ICP
,Metrology & Inspection,Insize USA,insize.com,$50M-$100M (est.),Metrology,"Calipers, micrometers, gauges and measuring instruments",Near-ICP
,Metrology & Inspection,Navitar,navitar.com,$50M-$100M (est.),Optics,"Precision lenses, imaging optics, and inspection optics",Near-ICP
,Metrology & Inspection,VICIVISION America - METRIOS America,vicivision.com,$50M-$100M (est.),Optical metrology,Optical measuring machines for turned and cylindrical parts,Near-ICP
,Metrology & Inspection,Virtek Vision,virtekvision.com,$50M-$100M (est.),Laser projection systems,Laser templating and projection for assembly and inspection,Near-ICP
,Metrology & Inspection,Vision Engineering Inc.,visioneng.com,$50M-$100M (est.),Optical inspection/microscopy,Stereo microscopes and non-contact measuring systems,Near-ICP
,Metrology & Inspection,VJ Technologies,vjt.com,$50M-$100M (est.),X-ray inspection,Digital X-ray and CT inspection systems,Near-ICP
Small like Caplugs,"Shop Support, Components & Consumables",80/20 LLC,8020.net,$100M-$300M (est.),Aluminum framing systems,T-slot aluminum extrusion framing and accessories,Yes
Small like Caplugs,"Shop Support, Components & Consumables",Absolent Air Care Group,absolentgroup.com,$120M-$150M (est.),Industrial air filtration,"Oil mist, oil smoke, and dust filtration units",Yes
Small like Caplugs,"Shop Support, Components & Consumables",AFC Cable Systems / Atkore International,atkore.com,"$3.2B (Atkore parent, FY2024)",Electrical infrastructure,"Armored cable, conduit, and electrical raceway products",Yes
Small like Caplugs,"Shop Support, Components & Consumables",Ajax TOCCO Magnethermic,ajaxtocco.com,$100M-$300M (est.),Induction heating,"Induction heating, melting, and heat treating systems",Yes
Small like Caplugs,"Shop Support, Components & Consumables",ALD Vacuum Technologies GmbH,ald-vt.com,$200M-$400M (est.),Vacuum furnaces,Vacuum metallurgy and heat treatment systems,Yes
Small like Caplugs,"Shop Support, Components & Consumables",Big Ass Fans,bigassfans.com,$500M+ (est.),Industrial HVAC,Large-diameter HVLS industrial fans and evaporative coolers,Yes
Small like Caplugs,"Shop Support, Components & Consumables",Bissell Commercial,bissellcommercial.com,"$1B+ (BISSELL, est.)",Cleaning equipment,Commercial vacuums and floor care equipment,Yes
Small like Caplugs,"Shop Support, Components & Consumables",Bossard,bossard.com,$1.1B (2024),Fasteners,"Fasteners, smart factory logistics, and assembly technology",Yes
Small like Caplugs,"Shop Support, Components & Consumables",Brady,bradyid.com,$1.3B (FY2024),Identification solutions,"Industrial labels, printers, safety signage, and tracking",Yes
Small like Caplugs,"Shop Support, Components & Consumables",CAPLUGS,caplugs.com,$200M-$400M (est.),Protective packaging,"Plastic caps, plugs, netting, and part protection",Yes
Small like Caplugs,"Shop Support, Components & Consumables",CEIA USA Induction Heating Systems,ceia.net,$100M-$300M (est.),Induction heating,Induction heating generators and brazing systems,Yes
Small like Caplugs,"Shop Support, Components & Consumables","Dell, Inc.",dell.com,$95.6B (FY2025),Computer hardware,"Workstations, servers, PCs, and IT infrastructure",Yes
Small like Caplugs,"Shop Support, Components & Consumables",Donaldson,donaldson.com,$3.6B (FY2024),Filtration,Industrial dust collection and filtration systems,Yes
Small like Caplugs,"Shop Support, Components & Consumables",ERIEZ,eriez.com,$300M-$500M (est.),Magnetic separation equipment,"Magnetic separators, metal detectors, vibratory feeders",Yes
Small like Caplugs,"Shop Support, Components & Consumables","Euchner USA, Inc.",euchner.com,$200M-$300M (est.),Industrial safety,"Safety switches, interlocks, access management systems",Yes
Small like Caplugs,"Shop Support, Components & Consumables",HIFI FILTER FRANCE,hifi-filter.com,$100M-$300M (est.),Filtration,"Industrial filters for hydraulics, air, and fluids",Yes
Small like Caplugs,"Shop Support, Components & Consumables",igus Inc.,igus.com,"~$1.2B (2023, parent)",Motion plastics components,"Polymer bearings, energy chains, cables, linear guides",Yes
Small like Caplugs,"Shop Support, Components & Consumables",Infinite Electronics,infiniteelectronics.com,$500M-$1B (est.),Electronic components,"RF, wired/wireless connectivity components and assemblies",Yes
Small like Caplugs,"Shop Support, Components & Consumables",Komline,komline.com,$100M-$500M (est.),Separation equipment,"Filtration, drying, and separation equipment",Yes
Small like Caplugs,"Shop Support, Components & Consumables",LUBE USA,lubeusa.com,"$200M (parent, est.)",Lubrication systems,Centralized lubrication systems for machinery,Yes
Small like Caplugs,"Shop Support, Components & Consumables",LUTZE Inc.,lutze.com,"$100M-$200M (parent, est.)",Industrial cables,"Industrial cables, connectivity, control cabinet solutions",Yes
Small like Caplugs,"Shop Support, Components & Consumables",Maddox Industrial Transformer,maddox.com,$100M-$300M (est.),Electrical equipment,"Industrial transformers, sales and rentals",Yes
Small like Caplugs,"Shop Support, Components & Consumables","MANN+HUMMEL USA, INC.",mann-hummel.com,"$5B (parent, 2024)",Filtration,"Air, liquid, and industrial filtration products",Yes
Small like Caplugs,"Shop Support, Components & Consumables",MAX USA COPR.,maxusacorp.com,"$600M (parent, est.)",Industrial tools,"Rebar tying tools, nailers, staplers",Yes
Small like Caplugs,"Shop Support, Components & Consumables",Monolithic Power Systems,monolithicpower.com,$2.2B (2024),Semiconductors,Power management ICs and motor drive solutions,Yes
Small like Caplugs,"Shop Support, Components & Consumables",Orion Machinery,orionkikai.co.jp,$100M-$500M (est.),Industrial equipment,"Precision chillers, vacuum pumps, and dryers",Yes
Small like Caplugs,"Shop Support, Components & Consumables",RIX North America,rix.co.jp,$300M-$500M (est.),Industrial equipment,"Rotary joints, pumps, and fluid transfer equipment",Yes
Small like Caplugs,"Shop Support, Components & Consumables",SECO/WARWICK USA,secowarwick.com,$150M-$250M (est.),Heat treatment equipment,Industrial furnaces and vacuum heat treatment systems,Yes
Small like Caplugs,"Shop Support, Components & Consumables",Smalley,smalley.com,$100M-$200M (est.),Engineered components,Wave springs and retaining rings,Yes
Small like Caplugs,"Shop Support, Components & Consumables",Trexon,trexon.com,$100M-$300M (est.),Cables and connectors,"Specialty cables, connectors, interconnect solutions",Yes
Small like Caplugs,"Shop Support, Components & Consumables",Umbragroup S.p.A.,umbragroup.com,$250M-$300M (est.),Aerospace/mechatronic components,Ball screws and electromechanical actuators for aerospace and industry,Yes
,"Shop Support, Components & Consumables","Beckett Packaging, a Division of MOCAP",mocap.com,$50M-$100M (est.),Protective packaging,"Protective caps, plugs, and packaging for machined parts",Near-ICP
,"Shop Support, Components & Consumables",Blast Cleaning Technologies,bct-us.com,$50M-$100M (est.),Surface preparation,Shot blast equipment and wheel blast systems,Near-ICP
,"Shop Support, Components & Consumables",Cleaning Technologies Group,ctgclean.com,$50M-$100M (est.),Parts cleaning,"Aqueous and ultrasonic parts cleaning systems (Ransohoff, Blackstone-NEY)",Near-ICP
,"Shop Support, Components & Consumables",Coral USA Corp.,coral.eu,$50M-$100M (est.),Industrial air filtration,Fume and dust extraction systems for industrial plants,Near-ICP
,"Shop Support, Components & Consumables","Dynatect Manufacturing, Inc.",dynatect.com,$50M-$100M (est.),Machine protection,"Bellows, way covers, cable carriers, and roll-up doors",Near-ICP
,"Shop Support, Components & Consumables",icotek corp,icotek.com,$50M-$100M (est.),Cable management,"Cable entry systems, glands, and EMC solutions",Near-ICP
,"Shop Support, Components & Consumables","J.W. Winco, Inc.",jwwinco.com,$50M-$100M (est.),Standard machine components,"Handles, knobs, clamps, standard machine parts",Near-ICP
,"Shop Support, Components & Consumables",KEMPER North America,kemper-america.com,"$50M-$100M (est., parent)",Fume extraction,Weld fume extraction and air filtration systems,Near-ICP
,"Shop Support, Components & Consumables",Nordfab Ducting,nordfab.com,$50M-$100M (est.),Air handling,Quick-fit clamp-together ducting for dust collection,Near-ICP
,"Shop Support, Components & Consumables",Radyne Corporation,radyne.com,$50M-$100M (est.),Induction heating,Induction heating and brazing equipment,Near-ICP
,"Shop Support, Components & Consumables",Rousseau Metal Inc.,rousseaumetal.com,$50M-$100M (est.),Industrial storage,"Modular drawers, cabinets, and workstations",Near-ICP
,"Shop Support, Components & Consumables",Saginaw Control & Engineering,saginawcontrol.com,$50M-$100M (est.),Electrical enclosures,"Industrial electrical enclosures, cabinets, and climate control accessories",Near-ICP
,"Shop Support, Components & Consumables","Thermal Care, Inc.",thermalcare.com,$50M-$100M (est.),Process cooling equipment,Industrial chillers and cooling systems,Near-ICP
,"Shop Support, Components & Consumables",WERMA USA Inc.,werma.com,$50M-$100M (est.),Signaling devices,"Signal towers, andon lights, machine status monitoring",Near-ICP
