linkedin_url,full_name,headline,persona_tier,company_name,company_linkedin_url,company_domain,company_tier,vertical,city,state,country
https://www.linkedin.com/in/rppatel4,Ruchir Patel,Vice President Global Dealer Development | @AGCO Corporation,primary,AGCO Corporation,https://www.linkedin.com/company/agco-corporation,agcocorp.com,A_verified_50plus,construction_ag,Bartlett,IL,US
https://www.linkedin.com/in/dustin-patterson-00997313,Dustin Patterson,"Sr. Director, Distribution Strategy & Dealer Development North America | @AGCO Corporation",primary,AGCO Corporation,https://www.linkedin.com/company/agco-corporation,agcocorp.com,A_verified_50plus,construction_ag,Atlanta,-,US
https://www.linkedin.com/in/alex-stokman,Alexandra Stokman,Dealer Development Manager - Caterpillar Defense | @Caterpillar Inc.,primary,Caterpillar Inc.,https://www.linkedin.com/company/caterpillar-inc,caterpillar.com,A_verified_50plus,construction_ag,-,-,US
https://www.linkedin.com/in/tstuarthall,Tyler Hall,Global Authorized Marine Dealer (AMD) Program Manager | @Caterpillar Inc.,primary,Caterpillar Inc.,https://www.linkedin.com/company/caterpillar-inc,caterpillar.com,A_verified_50plus,construction_ag,Houston,TX,US
https://www.linkedin.com/in/caroline-njogu,Caroline Njogu,Channel Development Manager | @Cummins Inc.,primary,Cummins Inc.,https://www.linkedin.com/company/cummins-inc,cummins.com,A_verified_50plus,power_equipment,Minneapolis,MN,US
https://www.linkedin.com/in/john-echavarria-69667037,John Echavarria,Global Marine Application Engineering Channel Development Leader | @Cummins Inc.,primary,Cummins Inc.,https://www.linkedin.com/company/cummins-inc,cummins.com,A_verified_50plus,power_equipment,Summerville,SC,US
https://www.linkedin.com/in/morgan-stallings,Morgan Stallings,Senior Director of Dealer Development and Marketing | @DEVELON North America,primary,DEVELON North America,https://www.linkedin.com/company/develon-northamerica,develon-ce.com,A_verified_50plus,construction_ag,Suwanee,GA,US
https://www.linkedin.com/in/john-sloan-4298279b,John Sloan,Sr. Dealer Development Strategy Manager | @DEVELON North America,primary,DEVELON North America,https://www.linkedin.com/company/develon-northamerica,develon-ce.com,A_verified_50plus,construction_ag,-,-,-
https://www.linkedin.com/in/dmikesmith,Michael Smith,"Manager, Commercialization and Channel Marketing | @Daikin Comfort",primary,Daikin Comfort,https://www.linkedin.com/company/daikin-comfort-technologies,bit.ly,A_verified_50plus,hvac,Delray Beach,FL,US
https://www.linkedin.com/in/bryan-f-a7601518a,Bryan F.,National Dealer Development Manager - Daikin Brand | @Daikin Comfort,primary,Daikin Comfort,https://www.linkedin.com/company/daikin-comfort-technologies,bit.ly,A_verified_50plus,hvac,Melbourne,FL,US
https://www.linkedin.com/in/preston-wood-136149a1,Preston Wood,National Dealer Development Manager- Goodman and Private Label | @Daikin Comfort,primary,Daikin Comfort,https://www.linkedin.com/company/daikin-comfort-technologies,bit.ly,A_verified_50plus,hvac,Spring,TX,US
https://www.linkedin.com/in/bradhunt23,Brad Hunt,Dealer Development Manager | @Diamond C Trailers,primary,Diamond C Trailers,https://www.linkedin.com/company/diamond-c-trailer-mfg.,diamondc.com,A_verified_50plus,trailers,Dallas,-,US
https://www.linkedin.com/in/luis-benitez-8b7842228,Luis Benitez,Dealer Development Manager | @Diamond C Trailers,primary,Diamond C Trailers,https://www.linkedin.com/company/diamond-c-trailer-mfg.,diamondc.com,A_verified_50plus,trailers,-,-,US
https://www.linkedin.com/in/eric-bell-2962b4202,Eric Bell,Dealer Development Manager | @Diamond C Trailers,primary,Diamond C Trailers,https://www.linkedin.com/company/diamond-c-trailer-mfg.,diamondc.com,A_verified_50plus,trailers,-,-,-
https://www.linkedin.com/in/martin-levy-402a52292,Martin Levy,Senior Director Sales and Dealer Development | @Environmental Solutions Group,primary,Environmental Solutions Group,https://www.linkedin.com/company/environmental-solutions-group,terexesg.com,A_verified_50plus,trucks_bodies,Miami,FL,US
https://www.linkedin.com/in/georgettecardona,Georgette Sakellaris-Cardona,Business Development Manager North America - Channel Partnerships | @Ford Pro,primary,Ford Pro,https://www.linkedin.com/company/ford-pro,fordpro.com,A_verified_50plus,trucks_bodies,Jensen Beach,FL,US
https://www.linkedin.com/in/rodneybednarprofile,Rodney Bednar,"Dealer Development and OEM Support Manager | @Hatz Americas, Inc.",primary,"Hatz Americas, Inc",https://www.linkedin.com/company/hatz-america,hatz.com,A_verified_50plus,power_equipment,West Bend,WI,US
https://www.linkedin.com/in/danny-ross-b082156b,Danny Ross,Channel Development Manager | @Hänel Storage Systems,primary,Hänel Storage Systems,https://www.linkedin.com/company/hanel-storage-systems,hanel.us,A_verified_50plus,material_handling,Brenham,TX,US
https://www.linkedin.com/in/christian-cicero-schimaniak-b10b6518,Christian Cicero Schimaniak,LATAM Channel Development Manager | @John Deere,primary,John Deere,https://www.linkedin.com/company/john-deere,deere.com,A_verified_50plus,construction_ag,中国 北京市,-,-
https://www.linkedin.com/in/ian-mcmah-3861a03,Ian McMah,"Manager, Dealer Development - Australia/NZ | @John Deere",primary,John Deere,https://www.linkedin.com/company/john-deere,deere.com,A_verified_50plus,construction_ag,Greater Brisbane Area,-,-
https://www.linkedin.com/in/john-deluca-ab276614,John DeLuca,"Director, Distributor Development | @Komatsu North America",primary,Komatsu America Corporation,https://www.linkedin.com/company/komatsunorthamerica,komatsu.com,A_verified_50plus,construction_ag,-,-,US
https://www.linkedin.com/in/mike-hayes-70aa5219,Mike Hayes,Director Service Marketing & Distributor Development | @Komatsu North America,primary,Komatsu America Corporation,https://www.linkedin.com/company/komatsunorthamerica,komatsu.com,A_verified_50plus,construction_ag,Rolling Meadows,IL,US
https://www.linkedin.com/in/rachel-yessa-901320a3,Rachel Yessa,Channel Marketing Manager | @Lippert,primary,Lippert,https://www.linkedin.com/company/lippert,lippert.com,A_verified_50plus,trailers,Granger,IN,US
https://www.linkedin.com/in/wisehaus,Jane Wise,Sr. Channel Marketing Manager for Adjacent Markets | @Lippert,primary,Lippert,https://www.linkedin.com/company/lippert,lippert.com,A_verified_50plus,trailers,-,-,US
https://www.linkedin.com/in/brian-manke-64a85a1,Brian Manke,Dealer Development Manager | @STIHL USA,primary,STIHL USA,https://www.linkedin.com/company/stihl-usa,stihlusa.com,A_verified_50plus,power_equipment,Chesapeake,VA,US
https://www.linkedin.com/in/lyndsie-daikhi-mba-8b811838,"Lyndsie Daikhi, MBA","Business Development Manager, Dealer Development | @Sullair",primary,Sullair,https://www.linkedin.com/company/sullair-llc,sullair.com,A_verified_50plus,power_equipment,Michigan City,IN,US
https://www.linkedin.com/in/daniel-o-brien-cse-a30aa511,"Daniel O'Brien, CSE",General Manager - Commercial Equipment Division & Distributor Development | @The Toro Company,primary,The Toro Company,https://www.linkedin.com/company/the-toro-company,thetorocompany.com,A_verified_50plus,power_equipment,St Paul,MN,US
https://www.linkedin.com/in/marc-hoffman-9149141,Marc Hoffman,Sr. Channel Development Manager | @The Toro Company,primary,The Toro Company,https://www.linkedin.com/company/the-toro-company,thetorocompany.com,A_verified_50plus,power_equipment,Minneapolis,MN,US
https://www.linkedin.com/in/monicabringle28,Monica Bringle,Senior Manager - Distributor Development | @The Toro Company,primary,The Toro Company,https://www.linkedin.com/company/the-toro-company,thetorocompany.com,A_verified_50plus,power_equipment,Eden Prairie,MN,US
https://www.linkedin.com/in/billbyrd1,Bill Byrd,Director of Dealer Development | @Toyota Material Handling,primary,Toyota Material Handling,https://www.linkedin.com/company/toyota-material-handling,toyotaforklift.com,A_verified_50plus,material_handling,Columbus,IN,US
https://www.linkedin.com/in/greg%ef%bb%bf%ef%bb%bf-bowman%ef%bb%bf%ef%bb%bf-14313228,Greg Bowman,Dealer Development Manager | @Toyota Material Handling,primary,Toyota Material Handling,https://www.linkedin.com/company/toyota-material-handling,toyotaforklift.com,A_verified_50plus,material_handling,Columbus,IN,US
https://www.linkedin.com/in/mike-parker-2018,Mike Parker,Senior Manager - Dealer Development | @Toyota Material Handling,primary,Toyota Material Handling,https://www.linkedin.com/company/toyota-material-handling,toyotaforklift.com,A_verified_50plus,material_handling,Columbus,IN,US
https://www.linkedin.com/in/stephenshock,-,Dealer Sales and Marketing Enablement Leader | @Toyota Material Handling North America,primary,Toyota Material Handling North America,https://www.linkedin.com/company/toyota-material-handling-north-america,-,A_verified_50plus,material_handling,Malvern,PA,US
https://www.linkedin.com/in/tim-ballard66,Tim Ballard,Dealer Development Manager | @Toyota Material Handling North America,primary,Toyota Material Handling North America,https://www.linkedin.com/company/toyota-material-handling-north-america,-,A_verified_50plus,material_handling,-,-,-
https://www.linkedin.com/in/kristie-carino-99461641,Kristie Carino,Dealer & Distributor Program Manager Webasto Americas | @Webasto Americas,primary,Webasto Americas,https://www.linkedin.com/company/webastoamericas,webasto.com,A_verified_50plus,hvac,Fenton,MI,US
https://www.linkedin.com/in/adam-w-alt,Adam Alt,Dealer Development Manager | @XCMG America Inc.,primary,XCMG America Inc.,https://www.linkedin.com/company/xcmg-america-inc,xcmg-usa.com,A_verified_50plus,construction_ag,Charlotte,NC,US
https://www.linkedin.com/in/katy-brimlow,Katy Brimlow,Director of Channel Development | @Yanmar Compact Equipment North America,primary,Yanmar Compact Equipment North America,https://www.linkedin.com/company/yanmar-compact-equipment-na,yanmarce.com,A_verified_50plus,construction_ag,Atlanta,-,US
https://www.linkedin.com/in/seth-devoe-b65654234,Seth DeVoe,Distributor Sales Manager | @Aebi Schmidt USA,secondary,Aebi Schmidt USA,https://www.linkedin.com/company/aebi-schmidt-usa,aebi-schmidt.com,A_verified_50plus,trucks_bodies,Monroe,WI,US
https://www.linkedin.com/in/glen-ezell-333a1034,Glen Ezell,Dealer Development Specialist | @Bad Boy Mowers,secondary,Bad Boy Mowers,https://www.linkedin.com/company/bad-boy-mowers,badboycountry.com,A_verified_50plus,power_equipment,Trion,GA,US
https://www.linkedin.com/in/brad-carrozza-aab56811,Brad Carrozza,"Sales and Dealer Devolopment Manager | @Bandit Industries, Inc.",secondary,"Bandit Industries, Inc",https://www.linkedin.com/company/bandit-industries-inc-,banditchippers.com,A_verified_50plus,construction_ag,Austin,TX,US
https://www.linkedin.com/in/eric-bailey-45459553,Eric Bailey,"Dealer Development Specialist | @Bandit Industries, Inc.",secondary,"Bandit Industries, Inc",https://www.linkedin.com/company/bandit-industries-inc-,banditchippers.com,A_verified_50plus,construction_ag,Shepherd,MI,US
https://www.linkedin.com/in/ryan-jarzen-76aba862,Ryan Jarzen,National Channel Sales Manager | @Crane ChemPharma & Energy,secondary,Crane ChemPharma & Energy,https://www.linkedin.com/company/crane-chempharma-energy,cranecpe.com,A_verified_50plus,flow_hydraulics,Monroe,GA,US
https://www.linkedin.com/in/daannis,David Annis,Distributor Technology Solutions Manager | @Cummins Inc.,secondary,Cummins Inc.,https://www.linkedin.com/company/cummins-inc,cummins.com,A_verified_50plus,power_equipment,San Diego,CA,US
https://www.linkedin.com/in/nelson-zelaya-10410579,Nelson Zelaya,Dealer Development Specialist | @Diamond C Trailers,secondary,Diamond C Trailers,https://www.linkedin.com/company/diamond-c-trailer-mfg.,diamondc.com,A_verified_50plus,trailers,-,-,-
https://www.linkedin.com/in/jesse-james-hess-a4876b3b,Jesse James Hess,Regional Dealer Sales Manager - Western Region | @East Trailers LLC,secondary,East Trailers LLC,https://www.linkedin.com/company/east-trailers,eastmfg.com,A_verified_50plus,trailers,Bountiful,UT,US
https://www.linkedin.com/in/jim-mullaney-2138aa17,Jim Mullaney,Dealer Sales Manager-Southeast | @East Trailers LLC,secondary,East Trailers LLC,https://www.linkedin.com/company/east-trailers,eastmfg.com,A_verified_50plus,trailers,Atlanta,GA,US
https://www.linkedin.com/in/markmoffettdragonslayer,Mark Moffett,Head of Dealer Solutions - North America | @Ford Pro,secondary,Ford Pro,https://www.linkedin.com/company/ford-pro,fordpro.com,A_verified_50plus,trucks_bodies,Pottstown,PA,US
https://www.linkedin.com/in/rayepley,Raymond C. Epley,"Specialist, Solution Sales Manager - Dealer Solutions | @Ford Pro",secondary,Ford Pro,https://www.linkedin.com/company/ford-pro,fordpro.com,A_verified_50plus,trucks_bodies,Owensboro,KY,US
https://www.linkedin.com/in/bryan-speet-79434410,Bryan Speet,"Director, Dealer Channel Sales | @Kawasaki Engines USA",secondary,Kawasaki Engines Usa,https://www.linkedin.com/company/kawasakienginesusa,kawasakienginesusa.com,A_verified_50plus,power_equipment,Holland,MI,US
https://www.linkedin.com/in/david-dohm-238999204,David Dohm,Distributor Services Manager | @Knapheide,secondary,Knapheide,https://www.linkedin.com/company/knapheide-manufacturing,knapheide.com,A_verified_50plus,trucks_bodies,-,-,-
https://www.linkedin.com/in/nielstolboom,Niels Tolboom,Director North America Dealer Sales (Houston) | @Logisnext Americas Inc.,secondary,Logisnext Americas Inc.,https://www.linkedin.com/company/logisnext-americas,logisnextamericas.com,A_verified_50plus,material_handling,Houston,TX,US
https://www.linkedin.com/in/cruzvm,Victor Cruz,"Director, North America Dealer Sales | @Logisnext Americas Inc.",secondary,Logisnext Americas Inc.,https://www.linkedin.com/company/logisnext-americas,logisnextamericas.com,A_verified_50plus,material_handling,Houston,TX,US
https://www.linkedin.com/in/eric-gabriel-98161038,Eric Gabriel,"Vice President, Dealer Sales - Americas | @Logisnext Americas Inc.",secondary,Logisnext Americas Inc.,https://www.linkedin.com/company/logisnext-americas,logisnextamericas.com,A_verified_50plus,material_handling,Cypress,TX,US
https://www.linkedin.com/in/nhsuccess,Chris Salisbury,"Senior Sales Engineer, Distributor Channel Manager- Automation, Controls, Process & Robotics | @SMC",secondary,SMC Corporation of America,https://www.linkedin.com/company/smc,smcusa.com,A_verified_50plus,flow_hydraulics,Weare,NH,US
https://www.linkedin.com/in/scott-maurer-2ab74318,Scott Maurer,"Regional Channel Sales Manager | @SPX Cooling Tech, LLC",secondary,"SPX Cooling Tech, LLC",https://www.linkedin.com/company/spx-cooling-technologies,spxcooling.com,A_verified_50plus,hvac,Overland Park,KS,US
https://www.linkedin.com/in/bill-doke,Bill Doke,Executive Director Channel sales and Product Support | @STULZ USA,secondary,STULZ USA,https://www.linkedin.com/company/stulz-usa,stulz-usa.com,A_verified_50plus,hvac,Columbus Metropolitan Area,OH,US
https://www.linkedin.com/in/maria-antonyuk-karakhanyan-648a9a106,Maria Antonyuk Karakhanyan,"Director of Channel Partner Developmen, EMEA | @TerraSource Global",secondary,TerraSource Global,https://www.linkedin.com/company/terrasource-global,terrasource.com,A_verified_50plus,construction_ag,Greater Stockholm Metropolitan Area,-,-
https://www.linkedin.com/in/sue-green-shrm-cp-624b9a46,Sue Green SHRM-CP,Dealer Network HR Leader | @Toyota Material Handling North America,secondary,Toyota Material Handling North America,https://www.linkedin.com/company/toyota-material-handling-north-america,-,A_verified_50plus,material_handling,Columbus,IN,US
https://www.linkedin.com/in/richardkonkler,Richard Konkler,Western Region Dealer Manager | @TRUVAC,secondary,Truvac,https://www.linkedin.com/company/truvac,truvac.com,A_verified_50plus,construction_ag,Seattle,WA,US
https://www.linkedin.com/in/pamelalmesser,Pamela Messer,Channel Development Specialist | @Yanmar Compact Equipment North America,secondary,Yanmar Compact Equipment North America,https://www.linkedin.com/company/yanmar-compact-equipment-na,yanmarce.com,A_verified_50plus,construction_ag,Asheville,-,US
https://www.linkedin.com/in/don-sharp,Don Sharp,Channel Business Development Manager | @80/20,primary,80/20 LLC,https://www.linkedin.com/company/80-20-llc,8020.net,B_dealer_channel_size_unpublished,material_handling,South Lyon,MI,US
https://www.linkedin.com/in/max-durjava-68677492,Max DurJava,Director Dealer Development | @AriensCo,primary,AriensCo,https://www.linkedin.com/company/ariensco,ariensco.com,B_dealer_channel_size_unpublished,power_equipment,-,-,-
https://www.linkedin.com/in/jeremy-brzycki,Jeremy Brzycki,Director of Channel Development | @Autocar Trucks,primary,Autocar Trucks,https://www.linkedin.com/company/autocar,autocartruck.com,B_dealer_channel_size_unpublished,trucks_bodies,Chicago,-,US
https://www.linkedin.com/in/kale-wainer-0a01a9102,Kale Wainer,Channel Marketing Manager | @CFMOTO USA,primary,CFMOTO USA,https://www.linkedin.com/company/cfmoto-usa,cfmotousa.com,B_dealer_channel_size_unpublished,power_equipment,Minneapolis,-,US
https://www.linkedin.com/in/gerald-dolan-20a51b6a,Gerald Dolan,Dealer Development Manager | @CLARK Material Handling Company,primary,CLARK Material Handling Company,https://www.linkedin.com/company/clark-material-handling-co-,clarkmhc.com,B_dealer_channel_size_unpublished,material_handling,Seattle,WA,US
https://www.linkedin.com/in/ryanfournier,Ryan Fournier,Dealer Development Manager | @CNH Reman NAFTA,primary,CNH Reman,https://www.linkedin.com/company/cnh-reman,mycnhreman.com,B_dealer_channel_size_unpublished,construction_ag,Edmonton,AB,CA
https://www.linkedin.com/in/markayoung1,Mark Young,Dealer Development Manager | @CNH Reman NAFTA,primary,CNH Reman,https://www.linkedin.com/company/cnh-reman,mycnhreman.com,B_dealer_channel_size_unpublished,construction_ag,Springfield-Branson,-,US
https://www.linkedin.com/in/aaron-saylor-9400b841,Aaron Saylor,Dealer Development Manager | @DEUTZ Corporation,primary,DEUTZ Corporation,https://www.linkedin.com/company/deutz-corporation,deutzamericas.com,B_dealer_channel_size_unpublished,power_equipment,Blue Springs,MO,US
https://www.linkedin.com/in/doyle-berger-6b00bb85,Doyle Berger,Dealer Development Manager | @DEUTZ Corporation,primary,DEUTZ Corporation,https://www.linkedin.com/company/deutz-corporation,deutzamericas.com,B_dealer_channel_size_unpublished,power_equipment,-,-,-
https://www.linkedin.com/in/diegovicentin,Diego Vicentin,National Accounts & Vertical Segment Manager – Data Center Customers & Channel Development | @Daikin Applied Americas,primary,Daikin Applied Americas,https://www.linkedin.com/company/daikin-applied,daikinapplied.com,B_dealer_channel_size_unpublished,hvac,Tampa,-,US
https://www.linkedin.com/in/mikeneerhof,Mike Neerhof,Distributor Marketing Lead | @Dodge Industrial,primary,Dodge Industrial,https://www.linkedin.com/company/dodge-industrial,dodgeindustrial.com,B_dealer_channel_size_unpublished,flow_hydraulics,Greenville-Spartanburg-Anderson,SC,US
https://www.linkedin.com/in/nchasan,"Noam Chasan, MBA",Director of Channel Marketing | @Dorman Products,primary,Dorman Products,https://www.linkedin.com/company/dorman-products,dormanproducts.com,B_dealer_channel_size_unpublished,trucks_bodies,Colmar,PA,US
https://www.linkedin.com/in/brian-ray-58b38b5a,Brian Ray,Channel Marketing Manager | @Dorman Products,primary,Dorman Products,https://www.linkedin.com/company/dorman-products,dormanproducts.com,B_dealer_channel_size_unpublished,trucks_bodies,Philadelphia,-,US
https://www.linkedin.com/in/laura-dipalma,Laura DiPalma,Channel Marketing Manager | @Dorman Products,primary,Dorman Products,https://www.linkedin.com/company/dorman-products,dormanproducts.com,B_dealer_channel_size_unpublished,trucks_bodies,Coopersburg,PA,US
https://www.linkedin.com/in/steve-marsh-68543688,Steve Marsh,"Manager, Sales and Channel Development | @Douglas Dynamics, Inc.",primary,"Douglas Dynamics, Inc.",https://www.linkedin.com/company/douglas-dynamics-inc.,douglasdynamics.com,B_dealer_channel_size_unpublished,trucks_bodies,Richmond,VA,US
https://www.linkedin.com/in/chris-wagers-a653a7bb,Chris Wagers,"Sr. Associate Dealer Programs Manager | @Dunlop Tires North America, Inc.",primary,"Dunlop Tires North America, Inc",https://www.linkedin.com/company/dunlop-tires-north-america,paycomonline.net,B_dealer_channel_size_unpublished,power_equipment,Cleveland,-,US
https://www.linkedin.com/in/kevin-walgate-13174612,Kevin Walgate,Global Manager- Channel Development | @Dynabrade Power Tools,primary,Dynabrade Power Tools,https://www.linkedin.com/company/dynabrade,dynabrade.com,B_dealer_channel_size_unpublished,power_equipment,-,-,US
https://www.linkedin.com/in/charlesclaughlin,Charlie Laughlin,Head of Sales & Channel Development | @ELGi North America,primary,ELGi North America,https://www.linkedin.com/company/elginorthamerica,elgi.us,B_dealer_channel_size_unpublished,power_equipment,Charlotte,NC,US
https://www.linkedin.com/in/grayson-biggins-4b688134,Grayson Biggins,Director Of Channel Development and Logistics | @ELGi North America,primary,ELGi North America,https://www.linkedin.com/company/elginorthamerica,elgi.us,B_dealer_channel_size_unpublished,power_equipment,Charlotte,NC,US
https://www.linkedin.com/in/sara-elkordy,Sara Elkordy,"Channel & Business Development Manager C&S, Middle East (KSA, Levant, Libya, Egypt, Bahrain & Iraq) | @Emerson",primary,Emerson,https://www.linkedin.com/company/emerson,emerson.com,B_dealer_channel_size_unpublished,hvac,الرياض السعودية,-,-
https://www.linkedin.com/in/bello-coutilien-344374113,Bello Coutilien,Sales Manager – Channel Development & Business Development | @Emerson,primary,Emerson,https://www.linkedin.com/company/emerson,emerson.com,B_dealer_channel_size_unpublished,hvac,Englewood,CO,US
https://www.linkedin.com/in/christine-hong101,Christine Hong,Channel Marketing Manager | @Emerson,primary,Emerson,https://www.linkedin.com/company/emerson,emerson.com,B_dealer_channel_size_unpublished,hvac,Saint-Louis et périphérie,-,-
https://www.linkedin.com/in/danielle-mohr,Danielle M.,Channel Marketing Manager | @Enerpac,primary,Enerpac,https://www.linkedin.com/company/enerpac,enerpac.com,B_dealer_channel_size_unpublished,flow_hydraulics,New Berlin,WI,US
https://www.linkedin.com/in/chris-scofield-9803847,Chris Scofield,Director of Dealer Development | @FECON,primary,FECON,https://www.linkedin.com/company/fecon-inc-,fecon.com,B_dealer_channel_size_unpublished,construction_ag,Excelsior,MN,US
https://www.linkedin.com/in/maryannamari,MaryAnn Amari,"Channel Marketing Manager, Global Mobility, Gates Carbon Drive | @Gates Corporation",primary,Gates Corporation,https://www.linkedin.com/company/gates-corporation,gates.com,B_dealer_channel_size_unpublished,flow_hydraulics,Denver,CO,US
https://www.linkedin.com/in/brownrobert,Bobby Brown,"Channel Marketing Manager, Americas | @Gates Corporation",primary,Gates Corporation,https://www.linkedin.com/company/gates-corporation,gates.com,B_dealer_channel_size_unpublished,flow_hydraulics,-,-,-
https://www.linkedin.com/in/teganmscott,-,Director Global Channel Marketing  - Industrial Division | @Graco,primary,Graco,https://www.linkedin.com/company/gracoinc,graco.com,B_dealer_channel_size_unpublished,flow_hydraulics,Anoka,MN,US
https://www.linkedin.com/in/sarah-eull-06a19155,Sarah Eull,"Director, Global Channel Marketing, Contractor Division | @Graco",primary,Graco,https://www.linkedin.com/company/gracoinc,graco.com,B_dealer_channel_size_unpublished,flow_hydraulics,St. Michael,MN,US
https://www.linkedin.com/in/anulekhas,Anulekha Shetty,Customer and Channel Marketing Leader - Industrial Automation | @Honeywell Technologies,primary,Honeywell Technologies,https://www.linkedin.com/company/honeywell,honeywell.com,B_dealer_channel_size_unpublished,hvac,دبي الإمارات العربية المتحدة,-,-
https://www.linkedin.com/in/antonellaturchiarelli,Antonella Turchiarelli,Senior Channel Marketing Manager | @Honeywell Technologies,primary,Honeywell Technologies,https://www.linkedin.com/company/honeywell,honeywell.com,B_dealer_channel_size_unpublished,hvac,Milan et périphérie,-,-
https://www.linkedin.com/in/haley-adams-batchelor-b9a71915,Haley Adams Batchelor,"Manager, Aftersales Marketing and Dealer Engagement | @Hyster-Yale Materials Handling",primary,Hyster-Yale Materials Handling,https://www.linkedin.com/company/hyster-yale-group,hyster-yale.com,B_dealer_channel_size_unpublished,material_handling,Greenville,NC,US
https://www.linkedin.com/in/emmanuelleeroglu,Emmanuelle Eroglu,Dealer Marketing Enablement Manager | @Hyster-Yale Materials Handling,primary,Hyster-Yale Materials Handling,https://www.linkedin.com/company/hyster-yale-group,hyster-yale.com,B_dealer_channel_size_unpublished,material_handling,Région métropolitaine de Francfort-sur-le-Main/Rhin,-,-
https://www.linkedin.com/in/joseph-jay-costello-8125211,Joseph (Jay) Costello,"Director, Dealer Marketing | @Hyster-Yale Materials Handling",primary,Hyster-Yale Materials Handling,https://www.linkedin.com/company/hyster-yale-group,hyster-yale.com,B_dealer_channel_size_unpublished,material_handling,Chocowinity,NC,US
https://www.linkedin.com/in/huntcourtney,Courtney Hunt,"Channel Marketing Manager, Services & Aftermarket | @Ingersoll Rand",primary,Ingersoll Rand,https://www.linkedin.com/company/ingersoll-rand,irco.com,B_dealer_channel_size_unpublished,power_equipment,Cornelius,NC,US
https://www.linkedin.com/in/morenoalexandra07,Alexandra Moreno,"Channel Marketing Manager, Champion Pneumatic | @Ingersoll Rand",primary,Ingersoll Rand,https://www.linkedin.com/company/ingersoll-rand,irco.com,B_dealer_channel_size_unpublished,power_equipment,Charlotte,NC,US
https://www.linkedin.com/in/mackenzie-liss-44072565,Mackenzie Liss,Sr. Manager - Retail/VSI Sales & Channel Marketing | @Ingersoll Rand,primary,Ingersoll Rand,https://www.linkedin.com/company/ingersoll-rand,irco.com,B_dealer_channel_size_unpublished,power_equipment,Hoboken,NJ,US
https://www.linkedin.com/in/alex-griffin-5ab26363,Alex Griffin,"General Manager, Dealer Development | @JCB North America",primary,JCB North America,https://www.linkedin.com/company/jcb-north-america,jcb.com,B_dealer_channel_size_unpublished,construction_ag,Mesa,AZ,US
https://www.linkedin.com/in/suvi-toropainen,Suvi Toropainen,Sponsored Dealer Program Manager | @JCB North America,primary,JCB North America,https://www.linkedin.com/company/jcb-north-america,jcb.com,B_dealer_channel_size_unpublished,construction_ag,Savannah,-,US
https://www.linkedin.com/in/joe-ritter-79b17528,Joe Ritter,"Director - National Field Sales & Channel Development US, Canada & Mexico | @KION North America",primary,KION North America,https://www.linkedin.com/company/kion-north-america,linde-mh.us,B_dealer_channel_size_unpublished,material_handling,Columbus,OH,US
https://www.linkedin.com/in/ron-morgan-239a6b61,Ron Morgan,Senior Manager- Dealer Business Development | @KIOTI Tractor,primary,KIOTI Tractor,https://www.linkedin.com/company/kioti-tractor,kioti.com,B_dealer_channel_size_unpublished,construction_ag,Latrobe,PA,US
https://www.linkedin.com/in/kirk-gibson-68b79210,Kirk Gibson,"Manager of Dealer Development | @Kobelco Construction Machinery USA, Inc.",primary,"Kobelco Construction Machinery Usa, Inc",https://www.linkedin.com/company/kobelco-construction-machinery-usa-inc-,kobelco-usa.com,B_dealer_channel_size_unpublished,construction_ag,Des Moines,IA,US
https://www.linkedin.com/in/stephen-barcuch-a884691,Stephen Barcuch,Vice President Sales and Dealer Development | @Kubota Tractor Corporation,primary,Kubota Tractor Corporation,https://www.linkedin.com/company/kubota-tractor-corporation,linktr.ee,B_dealer_channel_size_unpublished,construction_ag,Fort Worth,TX,US
https://www.linkedin.com/in/casey-quigg-6048331,Casey Quigg,Senior Dealer Development Manager | @Kubota Tractor Corporation,primary,Kubota Tractor Corporation,https://www.linkedin.com/company/kubota-tractor-corporation,linktr.ee,B_dealer_channel_size_unpublished,construction_ag,Dallas,-,US
https://www.linkedin.com/in/shawn-gatt-a026902b,Shawn Gatt,Channel Development Manager | @Lenze Americas Corporation,primary,Lenze Americas Corporation,https://www.linkedin.com/company/lenze-americas-corporation,lenze.com,B_dealer_channel_size_unpublished,material_handling,Detroit Metropolitan Area,MI,US
https://www.linkedin.com/in/carsonchris,Chris Carson,Channel Development Manager - Lenze Canada | @Lenze Americas Corporation,primary,Lenze Americas Corporation,https://www.linkedin.com/company/lenze-americas-corporation,lenze.com,B_dealer_channel_size_unpublished,material_handling,Ottawa et périphérie,-,-
https://www.linkedin.com/in/sheldon-smith,Sheldon Smith,Channel Development Manager | @Lenze Americas Corporation,primary,Lenze Americas Corporation,https://www.linkedin.com/company/lenze-americas-corporation,lenze.com,B_dealer_channel_size_unpublished,material_handling,Crystal Lake,IL,US
https://www.linkedin.com/in/victoria-connelly-a89093178,Victoria Connelly,"Sr. Manager, Dealer Development | @McNeilus Truck and Manufacturing, Inc.",primary,"McNeilus Truck and Manufacturing, Inc.",https://www.linkedin.com/company/mcneilus-truck-and-manufacturing-inc-,mcneiluscompanies.com,B_dealer_channel_size_unpublished,trucks_bodies,-,-,US
https://www.linkedin.com/in/sarampeters,Sara Peters,Marketing and Channel Manager | @Miller Electric Mfg. LLC,primary,Miller Electric Mfg. LLC,https://www.linkedin.com/company/millerwelders,millerwelds.com,B_dealer_channel_size_unpublished,power_equipment,-,-,US
https://www.linkedin.com/in/david-wegley-14852979,David Wegley,Channel Development Manager | @Novae,primary,Novae,https://www.linkedin.com/company/workatnovae,novae.com,B_dealer_channel_size_unpublished,trailers,Clatskanie,OR,US
https://www.linkedin.com/in/jpweber1994,"Joe Weber, MBA",Channel Marketing Manager | @Osborn,primary,Osborn,https://www.linkedin.com/company/osborn-international,osborn.com,B_dealer_channel_size_unpublished,construction_ag,Milwaukee,WI,US
https://www.linkedin.com/in/ryanlash7,Ryan Lash,Channel Marketing Manager | @Parker Hannifin,primary,Parker Hannifin,https://www.linkedin.com/company/parker-hannifin,parker.com,B_dealer_channel_size_unpublished,flow_hydraulics,Cleveland,OH,US
https://www.linkedin.com/in/diego-salazar-45185719,Diego Salazar,Director of Dealer Development | @Rosenbauer America,primary,Rosenbauer America,https://www.linkedin.com/company/rosenbauer-america,rosenbaueramerica.com,B_dealer_channel_size_unpublished,trucks_bodies,São Paulo et périphérie,-,-
https://www.linkedin.com/in/mike-schoenberger-87612564,Mike Schoenberger,Director of Dealer Development | @Rosenbauer America,primary,Rosenbauer America,https://www.linkedin.com/company/rosenbauer-america,rosenbaueramerica.com,B_dealer_channel_size_unpublished,trucks_bodies,Wyoming,MN,US
https://www.linkedin.com/in/nathansampler,Nathan Sampler,"Vice President, Dealer Development | @SANY America",primary,SANY America,https://www.linkedin.com/company/sany-america,sanyamerica.com,B_dealer_channel_size_unpublished,construction_ag,Gulf Breeze,FL,US
https://www.linkedin.com/in/cory-mahn-1972a67,Cory Mahn,Channel Partner Program Manager | @TMEIC,primary,TMEIC,https://www.linkedin.com/company/tmeic,tmeic.com,B_dealer_channel_size_unpublished,power_equipment,Gilbert,AZ,US
https://www.linkedin.com/in/krsomesh,-,Global Channel Marketing Lead & Branding & Promotion Manager – India | @Tecumseh,primary,Tecumseh,https://www.linkedin.com/company/tecumseh,tecumseh.com,B_dealer_channel_size_unpublished,hvac,-,-,-
https://www.linkedin.com/in/lucas-craig-4b03b245,Lucas Craig,Heil Dealer Development Manager | @Terex Corporation,primary,Terex Corporation,https://www.linkedin.com/company/terex,terex.com,B_dealer_channel_size_unpublished,construction_ag,Detroit Metropolitan Area,MI,US
https://www.linkedin.com/in/jim-barr-4708611,Jim Barr,VP Global Channel Development | @Terex Corporation,primary,Terex Corporation,https://www.linkedin.com/company/terex,terex.com,B_dealer_channel_size_unpublished,construction_ag,Seattle,WA,US
https://www.linkedin.com/in/morgan-ledermann,Morgan Watchous,"Director, Homeowner Channel Marketing | @Trane Technologies",primary,Trane Technologies,https://www.linkedin.com/company/tranetechnologies,tranetechnologies.com,B_dealer_channel_size_unpublished,hvac,Lake St Louis,MO,US
https://www.linkedin.com/in/lisa-stovel-076b005,Lisa Stovel,"E-commerce Merchandising & Channel Development Manager, Supply | @Trane Technologies",primary,Trane Technologies,https://www.linkedin.com/company/tranetechnologies,tranetechnologies.com,B_dealer_channel_size_unpublished,hvac,Charlotte,-,US
https://www.linkedin.com/in/dottie-johnson-43b7a473,Dottie Johnson,Dealer Experience Manager | @Trane Technologies,primary,Trane Technologies,https://www.linkedin.com/company/tranetechnologies,tranetechnologies.com,B_dealer_channel_size_unpublished,hvac,Columbus,OH,US
https://www.linkedin.com/in/markbarry713,Mark Barry,Sr. Director of Channel Sales and Business Development | @Twin City Fan & Blower,primary,Twin City Fan & Blower,https://www.linkedin.com/company/twin-city-fan-blower,tcf.com,B_dealer_channel_size_unpublished,hvac,New York,NY,US
https://www.linkedin.com/in/corey-thomas-84b90364,Corey Thomas,Dealer Development Manager | @Ventrac,primary,Ventrac,https://www.linkedin.com/company/ventrac,ventrac.com,B_dealer_channel_size_unpublished,construction_ag,Nashville,-,US
https://www.linkedin.com/in/artpetrone,Art Petrone,Dealer Development Manager | @Ventrac,primary,Ventrac,https://www.linkedin.com/company/ventrac,ventrac.com,B_dealer_channel_size_unpublished,construction_ag,New York,NY,US
https://www.linkedin.com/in/aaroninsel,-,"Senior Marketing Leader / Manager, Channel Marketing | @Watts Water Technologies",primary,Watts Water Technologies,https://www.linkedin.com/company/wattswater,watts.com,B_dealer_channel_size_unpublished,hvac,-,-,-
https://www.linkedin.com/in/burt-coats-6aa18315,Burt Coats,Channel Sales Manager | @80/20,secondary,80/20 LLC,https://www.linkedin.com/company/80-20-llc,8020.net,B_dealer_channel_size_unpublished,material_handling,Holly Springs,NC,US
https://www.linkedin.com/in/nik-krueger-14043572,Nik Krueger,Channel Marketing Manger - Ariens Brand | @AriensCo,secondary,AriensCo,https://www.linkedin.com/company/ariensco,ariensco.com,B_dealer_channel_size_unpublished,power_equipment,Appleton,WI,US
https://www.linkedin.com/in/adam-langley-b04b79188,Adam Langley,Senior Manager Dealer Acquisition | @AriensCo,secondary,AriensCo,https://www.linkedin.com/company/ariensco,ariensco.com,B_dealer_channel_size_unpublished,power_equipment,Cordele,GA,US
https://www.linkedin.com/in/todd-thomas-0a092874,Todd Thomas,Territory Manager - Channel Sales | @Ashcroft Inc.,secondary,Ashcroft Inc.,https://www.linkedin.com/company/ashcroft-inc-,ashcroft.com,B_dealer_channel_size_unpublished,flow_hydraulics,Houston,TX,US
https://www.linkedin.com/in/bob-divita-a8459341,Bob DiVita,Director of Channel Sales - North America | @Ashcroft Inc.,secondary,Ashcroft Inc.,https://www.linkedin.com/company/ashcroft-inc-,ashcroft.com,B_dealer_channel_size_unpublished,flow_hydraulics,Shelton,CT,US
https://www.linkedin.com/in/kyle-anderson-5b2879301,Kyle Anderson,Channel Sales Manager | @Ati Motors,secondary,Ati Motors,https://www.linkedin.com/company/ati-robotics,atimotors.com,B_dealer_channel_size_unpublished,power_equipment,San Antonio,TX,US
https://www.linkedin.com/in/juanmikesantoy,Juan Santoy,National Dealer Sales Manager | @Autocar Trucks,secondary,Autocar Trucks,https://www.linkedin.com/company/autocar,autocartruck.com,B_dealer_channel_size_unpublished,trucks_bodies,Bluffton,SC,US
https://www.linkedin.com/in/jeffreyjsandrock,Jeffrey J. Sandrock,"OE/Dealer Accessories Business Manager | @Bestop, Inc.",secondary,"Bestop, Inc.",https://www.linkedin.com/company/bestop-inc,bestop.com,B_dealer_channel_size_unpublished,trucks_bodies,Youngstown,OH,US
https://www.linkedin.com/in/ritu-poudel-650172218,Ritu Poudel,Dealer Manager | @CFMOTO USA,secondary,CFMOTO USA,https://www.linkedin.com/company/cfmoto-usa,cfmotousa.com,B_dealer_channel_size_unpublished,power_equipment,Houston,TX,US
https://www.linkedin.com/in/ravjeet-rawal,Ravjeet Rawal,"National Channel Sales Manager | @CIRCOR International, Inc.",secondary,"CIRCOR International, Inc.",https://www.linkedin.com/company/circor-international-inc-,circor.com,B_dealer_channel_size_unpublished,flow_hydraulics,Mississauga,ON,CA
https://www.linkedin.com/in/steve-thompson-35614b31,Steve Thompson,"Channel Sales Manager | @CIRCOR International, Inc.",secondary,"CIRCOR International, Inc.",https://www.linkedin.com/company/circor-international-inc-,circor.com,B_dealer_channel_size_unpublished,flow_hydraulics,Monroe,NC,US
https://www.linkedin.com/in/william-dennis-65a38a159,William Dennis,Texas Service Sales & Dealer Development | @CK Power,secondary,CK Power,https://www.linkedin.com/company/ck-power,ckpower.com,B_dealer_channel_size_unpublished,power_equipment,Dallas,-,US
https://www.linkedin.com/in/jennifer-gillespie-986054135,Jennifer Gillespie,Dealer Sales Administration Manager | @CLARK Material Handling Company,secondary,CLARK Material Handling Company,https://www.linkedin.com/company/clark-material-handling-co-,clarkmhc.com,B_dealer_channel_size_unpublished,material_handling,Dallas,-,US
https://www.linkedin.com/in/benjamin-klawitter,Benjamin Klawitter,Research And Development Engineer (Co-op) | @Cold Jet,secondary,Cold Jet,https://www.linkedin.com/company/cold-jet,coldjet.com,B_dealer_channel_size_unpublished,power_equipment,Cincinnati,OH,US
https://www.linkedin.com/in/james-devine-86a1a51b,James Devine,Channel Sales Manager | @Columbus McKinnon,secondary,Columbus McKinnon,https://www.linkedin.com/company/columbus-mckinnon,columbusmckinnon.com,B_dealer_channel_size_unpublished,material_handling,Edmonton,AB,CA
https://www.linkedin.com/in/%e5%bf%a0%e9%98%b3-%e4%bb%bb-509812105,忠阳 任,Senior Channel Sales Manager | @Columbus McKinnon,secondary,Columbus McKinnon,https://www.linkedin.com/company/columbus-mckinnon,columbusmckinnon.com,B_dealer_channel_size_unpublished,material_handling,中国 天津市 津南区,-,-
https://www.linkedin.com/in/andy-montgomery-25099452,Andy Montgomery,Channel Sales Manager | @Columbus McKinnon,secondary,Columbus McKinnon,https://www.linkedin.com/company/columbus-mckinnon,columbusmckinnon.com,B_dealer_channel_size_unpublished,material_handling,Chalfont,PA,US
https://www.linkedin.com/in/shantal-maharaj,Shantal Maharaj,Engineering Co-op Manager | @Crane Pumps & Systems,secondary,Crane Pumps & Systems,https://www.linkedin.com/company/crane-pumps-&-systemss,cranepumps.com,B_dealer_channel_size_unpublished,flow_hydraulics,-,-,-
https://www.linkedin.com/in/joel-knoepfel-32877314b,Joel Knoepfel,Distributor Support Manager - Southwest Region | @Crosby,secondary,Crosby,https://www.linkedin.com/company/thecrosbygroup,kitocrosby.com,B_dealer_channel_size_unpublished,flow_hydraulics,Tulsa,-,US
https://www.linkedin.com/in/ed-williams-91a63a7,Ed Williams,Distributor Support Manager | @Crosby,secondary,Crosby,https://www.linkedin.com/company/thecrosbygroup,kitocrosby.com,B_dealer_channel_size_unpublished,flow_hydraulics,Tulsa,OK,US
https://www.linkedin.com/in/s-t-chin-a5b6b246,S.T. Chin,"COO / VP, AP Business Unit (Daikin Taiwan Distributor) | @Daikin Applied Americas",secondary,Daikin Applied Americas,https://www.linkedin.com/company/daikin-applied,daikinapplied.com,B_dealer_channel_size_unpublished,hvac,Minneapolis,MN,US
https://www.linkedin.com/in/danehenderson,Dane Henderson,Channel Marketing Specialist | @Daikin Applied Americas,secondary,Daikin Applied Americas,https://www.linkedin.com/company/daikin-applied,daikinapplied.com,B_dealer_channel_size_unpublished,hvac,Rogers,MN,US
https://www.linkedin.com/in/hannah-hutchison,Hannah Hutchison,"Channel Marketing Specialist | @Douglas Dynamics, Inc.",secondary,"Douglas Dynamics, Inc.",https://www.linkedin.com/company/douglas-dynamics-inc.,douglasdynamics.com,B_dealer_channel_size_unpublished,trucks_bodies,Milwaukee,-,US
https://www.linkedin.com/in/dee-lott-73984212,Dee Lott,Dealer Support Manager | @E-ONE,secondary,E-ONE,https://www.linkedin.com/company/e-one,e-one.com,B_dealer_channel_size_unpublished,trucks_bodies,Fort McCoy,FL,US
https://www.linkedin.com/in/nue-xiong-22192987,Nue Xiong,Channel Development Specialist | @ELGi North America,secondary,ELGi North America,https://www.linkedin.com/company/elginorthamerica,elgi.us,B_dealer_channel_size_unpublished,power_equipment,-,-,-
https://www.linkedin.com/in/kevin-covey-b7a1bb51,Kevin Covey,General Manager of Dealer Operations | @Equipment Technologies,secondary,Equipment Technologies,https://www.linkedin.com/company/equipment-technologies,etsprayers.com,B_dealer_channel_size_unpublished,construction_ag,Mooresville,IN,US
https://www.linkedin.com/in/greg-owen-077b8b3,Greg Owen,Channel Partner Manager | @FS-Elliott,secondary,FS-Elliott,https://www.linkedin.com/company/fs-elliott,fs-elliott.com,B_dealer_channel_size_unpublished,power_equipment,Hamilton,OH,US
https://www.linkedin.com/in/david-imiola-97092227,David Imiola,Channel Partner Manager | @FS-Elliott,secondary,FS-Elliott,https://www.linkedin.com/company/fs-elliott,fs-elliott.com,B_dealer_channel_size_unpublished,power_equipment,Hamburg,NY,US
https://www.linkedin.com/in/eduardo-toledo-045a8691,Eduardo Toledo,Channel Partner Engineer and Sales Manager | @FS-Elliott,secondary,FS-Elliott,https://www.linkedin.com/company/fs-elliott,fs-elliott.com,B_dealer_channel_size_unpublished,power_equipment,Buffalo,NY,US
https://www.linkedin.com/in/joshua-guerra-424b3a4a,Joshua Guerra,Area Distributor Manager - Southwest USA | @Flowserve Corporation,secondary,Flowserve Corporation,https://www.linkedin.com/company/flowserve,flowserve.com,B_dealer_channel_size_unpublished,flow_hydraulics,Crestline,CA,US
https://www.linkedin.com/in/craig-l-brown,Craig Brown,Sr. Director - Sales Distribution & Channel Partners - Americas | @Flowserve Corporation,secondary,Flowserve Corporation,https://www.linkedin.com/company/flowserve,flowserve.com,B_dealer_channel_size_unpublished,flow_hydraulics,-,-,US
https://www.linkedin.com/in/mikepedue,Mike Pedue,"Dealer Relations Manager | @Forest River, Inc.®",secondary,"Forest River, Inc",https://www.linkedin.com/company/forest-river-inc.,forestriverinc.com,B_dealer_channel_size_unpublished,rv,Elkhart County,IN,US
https://www.linkedin.com/in/grasieooi,Grasie O.,Global Distributor Forecasting and Planning Manager /Analytics & Reporting | @Fox Factory,secondary,Fox Factory,https://www.linkedin.com/company/foxfactory,ridefox.com,B_dealer_channel_size_unpublished,power_equipment,Santa Cruz,CA,US
https://www.linkedin.com/in/brandon-thomson-71420052,Brandon Thomson,"Director, Global Distributor Sales | @Fox Factory",secondary,Fox Factory,https://www.linkedin.com/company/foxfactory,ridefox.com,B_dealer_channel_size_unpublished,power_equipment,-,-,-
https://www.linkedin.com/in/nlbender,Nathan Bender,Dealer Development Representative | @Fox Factory,secondary,Fox Factory,https://www.linkedin.com/company/foxfactory,ridefox.com,B_dealer_channel_size_unpublished,power_equipment,-,-,-
https://www.linkedin.com/in/leannehobbs,"Leanne Hobbs-Johnson, MBA",Senior Distributor Development Specialist | @Gardner Denver,secondary,Gardner Denver,https://www.linkedin.com/company/gardner-denver,gardnerdenver.com,B_dealer_channel_size_unpublished,power_equipment,Quincy,IL,US
https://www.linkedin.com/in/halle-losson,Halle Losson,Distributor Development Specialist | @Gardner Denver,secondary,Gardner Denver,https://www.linkedin.com/company/gardner-denver,gardnerdenver.com,B_dealer_channel_size_unpublished,power_equipment,Columbia,MO,US
https://www.linkedin.com/in/michael-droege-026b8237,Michael Droege,Director - Channel Sales | @Gast,secondary,Gast,https://www.linkedin.com/company/gast-manufacturing-inc,gastmfg.com,B_dealer_channel_size_unpublished,power_equipment,Plymouth,WI,US
https://www.linkedin.com/in/adam-mitchell-b914985a,Adam Mitchell,"Genie Dealer Manager UK, Ireland, Denmark and Iceland | @Genie",secondary,Genie,https://www.linkedin.com/company/genielift,genielift.com,B_dealer_channel_size_unpublished,construction_ag,Sheffield et périphérie,-,-
https://www.linkedin.com/in/michaelhardygtc,Michael H.,Vice President Of Channel Sales | @Goodway Technologies,secondary,Goodway Technologies,https://www.linkedin.com/company/goodway-technologies,goodway.com,B_dealer_channel_size_unpublished,hvac,Stamford,CT,US
https://www.linkedin.com/in/michael-henley-fl,Michael Henley Fl,Channel Sales Manager | @Gorbel,secondary,Gorbel Inc.,https://www.linkedin.com/company/gorbel,gorbel.com,B_dealer_channel_size_unpublished,material_handling,DeBary,FL,US
https://www.linkedin.com/in/dave-andraschko-4155921a,Dave Andraschko,Sales Channel Manager | @Greenheck,secondary,Greenheck,https://www.linkedin.com/company/greenheck,greenheck.com,B_dealer_channel_size_unpublished,hvac,Schofield,WI,US
https://www.linkedin.com/in/will-budleski-b86023320,Will Budleski,Product Development Engineering Co-Op | @Greenheck,secondary,Greenheck,https://www.linkedin.com/company/greenheck,greenheck.com,B_dealer_channel_size_unpublished,hvac,Hatley,WI,US
https://www.linkedin.com/in/andy-jackson-715b5b68,Andy Jackson,Sales Channel Manager | @Greenheck,secondary,Greenheck,https://www.linkedin.com/company/greenheck,greenheck.com,B_dealer_channel_size_unpublished,hvac,Marathon County,WI,US
https://www.linkedin.com/in/ryan-o-connell-58976b214,Ryan O'Connell,Senior Marketing Specialist - Distributor Ecommerce | @Harvey Performance Company,secondary,Harvey Performance Company,https://www.linkedin.com/company/harveyperformance,harveyperformance.com,B_dealer_channel_size_unpublished,power_equipment,Salem,MA,US
https://www.linkedin.com/in/omar-abu-daqa-ab535b87,OMAR ABU DAQA,Lead channel sales Rep - META Fire | @Honeywell Technologies,secondary,Honeywell Technologies,https://www.linkedin.com/company/honeywell,honeywell.com,B_dealer_channel_size_unpublished,hvac,الرياض الرياض السعودية,-,-
https://www.linkedin.com/in/jessica-liu0111a,Jessica Liu,"AI Development Co-op | @Hurco Companies, Inc.",secondary,"Hurco Companies, Inc.",https://www.linkedin.com/company/hurco-companies-inc-,hurco.com,B_dealer_channel_size_unpublished,construction_ag,Waterloo,ON,CA
https://www.linkedin.com/in/katie-weiler-81837211,Katie Weiler,Channel Marketing Specialist | @HydraForce Inc.,secondary,Hydraforce Inc,https://www.linkedin.com/company/hydraforce-inc-,hydraforce.com,B_dealer_channel_size_unpublished,flow_hydraulics,Chicago,-,US
https://www.linkedin.com/in/daniel-cristo-66031843,Daniel Cristo,Region Channel Sales Manager | @HydraForce Inc.,secondary,Hydraforce Inc,https://www.linkedin.com/company/hydraforce-inc-,hydraforce.com,B_dealer_channel_size_unpublished,flow_hydraulics,-,-,-
https://www.linkedin.com/in/sharon-benzenberg-b4768984,Sharon Benzenberg,Dealer Development Coordinator | @KION North America,secondary,KION North America,https://www.linkedin.com/company/kion-north-america,linde-mh.us,B_dealer_channel_size_unpublished,material_handling,Summerville,SC,US
https://www.linkedin.com/in/noah-lassiter-b1aa42255,Noah Lassiter,Dealer Development Supervisor | @KIOTI Tractor,secondary,KIOTI Tractor,https://www.linkedin.com/company/kioti-tractor,kioti.com,B_dealer_channel_size_unpublished,construction_ag,Raleigh,NC,US
https://www.linkedin.com/in/andy-wargo-43482a109,Andy Wargo,"Manager, Distributor Sales/Ecommerce | @Lincoln Electric",secondary,Lincoln Electric,https://www.linkedin.com/company/lincoln-electric,lincolnelectric.com,B_dealer_channel_size_unpublished,power_equipment,-,-,US
https://www.linkedin.com/in/bernie-beaudoin-2b650446,Bernie Beaudoin,Director of Industrial Distributor Sales & Web Strategy | @Lincoln Electric,secondary,Lincoln Electric,https://www.linkedin.com/company/lincoln-electric,lincolnelectric.com,B_dealer_channel_size_unpublished,power_equipment,Cleveland,OH,US
https://www.linkedin.com/in/brandoncongreve,Brandon Congreve,Director of Dealer/Upfitter Distribution | @Masterack,secondary,Masterack,https://www.linkedin.com/company/masterack,masterack.com,B_dealer_channel_size_unpublished,trucks_bodies,Atlanta,GA,US
https://www.linkedin.com/in/jeff-allen-81450ba8,Jeff Allen,"Dealer Territory Manager | @McNeilus Truck and Manufacturing, Inc.",secondary,"McNeilus Truck and Manufacturing, Inc.",https://www.linkedin.com/company/mcneilus-truck-and-manufacturing-inc-,mcneiluscompanies.com,B_dealer_channel_size_unpublished,trucks_bodies,North Salt Lake,UT,US
https://www.linkedin.com/in/jason-nelson-70b67739,Jason Nelson,"Dealer Territory Manager | @McNeilus Truck and Manufacturing, Inc.",secondary,"McNeilus Truck and Manufacturing, Inc.",https://www.linkedin.com/company/mcneilus-truck-and-manufacturing-inc-,mcneiluscompanies.com,B_dealer_channel_size_unpublished,trucks_bodies,Zumbrota,MN,US
https://www.linkedin.com/in/jamescameronci,-,Dealer Support Manager | @MEC Aerial Work Platforms,secondary,Mec Aerial Work Platforms,https://www.linkedin.com/company/mecawp,mecawp.com,B_dealer_channel_size_unpublished,construction_ag,Little Elm,TX,US
https://www.linkedin.com/in/james-kurtz-370a5a92,james kurtz,Dealer Support Manager | @MEC Aerial Work Platforms,secondary,Mec Aerial Work Platforms,https://www.linkedin.com/company/mecawp,mecawp.com,B_dealer_channel_size_unpublished,construction_ag,Cambridge,ON,CA
https://www.linkedin.com/in/travis-holland-8850396b,Travis Holland,Channel Sales Manager | @Mi-T-M Corporation,secondary,Mi-T-M Corporation,https://www.linkedin.com/company/mi-t-m-corporation,mitm.com,B_dealer_channel_size_unpublished,power_equipment,Nashville,-,US
https://www.linkedin.com/in/matt-hoefer-49653029,Matt Hoefer,Director of Channel Sales & Support | @Mi-T-M Corporation,secondary,Mi-T-M Corporation,https://www.linkedin.com/company/mi-t-m-corporation,mitm.com,B_dealer_channel_size_unpublished,power_equipment,Peosta,IA,US
https://www.linkedin.com/in/beau-schoenbaechler-44286ab6,Beau Schoenbaechler,"Channel Sales Manager, Online & Storefront | @Mi-T-M Corporation",secondary,Mi-T-M Corporation,https://www.linkedin.com/company/mi-t-m-corporation,mitm.com,B_dealer_channel_size_unpublished,power_equipment,Louisville,KY,US
https://www.linkedin.com/in/kyle-mclaughlin-0221246b,Kyle McLaughlin,Vice President of Corporate Van Body Accounts and Distributor Sales. | @Mickey Truck Bodies,secondary,Mickey Truck Bodies,https://www.linkedin.com/company/mickeytruckbodies,mickeybody.com,B_dealer_channel_size_unpublished,trucks_bodies,High Point,NC,US
https://www.linkedin.com/in/ronald-v-woods,Ronald Woods,"Channel Sales Manager- Farm/Ag & Hardware | @Milton Industries, Inc.",secondary,Milton Industries,https://www.linkedin.com/company/milton-industries-inc-,miltonindustries.com,B_dealer_channel_size_unpublished,flow_hydraulics,Naperville,IL,US
https://www.linkedin.com/in/peter-nederlof-4221b98,Peter Nederlof,"Sr. Account Manager Channel Partner Team - Nordics, Benelux , Israel | @Pall - Energy+",secondary,Pall - Energy,https://www.linkedin.com/company/pall-energy,pall.com,B_dealer_channel_size_unpublished,flow_hydraulics,Randstad,-,-
https://www.linkedin.com/in/nawaz-kathwari-46613238,Nawaz Kathwari,"Country Sales Manager/ Distributor Manager KSA, Kuwait & Bahrain | @Parker Hannifin",secondary,Parker Hannifin,https://www.linkedin.com/company/parker-hannifin,parker.com,B_dealer_channel_size_unpublished,flow_hydraulics,دبي الإمارات العربية المتحدة,-,-
https://www.linkedin.com/in/aaron-whitney-3076131a,Aaron Whitney,"Dealer Development Specialist | @S&S Cycle, Inc.",secondary,"S&s Cycle, Inc",https://www.linkedin.com/company/sscycle,sscycle.com,B_dealer_channel_size_unpublished,power_equipment,Fort Worth,TX,US
https://www.linkedin.com/in/jake-niehaus-057bb12a4,Jake Niehaus,"S&S Cycle Product Development Co-op | @S&S Cycle, Inc.",secondary,"S&s Cycle, Inc",https://www.linkedin.com/company/sscycle,sscycle.com,B_dealer_channel_size_unpublished,power_equipment,Fenton,MO,US
https://www.linkedin.com/in/donald-k-44ba252b,Donald K.,Channel Sales Leader | @SPX Technologies,secondary,SPX Technologies,https://www.linkedin.com/company/spx-technologies,spx.com,B_dealer_channel_size_unpublished,hvac,Nashville,-,US
https://www.linkedin.com/in/george-wilcox-73a5282a,George Wilcox,Channel Sales Manager | @Superior Industries Inc,secondary,Superior Industries Inc,https://www.linkedin.com/company/superiorindustries,superior-ind.com,B_dealer_channel_size_unpublished,material_handling,Avon Lake,OH,US
https://www.linkedin.com/in/brian-mcknight-83413a2,Brian McKnight,Manager of Distributor Solutions and eCommerce | @Swagelok,secondary,Swagelok,https://www.linkedin.com/company/swagelok,swagelok.com,B_dealer_channel_size_unpublished,flow_hydraulics,Solon,OH,US
https://www.linkedin.com/in/sylvie-bon-1413199,Sylvie Bon,"VP, distributor support services | @Swagelok",secondary,Swagelok,https://www.linkedin.com/company/swagelok,swagelok.com,B_dealer_channel_size_unpublished,flow_hydraulics,Chardon,OH,US
https://www.linkedin.com/in/scott-baker-3bb6262,Scott Baker,Sales Manager - Channel Partners | @TMEIC,secondary,TMEIC,https://www.linkedin.com/company/tmeic,tmeic.com,B_dealer_channel_size_unpublished,power_equipment,Liberty Hill,TX,US
https://www.linkedin.com/in/joe-crilly-741079a,Joe Crilly,Sales Manager- Channel Partners- Eastern US | @TMEIC,secondary,TMEIC,https://www.linkedin.com/company/tmeic,tmeic.com,B_dealer_channel_size_unpublished,power_equipment,Toms River,NJ,US
https://www.linkedin.com/in/mike-brown-14aab647,Mike Brown,Dealer Development | @The Grasshopper Company,secondary,The Grasshopper Company,https://www.linkedin.com/company/the-grasshopper-company,grasshoppermower.com,B_dealer_channel_size_unpublished,power_equipment,Lowell,AR,US
https://www.linkedin.com/in/kurt-kizewski-6650b7b,Kurt Kizewski,Dealer Sales Office Manager | @Trane,secondary,Trane,https://www.linkedin.com/company/trane,trane.com,B_dealer_channel_size_unpublished,hvac,Woodland Park,CO,US
https://www.linkedin.com/in/chuck-defrancisco-3368108,Chuck DeFrancisco,Dealer Sales Office Manager | @Trane,secondary,Trane,https://www.linkedin.com/company/trane,trane.com,B_dealer_channel_size_unpublished,hvac,Tempe,AZ,US
https://www.linkedin.com/in/angel-trujillo-zatarain-790180146,Angel Trujillo,Account Manager Dealer Channel | @Trane,secondary,Trane,https://www.linkedin.com/company/trane,trane.com,B_dealer_channel_size_unpublished,hvac,-,-,-
https://www.linkedin.com/in/keith-mineo-a993752a,Keith Mineo,Sales Manager - Channel Account Management | @Twin City Fan & Blower,secondary,Twin City Fan & Blower,https://www.linkedin.com/company/twin-city-fan-blower,tcf.com,B_dealer_channel_size_unpublished,hvac,-,-,-
https://www.linkedin.com/in/bob-novak-760b4710,Bob Novak,Key Account Manager and NE Distributor Sales | @Unarco Material Handling,secondary,Unarco Material Handling,https://www.linkedin.com/company/unarco-material-handling,unarcorack.com,B_dealer_channel_size_unpublished,material_handling,Newark,DE,US
https://www.linkedin.com/in/jennifermehaffey,Jennifer Mehaffey,Marketing Specialist - Dealer & Commercial Engagement | @Valley Irrigation - A Valmont Company,secondary,Valley Irrigation - A Valmont Company,https://www.linkedin.com/company/valley-irrigation,valleyirrigation.com,B_dealer_channel_size_unpublished,construction_ag,-,-,US
https://www.linkedin.com/in/christopher-anderson-2a3414169,Christopher Anderson,Product Manager - Dealer Tools | @Valley Irrigation - A Valmont Company,secondary,Valley Irrigation - A Valmont Company,https://www.linkedin.com/company/valley-irrigation,valleyirrigation.com,B_dealer_channel_size_unpublished,construction_ag,-,-,US
https://www.linkedin.com/in/benidiktus-y-735a4959,Benidiktus Y.,Manager Channel Partner Sales I | @WIDIA,secondary,WIDIA,https://www.linkedin.com/company/widiatools,widia.com,B_dealer_channel_size_unpublished,power_equipment,Jakarta Metropolitan Area,-,-
https://www.linkedin.com/in/christopher-seeley-cpsc-1b9a3122,"Christopher Seeley, CPSC",Senior Channel Sales Engineer - Industrials (Northeast Regional Sales Manager) | @Watlow,secondary,Watlow,https://www.linkedin.com/company/watlow,watlow.com,B_dealer_channel_size_unpublished,flow_hydraulics,Horseheads,NY,US
https://www.linkedin.com/in/alex-crespo-743369311,Alex Crespo,Research and Development Engineering Co-Op | @Watts Water Technologies,secondary,Watts Water Technologies,https://www.linkedin.com/company/wattswater,watts.com,B_dealer_channel_size_unpublished,hvac,Ashburn,VA,US
