company_name,domain,company_linkedin_url,hq_country,role,vertical,channel,dealer_locations,dealer_companies,locator_url,confidence,evidence
ODE | Solenoid Valves,ode.it,https://www.linkedin.com/company/odesolenoidvalves,IT,OEM,flow_hydraulics,mixed,45,25,-,low,"Sales network in Italy, Europe, Extra-Europe; contact required for distributor list"
Primus bvba,primuslaundry.com,https://www.linkedin.com/company/primus-bvba,BE,OEM,none,independent_dealers,0,0,-,medium,"Laundry equipment manufacturer, not in VNTANA campaign verticals; 635 partners global"
King Lifting,kinglifting.co.uk,https://www.linkedin.com/company/king-lifting,GB,OTHER,none,unknown,0,0,-,high,"Crane hire service provider, not OEM or dealer of products"
UK Cylinders Ltd,ukcylinders.co.uk,https://www.linkedin.com/company/ukcylinders,GB,OEM,none,mixed,120,40,-,low,Heat pump cylinders via national merchants; no vertical fit; contact for locator
PIUSI,piusi.com,https://www.linkedin.com/company/piusi-spa,IT,OEM,flow_hydraulics,independent_dealers,85,35,-,medium,Pumps/dispensing equipment; distributed in 120+ countries; UK Centre Tank official distributor
SEMPERIT AG,semperitgroup.com,https://www.linkedin.com/company/semperit-ag,AT,OEM,flow_hydraulics,mixed,50,25,-,low,"Hydraulic hoses; 22 production facilities; distributors in Poland, UK, Europe identified"
SKF Lubrication,jsgindustrial.com,https://www.linkedin.com/company/skf-lubrication,DE,OEM,flow_hydraulics,independent_dealers,200,75,-,medium,"Lubrication systems; 17,000 distributors globally; Germany Vogel Gruppe, multiple branches"
Rwg Uk Ltd,rwgroup.com,https://www.linkedin.com/company/rwg-uk-ltd,GB,DEALER,none,direct,0,0,-,high,Siemens Energy turbine service/repair provider in Aberdeen; maintenance not manufacturing
Wuba Uk,keepmeglass.co.uk,https://www.linkedin.com/company/wuba-uk,GB,DEALER,none,unknown,0,0,-,high,Fragrance pump distributor; not industrial equipment; outside campaign scope
GH Induction Global,ghinduction.com,https://www.linkedin.com/company/gh-induction,ES,OEM,none,direct,0,0,-,high,Induction heating equipment; direct sales; no dealer network; not in campaign verticals
Vita Talalay,vitatalalay.com,https://www.linkedin.com/company/vita-talalay,NL,OEM,none,independent_dealers,8,5,-,low,Latex foam manufacturer; bedding material; Auping Plaza Eindhoven; not campaign relevant
Mahr Metering Systems,mahrusa.com,https://www.linkedin.com/company/mahr-metering-systems,DE,OEM,flow_hydraulics,independent_dealers,55,30,https://metering.mahr.com/en-int/company/worldwide,medium,Metering systems; 39 dealerships worldwide; 20 locations; Germany-based headquarters
SBE,sbe-engineering.com,https://www.linkedin.com/company/sbe-expertsatplay,BE,OTHER,none,unknown,0,0,-,high,Engineering consultancy firm; not OEM or dealer of products
Clivet SpA,clivet.com,https://www.linkedin.com/company/clivet-spa,IT,OEM,hvac,independent_dealers,120,65,https://www.clivet.com/en/professionals/installer-dealers,medium,HVAC systems; installer-dealers locator 209 total; Italy 35 agencies + 160 centers + 260 dealers
Wolters Kluwer - Financial Services Solutions,wolterskluwer.com,https://www.linkedin.com/company/wolterskluwerfs,GB,OTHER,none,unknown,0,0,-,high,Software/publishing financial services; not equipment manufacturer or dealer
Forges de Courcelles,forges-courcelles.fr,https://www.linkedin.com/company/forges-de-courcelles,FR,OEM,none,direct,0,0,-,high,"Manufacturer of forged automotive components, sells direct to OEMs; no dealer network"
Bauer Gear Motor,bauergears.com,https://www.linkedin.com/company/bauer-gear-motor,DE,OEM,power_equipment,independent_dealers,12,8,https://www.bauergears.com/en/distributor-locator,medium,"Distributor locator page lists sales offices in Germany, Belgium, France, Netherlands, Finland, UK, Italy, Slovakia"
Global AGV,global-agv.com,https://www.linkedin.com/company/global-agv,DK,OEM,material_handling,independent_dealers,0,0,https://www.global-agv.com/about-us/become-a-dealer/,low,Become a dealer page exists but no published European network size or dealer locator found
ABHI,abhi.org.uk,https://www.linkedin.com/company/abhi,GB,OTHER,none,unknown,0,0,-,high,"ABHI is HealthTech trade association, not a manufacturer or dealer with distribution channels"
Flex Precision Plastics Solutions (Switzerland) AG,flex.swiss,https://www.linkedin.com/company/flex-switzerland,CH,OEM,none,direct,0,0,-,high,Flex manufactures precision plastics directly for leading global brands; no dealer network
Igranic Control Systems Ltd,gb.com,https://www.linkedin.com/company/igranic-control-systems-ltd,GB,OEM,none,direct,0,0,-,high,Manufacturer of industrial control systems and switchgear; serves industrial customers directly
IWN GmbH & Co KG,iwn.de,https://www.linkedin.com/company/iwn-gmbh-co-kg,DE,OEM,none,direct,0,0,-,high,Precision contract manufacturer of turned and milled parts; serves customers directly
Unical AG SpA,unicalag.it,https://www.linkedin.com/company/unical-ag-spa,IT,OEM,hvac,independent_dealers,25,12,-,low,"Distributor network in Italy (Qui Unical dealer chain), Spain, UK, France, Poland, Germany; exact EU count not published"
Teip Mantes Compresseurs Ged Sas,g-e-d.fr,https://www.linkedin.com/company/teip-mantes-ged-sas,FR,DEALER,none,mixed,0,0,-,high,"GED SAS is electrical and electromechanical service provider and dealer, not OEM with dealer network"
Central Tyre,central-tyre.com,https://www.linkedin.com/company/central-tyreuk,GB,DEALER,none,direct,29,1,-,high,Central Tyre operates 29 own commercial/agricultural tyre centres in UK; no independent dealer network
IMI Process Automation,imi-critical.com,https://www.linkedin.com/company/imi-process-automation,GB,OEM,flow_hydraulics,unknown,0,0,-,low,Manufacturer with 16 product brands and European operations; distributor network details not published
JASO Group,grupojaso.com,https://www.linkedin.com/company/jaso-group,ES,OEM,material_handling,independent_dealers,0,0,https://jasoindustrial.com/en-us/distributor/,low,Global distributor program exists across 70+ countries but Europe-specific network size not disclosed
Dunlop Hiflex,dunlophiflex.com,https://www.linkedin.com/company/dunlophiflex,SE,OEM,flow_hydraulics,mixed,32,15,-,medium,"14 branches Finland, 2 Estonia, plus distributors in Denmark, Netherlands, Greece, Sweden, Norway"
AMC CYLINDER HEADS,amc.es,https://www.linkedin.com/company/amc-cylinder-heads-culatas-premium-quality-calidad-premium,ES,OEM,none,independent_dealers,0,0,-,low,Manufacturer with distributors across 72 countries and 5 continents; Europe-specific count not published
Rada Controls,radacontrols.com,https://www.linkedin.com/company/rada-controls,GB,OEM,none,independent_dealers,18,12,https://www.radacontrols.com/en/contact-us/find-a-global-partner/,medium,"Operates in 15+ European countries including Austria, Czech Republic, France, Germany, Italy, Spain, Sweden with subsidiaries and agents"
PACRAFT Europe GmbH,pacraft-eu.com,https://www.linkedin.com/company/pacraft-europe-gmbh,DE,OEM,none,direct,0,0,-,high,Direct sales model from Düsseldorf HQ; no dealer network found
Munters,munters.com,https://www.linkedin.com/company/munters,SE,OEM,hvac,mixed,150,25,https://www.munters.com/en-gb/contact/,medium,"Regional offices in Belgium, Netherlands, Spain; local teams UK"
Kumera,kumera.com,https://www.linkedin.com/company/kumera,FI,OEM,flow_hydraulics,mixed,50,8,-,medium,"EU Industrial Components, Industrial-Gearbox, GBS services as distributors"
Volkswagen Nyttekjøretøy Norge,volkswagen.no,https://www.linkedin.com/company/volkswagen-nyttekj%c3%b8ret%c3%b8y-norge,NO,OEM,trucks_bodies,independent_dealers,15,8,https://www.volkswagen.no/no/bilforhandler-bilverksted/,high,"VW Norway official dealer locator lists Møller, Sveen, Nesbyen, Gumpens dealers"
AEP Plantations,angloeastern.co.uk,https://www.linkedin.com/company/aep-plc,GB,OTHER,none,unknown,0,0,-,high,"Palm oil plantation company, not equipment manufacturer"
HUMMEL AG,hummel.com,https://www.linkedin.com/company/hummel-ag,DE,OEM,hvac,mixed,80,15,-,medium,9 foreign subsidiaries; distributors in major European countries noted
Wolong-ATB Group EMEA Regional Headquarter,wolong-electric.com,https://www.linkedin.com/company/wolongatb-emea-headquarter,DE,OEM,power_equipment,mixed,120,20,-,medium,"ATB Motors NL distributes; subsidiaries in Germany, UK, Poland, Serbia, Austria"
Merriott UK,merriottuk.com,https://www.linkedin.com/company/merriott-uk,GB,OEM,hvac,direct,0,0,-,high,Direct manufacturer; no dealer network; direct sales model confirmed
ABF,abf.store,https://www.linkedin.com/company/abf-gotit,NL,DEALER,none,mixed,5,1,-,medium,Wholesale distributor of electrical/components; limited location info found
Bosch Commercial and Industrial UK,bosch-industrial.co.uk,https://www.linkedin.com/company/bosch-commercial-and-industrial-heating-uk,GB,OEM,hvac,direct,0,0,-,high,Bosch subsidiary; direct sales model; contact Sales Manager for quotes
FISCHER Spindle Group AG,fischerspindle.com,https://www.linkedin.com/company/fischer-spindle-group-ag,CH,OEM,power_equipment,direct,20,5,-,low,5 worldwide locations; service partners globally; no specific dealer locator
Riello Italia,riello.it,https://www.linkedin.com/company/riello-italia,IT,OEM,hvac,independent_dealers,200,45,https://www.riello.com/international/choose-your-country/,high,Riello Italia dealer locator available; sales agency network across Europe
Einböck,einboeck.at,https://www.linkedin.com/company/einboeck,AT,OEM,construction_ag,independent_dealers,35,12,https://www.einboeck.at/en/partner-search/,high,"Partner search shows dealers in Norway, Italy, Switzerland, Luxembourg, Slovakia"
Willi Elbe Group,willielbegroup.de,https://www.linkedin.com/company/willi-elbe-group,DE,OEM,trucks_bodies,unknown,0,0,-,low,Makes steering/articulated shafts; no dealer network info found
Höcker Polytechnik GmbH,hoecker-polytechnik.de,https://www.linkedin.com/company/h-cker-polytechnik-gmbh,DE,OEM,power_equipment,mixed,40,8,-,medium,"Distributors in Poland, Russia, Switzerland; subsidiaries in Europe"
RUTHMANN Holdings GmbH,ruthmann.de,https://www.linkedin.com/company/ruthmann,DE,OEM,construction_ag,mixed,25,8,https://ruthmann.de/en/distribution/,medium,11 factory service stations + 13 service points in DE/AT/FR/IT/CH; Versalift UK for UK/Ireland distribution
Konecranes,konecranes.com,https://www.linkedin.com/company/konecranes,FI,OEM,material_handling,mixed,50,15,https://www.konecranes.com/geographic-presence,medium,"6 UK branches; distributors across Lithuania, Estonia, Latvia, Ireland, Netherlands, Germany, Poland, Belgium, Spain, Denmark"
Ferroli Group,ferroli.com,https://www.linkedin.com/company/ferroli-group,IT,OEM,hvac,independent_dealers,100,50,https://ferroli.com/en/company,low,Operates in 12 countries with ~2500 employees; global distributor network but specific count not disclosed
Andrews Sykes Group plc,andrews-sykes.com,https://www.linkedin.com/company/andrews-sykes,GB,OTHER,none,direct,0,0,-,high,"Operates 30+ own depots in UK/Ireland; equipment rental company with direct service model, no independent dealer network"
Xcmg Access European Division,-,https://www.linkedin.com/company/xcmg-mewp-european-division,DE,OEM,construction_ag,mixed,10,5,https://xcmgglobal.com/service/service-outlets.htm,low,"European HQ in Krefeld Germany; actively seeking dealers in Germany, Austria, Switzerland, Benelux; relatively new to Europe"
Atlantic France,atlantic-pros.fr,https://www.linkedin.com/company/atlanticfrance,FR,OEM,hvac,independent_dealers,30,15,https://atlantic-pros.fr,medium,"13 industrial sites in France; 100,000+ registered professionals on platform; operates in 10 countries"
Olitrem - Indústria de Refrigeração,olitrem.com,https://www.linkedin.com/company/olitrem-sa,PT,OEM,hvac,independent_dealers,15,8,-,low,Present in 30+ countries on 3 continents; no specific dealer locator or count found on website
I.M.M. Hydraulics S.P.A,imm-hydraulics.it,https://www.linkedin.com/company/imm-hydraulics-s-p-a,IT,OEM,flow_hydraulics,independent_dealers,25,8,-,medium,"Part of Interpump Fluid Solutions; branches in France, Germany, Italy, UK, South Africa; 5 UK locations; no public locator found"
Pektron,pektron.com,https://www.linkedin.com/company/pektron,GB,OEM,hvac,unknown,0,0,-,low,"Electronics supplier for HVAC controls; no dealer locator, distributor info, or channel details found on website"
MACHINERY,machinery.co.uk,https://www.linkedin.com/company/machinerymagazine,GB,OTHER,none,unknown,0,0,-,high,"MACHINERY is a publishing company (machinery.co.uk), not an equipment manufacturer or dealer"
Space Engineering Services Limited,space-engineering.co.uk,https://www.linkedin.com/company/space-engineering-services-limited,GB,OTHER,none,direct,0,0,-,high,"Service provider and systems integrator based in Bristol; offers direct end-to-end solutions, no independent dealer network"
AIRTEC Pneumatic GmbH,airtec.de,https://www.linkedin.com/company/airtec-pneumatic,DE,OEM,flow_hydraulics,independent_dealers,25,10,https://www.airtec.de/en/contact/distribution-partner-Europe.html,medium,"Listed distributors in Austria, Benelux, Belgium, Bulgaria, Croatia, Denmark, France, Greece, Poland, Romania"
Verwater Group B.V.,verwater.com,https://www.linkedin.com/company/verwater,NL,OTHER,none,direct,0,0,-,high,"Contractor and service provider with workshops in Netherlands, Belgium, Germany, Estonia; no independent dealer network"
RuB Inc.,rubinc.com,https://www.linkedin.com/company/rub-valves-inc-,IT,OEM,flow_hydraulics,unknown,0,0,-,low,Manufactures valves and actuators; B2B supplier to major manufacturers; no dealer locator or distributor network found
EFI Automotive,efiautomotive.com,https://www.linkedin.com/company/electricfil-automotive,FR,OEM,none,unknown,0,0,-,high,Tier 1 automotive supplier; supplies directly to OEMs and aftermarket; no dealer/distributor channel for end customers
AMER S.P.A.,amer.it,https://www.linkedin.com/company/amer-s.p.a.,IT,OEM,power_equipment,direct,0,0,-,high,"No dealer/distributor network found on website. Direct OEM supplier (motors, gearbox systems)."
limoss GmbH & Co. KG,limoss.de,https://www.linkedin.com/company/limoss-gmbh-co-kg,DE,OEM,power_equipment,direct,0,0,-,high,No dealer locator or distributor info on website. Direct OEM of drive systems.
VETTER Forks,forks.com,https://www.linkedin.com/company/vetter-industrie-gmbh,DE,OEM,material_handling,unknown,0,0,-,medium,"Forklift forks manufacturer, no dealer locator found. Contact form available but no dealer model clarified."
Hayward Tyler,haywardtyler.com,https://www.linkedin.com/company/hayward-tyler,GB,OEM,flow_hydraulics,direct,0,0,-,high,OEM pumps/motors supplier with direct offices in Luton and Glasgow. No dealer network mentioned.
Woelm GmbH – HELM und KWS,woelm.de,https://www.linkedin.com/company/woelm-gmbh,DE,OEM,none,unknown,0,0,-,low,Hardware/conveyor systems manufacturer. No dealer info found. Would need direct contact.
VCST,vcst.com,https://www.linkedin.com/company/vcst,BE,OTHER,power_equipment,direct,0,0,-,high,"Component supplier (powertrain/brake parts) for automotive OEMs. B2B direct model, no dealer network."
Metabo Belgium,metabo.be,https://www.linkedin.com/company/metabo-belgium,BE,OEM,power_equipment,independent_dealers,50,50,https://www.metabo.com/storefinder/,medium,Has dealer locator. Operates in 25 subsidiaries worldwide. No published Europe/Belgium-specific dealer count found.
Tyco SimplexGrinnell,tycosimplexgrinnell.com,https://www.linkedin.com/company/simplexgrinnell,IE,OEM,hvac,independent_dealers,25,25,-,low,Fire protection/HVAC systems via Johnson Controls. Autocall markets to independent dealers. No Europe dealer count published.
Junttan,junttan.com,https://www.linkedin.com/company/junttan,FI,OEM,construction_ag,direct,0,0,-,high,"Piling equipment OEM with own regional offices (Central Europe, UK, Scandinavia). Direct sales model, no independent dealers."
Vortice S.p.A,vortice.com,https://www.linkedin.com/company/vortice-spa,IT,OEM,hvac,independent_dealers,100,100,https://www.vortice.com,low,Ventilation OEM with 'Find distributor' feature. Operates through 100+ business partners globally in 90+ countries. Specific EU/UK count not published.
Brunvoll AS,brunvoll.no,https://www.linkedin.com/company/brunvoll-as,NO,OEM,none,independent_dealers,20,20,-,low,Maritime propulsion OEM with 'Global Agent Network'. No specific Europe/UK dealer count published.
Ast Sealing,astsealing.com,https://www.linkedin.com/company/ast-sealing,DE,OEM,flow_hydraulics,direct,0,0,-,high,"Sealing components OEM supplying 18 global OEM brands. B2B model, exports to 35 countries. No independent dealer network."
EUROTRANCIATURA S.P.A.,euro-group.it,https://www.linkedin.com/company/eurotranciatura-s.p.a.,IT,OEM,power_equipment,direct,0,0,-,high,"Metal stamping/laminations OEM for electrical machinery. B2B supplier, no dealer/distributor network visible."
BizLink Factory Automation & Machinery,bizlinktech.com,https://www.linkedin.com/company/bizlink-factory-automation-machinery,DE,OEM,none,direct,0,0,-,medium,Interconnect/connector OEM with emphasis on direct customer service. No dealer locator found on website.
Kranbau Koethen GmbH,kranbau.de,https://www.linkedin.com/company/kranbau-k%c3%b6then-gmbh,DE,OEM,material_handling,direct,0,0,-,high,"Custom crane manufacturer handling engineering, manufacturing, installation, and service in-house. No dealer network."
